Machinery & Equipment,Agricultural Machinery & Equipment,Agricultural Machinery Parts,
Machinery & Equipment,Agricultural Machinery & Equipment,Agricultural Sprayer,
Machinery & Equipment,Agricultural Machinery & Equipment,Animal & Poultry Husbandry Equipmen,
Machinery & Equipment,Agricultural Machinery & Equipment,Aquaculture Machine Aerators,
Machinery & Equipment,Agricultural Machinery & Equipment,Balers,
Machinery & Equipment,Agricultural Machinery & Equipment,Biomass Briquette Machines,
Machinery & Equipment,Agricultural Machinery & Equipment,Biomass Dryers,
Machinery & Equipment,Agricultural Machinery & Equipment,Compost Making Machines,
Machinery & Equipment,Agricultural Machinery & Equipment,Cultivators,
Machinery & Equipment,Agricultural Machinery & Equipment,Egg Incubators,
Machinery & Equipment,Agricultural Machinery & Equipment,Farm Irrigation System,
Machinery & Equipment,Agricultural Machinery & Equipment,Farm Trailer,
Machinery & Equipment,Agricultural Machinery & Equipment,Feed Processing Machines,
Machinery & Equipment,Agricultural Machinery & Equipment,Fertilizer Spreaders,
Machinery & Equipment,Agricultural Machinery & Equipment,Forestry Machinery,
Machinery & Equipment,Agricultural Machinery & Equipment,Harvesters,
Machinery & Equipment,Agricultural Machinery & Equipment,Irrigation & Hydroponics Equipment,
Machinery & Equipment,Agricultural Machinery & Equipment,Milking Machines,
Machinery & Equipment,Agricultural Machinery & Equipment,Oil Pressers,
Machinery & Equipment,Agricultural Machinery & Equipment,Other Agricultural Machinery & Equipments,
Machinery & Equipment,Agricultural Machinery & Equipment,Other Farm Machines,
Machinery & Equipment,Agricultural Machinery & Equipment,Seed Processing Machines,
Machinery & Equipment,Agricultural Machinery & Equipment,Seeders,
Machinery & Equipment,Agricultural Machinery & Equipment,Shellers,
Machinery & Equipment,Agricultural Machinery & Equipment,Silos,
Machinery & Equipment,Agricultural Machinery & Equipment,Slaughtering Equipment,
Machinery & Equipment,Agricultural Machinery & Equipment,Towable Backhoe,
Machinery & Equipment,Agricultural Machinery & Equipment,Tractors,
Machinery & Equipment,Engineering & Construction Machinery,Concrete Machinery,Concrete Batching Plant
Machinery & Equipment,Engineering & Construction Machinery,Concrete Machinery,Concrete Mixer Truck
Machinery & Equipment,Engineering & Construction Machinery,Concrete Machinery,Concrete Mixers
Machinery & Equipment,Engineering & Construction Machinery,Concrete Machinery,Concrete Pumps
Machinery & Equipment,Engineering & Construction Machinery,Concrete Machinery,Concrete Spreader
Machinery & Equipment,Engineering & Construction Machinery,Concrete Machinery,Concrete Vibrator
Machinery & Equipment,Engineering & Construction Machinery,Concrete Machinery,Other Concrete Machinery
Machinery & Equipment,Engineering & Construction Machinery,Concrete Machinery,Shotcrete Machines
Machinery & Equipment,Engineering & Construction Machinery,Construction Lifter,
Machinery & Equipment,Engineering & Construction Machinery,Construction Machinery Attachments,Bucket
Machinery & Equipment,Engineering & Construction Machinery,Construction Machinery Attachments,Earth Augers
Machinery & Equipment,Engineering & Construction Machinery,Construction Machinery Attachments,Excavator Rakes
Machinery & Equipment,Engineering & Construction Machinery,Construction Machinery Attachments,Grapples
Machinery & Equipment,Engineering & Construction Machinery,Construction Machinery Attachments,Hydraulic Breakers
Machinery & Equipment,Engineering & Construction Machinery,Construction Machinery Attachments,Hydraulic Shears
Machinery & Equipment,Engineering & Construction Machinery,Construction Machinery Attachments,Other Construcion Machinery Attachments
Machinery & Equipment,Engineering & Construction Machinery,Construction Machinery Attachments,Quick Hitch
Machinery & Equipment,Engineering & Construction Machinery,Construction Machinery Attachments,Rippers
Machinery & Equipment,Engineering & Construction Machinery,Construction Machinery Parts,
Machinery & Equipment,Engineering & Construction Machinery,Cranes,Bridge Cranes
Machinery & Equipment,Engineering & Construction Machinery,Cranes,Floating Cranes
Machinery & Equipment,Engineering & Construction Machinery,Cranes,Gantry Cranes
Machinery & Equipment,Engineering & Construction Machinery,Cranes,Jib Cranes
Machinery & Equipment,Engineering & Construction Machinery,Cranes,Oher Cranes
Machinery & Equipment,Engineering & Construction Machinery,Cranes,Portal Cranes
Machinery & Equipment,Engineering & Construction Machinery,Cranes,Tower Cranes
Machinery & Equipment,Engineering & Construction Machinery,Cranes,Truck Cranes
Machinery & Equipment,Engineering & Construction Machinery,Earth Moving Machinery,Bulldozers
Machinery & Equipment,Engineering & Construction Machinery,Earth Moving Machinery,Compactors
Machinery & Equipment,Engineering & Construction Machinery,Earth Moving Machinery,Excavators
Machinery & Equipment,Engineering & Construction Machinery,Earth Moving Machinery,Loaders
Machinery & Equipment,Engineering & Construction Machinery,Earth Moving Machinery,Othery Earth-Moving Machinery
Machinery & Equipment,Engineering & Construction Machinery,Mortar Spray Machines,
Machinery & Equipment,Engineering & Construction Machinery,Municipal Machinery,Garbage Truck
Machinery & Equipment,Engineering & Construction Machinery,Municipal Machinery,Hydroseeding Machines
Machinery & Equipment,Engineering & Construction Machinery,Municipal Machinery,Other Municpal & Environmental Machinery
Machinery & Equipment,Engineering & Construction Machinery,Municipal Machinery,Road Sweeper
Machinery & Equipment,Engineering & Construction Machinery,Municipal Machinery,Snow Sweeper
Machinery & Equipment,Engineering & Construction Machinery,Municipal Machinery,Watering Cart
Machinery & Equipment,Engineering & Construction Machinery,Other Construction Machinery,
Machinery & Equipment,Engineering & Construction Machinery,Pile Driver,
Machinery & Equipment,Engineering & Construction Machinery,Pipe Jacking MAchines,
Machinery & Equipment,Engineering & Construction Machinery,Rammers,
Machinery & Equipment,Engineering & Construction Machinery,Rendering Machines,
Machinery & Equipment,Engineering & Construction Machinery,Road Machinery,Asphalt Mixers
Machinery & Equipment,Engineering & Construction Machinery,Road Machinery,Concrete Cutter
Machinery & Equipment,Engineering & Construction Machinery,Road Machinery,Concrete Grinder
Machinery & Equipment,Engineering & Construction Machinery,Road Machinery,Concrete Sacrifier
Machinery & Equipment,Engineering & Construction Machinery,Road Machinery,Motor Graders
Machinery & Equipment,Engineering & Construction Machinery,Road Machinery,Other Road Machinery
Machinery & Equipment,Engineering & Construction Machinery,Road Machinery,Pavers
Machinery & Equipment,Engineering & Construction Machinery,Road Machinery,Power Towel
Machinery & Equipment,Engineering & Construction Machinery,Road Machinery,Road Grooving Machines
Machinery & Equipment,Engineering & Construction Machinery,Road Machinery,Roa Marking Machines
Machinery & Equipment,Engineering & Construction Machinery,Road Machinery,Road Roller
Machinery & Equipment,Engineering & Construction Machinery,Road Machinery,Road Sealing Machines
Machinery & Equipment,Food & Beverage Machinery,Baking Equipment,Baking Oven
Machinery & Equipment,Food & Beverage Machinery,Baking Equipment,Bread making machine
Machinery & Equipment,Food & Beverage Machinery,Baking Equipment,Cake machine
Machinery & Equipment,Food & Beverage Machinery,Baking Equipment,Dough mixer
Machinery & Equipment,Food & Beverage Machinery,Baking Equipment,Dough sheeter
Machinery & Equipment,Food & Beverage Machinery,Baking Equipment,Other Baking Equipments
Machinery & Equipment,Food & Beverage Machinery,Bean Product Processing Machinery,
Machinery & Equipment,Food & Beverage Machinery,Beverage Processing Machinery,Beverage Machine Parts
Machinery & Equipment,Food & Beverage Machinery,Beverage Processing Machinery,Concentrator
Machinery & Equipment,Food & Beverage Machinery,Beverage Processing Machinery,Dispensing Machines
Machinery & Equipment,Food & Beverage Machinery,Beverage Processing Machinery,Emulsifier
Machinery & Equipment,Food & Beverage Machinery,Beverage Processing Machinery,Fermenting Equipment
Machinery & Equipment,Food & Beverage Machinery,Beverage Processing Machinery,Filter
Machinery & Equipment,Food & Beverage Machinery,Beverage Processing Machinery,Heat Exchanger
Machinery & Equipment,Food & Beverage Machinery,Beverage Processing Machinery,Homogenizer
Machinery & Equipment,Food & Beverage Machinery,Beverage Processing Machinery,Juice Extractor
Machinery & Equipment,Food & Beverage Machinery,Beverage Processing Machinery,Mixer
Machinery & Equipment,Food & Beverage Machinery,Beverage Processing Machinery,Other beverage Machines
Machinery & Equipment,Food & Beverage Machinery,Beverage Processing Machinery,Separator
Machinery & Equipment,Food & Beverage Machinery,Beverage Processing Machinery,Sterilizer
Machinery & Equipment,Food & Beverage Machinery,Beverage Processing Machinery,Storage Tank
Machinery & Equipment,Food & Beverage Machinery,Beverage Processing Machinery,Wahser
Machinery & Equipment,Food & Beverage Machinery,Coffee Machine,Coffe Bean Grinders
Machinery & Equipment,Food & Beverage Machinery,Coffee Machine,Coffee Bean Roasters
Machinery & Equipment,Food & Beverage Machinery,Coffee Machine,Coffee Making Equipment
Machinery & Equipment,Food & Beverage Machinery,Coffee Machine,Other Coffe Machines
Machinery & Equipment,Food & Beverage Machinery,Dairy Processing Machines,
Machinery & Equipment,Food & Beverage Machinery,Fish Processing Machines,
Machinery & Equipment,Food & Beverage Machinery,Food Processing Machinery Parts,
Machinery & Equipment,Food & Beverage Machinery,Food Sterlizer,
Machinery & Equipment,Food & Beverage Machinery,Fruit & Vegetable Processing Machines,Fruit & Vegetable juicer machine
Machinery & Equipment,Food & Beverage Machinery,Fruit & Vegetable Processing Machines,Fruit & Vegetable peeling machine
Machinery & Equipment,Food & Beverage Machinery,Fruit & Vegetable Processing Machines,Fruit & Vegetable washing equipments
Machinery & Equipment,Food & Beverage Machinery,Fruit & Vegetable Processing Machines,Fruit & Vegetable Grading machine
Machinery & Equipment,Food & Beverage Machinery,Fruit & Vegetable Processing Machines,Other Fruit & Vegetable machines
Machinery & Equipment,Food & Beverage Machinery,Fruit & Vegetable Processing Machines,Vegetable cutter
Machinery & Equipment,Food & Beverage Machinery,Fryer,
Machinery & Equipment,Food & Beverage Machinery,Grain  Processing Machinery,Flour Mill
Machinery & Equipment,Food & Beverage Machinery,Grain  Processing Machinery,Other Grain Processing Machinery
Machinery & Equipment,Food & Beverage Machinery,Grain  Processing Machinery,Peeling Mill
Machinery & Equipment,Food & Beverage Machinery,Grain  Processing Machinery,Rice Mill
Machinery & Equipment,Food & Beverage Machinery,Grain Product Making Machines,
Machinery & Equipment,Food & Beverage Machinery,Honey Processing Machines,
Machinery & Equipment,Food & Beverage Machinery,Kitchen Machines,
Machinery & Equipment,Food & Beverage Machinery,Meat Processing Machinery,Meat Bowl Cutter
Machinery & Equipment,Food & Beverage Machinery,Meat Processing Machinery,Meat Mincer
Machinery & Equipment,Food & Beverage Machinery,Meat Processing Machinery,Meat Mixer
Machinery & Equipment,Food & Beverage Machinery,Meat Processing Machinery,Meat Slicer
Machinery & Equipment,Food & Beverage Machinery,Meat Processing Machinery,Other Meat Processing Machinery
Machinery & Equipment,Food & Beverage Machinery,Meat Processing Machinery,Sausage Stuffer
Machinery & Equipment,Food & Beverage Machinery,Meat Production Making Machines,
Machinery & Equipment,Food & Beverage Machinery,Nuts Processing Machines,Cashew processing machines
Machinery & Equipment,Food & Beverage Machinery,Nuts Processing Machines,Cocoa processing machines
Machinery & Equipment,Food & Beverage Machinery,Nuts Processing Machines,Other nuts processing machines
Machinery & Equipment,Food & Beverage Machinery,Other Food Processing Machines,
Machinery & Equipment,Food & Beverage Machinery,Pasteurizer,
Machinery & Equipment,Food & Beverage Machinery,Pet Food Processing Machines,
Machinery & Equipment,Food & Beverage Machinery,Seasoning Processing Machines,Other seasoning processing machines
Machinery & Equipment,Food & Beverage Machinery,Seasoning Processing Machines,Peanut butter making machine
Machinery & Equipment,Food & Beverage Machinery,Seasoning Processing Machines,Spice & Sauce Machines
Machinery & Equipment,Food & Beverage Machinery,Seasoning Processing Machines,Sugar & Salt Processing Machines
Machinery & Equipment,Snack Machines,Biscuit making machine,
Machinery & Equipment,Snack Machines,Chocolate making machine,
Machinery & Equipment,Snack Machines,Churros machine,
Machinery & Equipment,Snack Machines,Cotton candy machine,
Machinery & Equipment,Snack Machines,Donut machine,
Machinery & Equipment,Snack Machines,Food truck,
Machinery & Equipment,Snack Machines,Ice cream machine,
Machinery & Equipment,Snack Machines,Other Snack Machine,
Machinery & Equipment,Snack Machines,Popcorn machine,
Machinery & Equipment,Snack Machines,Popsicle machine,
Machinery & Equipment,Snack Machines,Potato chips making machine,
Machinery & Equipment,Packaging Machine,Auxiliary Packaing Machines,
Machinery & Equipment,Packaging Machine,Blister Packahing Machines,
Machinery & Equipment,Packaging Machine,Boxing Machines,
Machinery & Equipment,Packaging Machine,Capping Machines,
Machinery & Equipment,Packaging Machine,Coating MAchines,
Machinery & Equipment,Packaging Machine,Embossing Machines,
Machinery & Equipment,Packaging Machine,Filling MAchines,
Machinery & Equipment,Packaging Machine,Gluing Machines,
Machinery & Equipment,Packaging Machine,Labeling Machines,
Machinery & Equipment,Packaging Machine,Laminating Machines,
Machinery & Equipment,Packaging Machine,Multi-function Packaging Machines,
Machinery & Equipment,Packaging Machine,Other Packaging Machines,
Machinery & Equipment,Packaging Machine,Packaging Forming Machines,
Machinery & Equipment,Packaging Machine,Packaging Line,
Machinery & Equipment,Packaging Machine,Packaging Machinery Parts,
Machinery & Equipment,Packaging Machine,Packaging Mateial Making Machine,Bag Making Machine Parts
Machinery & Equipment,Packaging Machine,Packaging Mateial Making Machine,Bag Making Machines
Machinery & Equipment,Packaging Machine,Packaging Mateial Making Machine,Belt Making Machine Parts
Machinery & Equipment,Packaging Machine,Packaging Mateial Making Machine,Belt Making Machines
Machinery & Equipment,Packaging Machine,Sealing machines,
Machinery & Equipment,Packaging Machine,Vacuum Packing Machines,
Machinery & Equipment,Packaging Machine,Wrapping Machines,
Machinery & Equipment,Plastic & Rubber Processing Machinery,Foam Cutting Machine,
Machinery & Equipment,Plastic & Rubber Processing Machinery,Foam Machinery,
Machinery & Equipment,Plastic & Rubber Processing Machinery,Injection Molding Machine,
Machinery & Equipment,Plastic & Rubber Processing Machinery,Other Plastic & Rubber Machinery,
Machinery & Equipment,Plastic & Rubber Processing Machinery,Other PLastic Product Making Machinery,
Machinery & Equipment,Plastic & Rubber Processing Machinery,Pipe Belling Machines,
Machinery & Equipment,Plastic & Rubber Processing Machinery,Plastic & Rubber Machinery Parts,
Machinery & Equipment,Plastic & Rubber Processing Machinery,Plastic Auxiliary Equipment,Mould Temperature Controller
Machinery & Equipment,Plastic & Rubber Processing Machinery,Plastic Auxiliary Equipment,Other Plastic Auxiliary Equipment
Machinery & Equipment,Plastic & Rubber Processing Machinery,Plastic Auxiliary Equipment,Plastic Winding Machines
Machinery & Equipment,Plastic & Rubber Processing Machinery,Plastic Bowling Machines,Blown Film Production Line
Machinery & Equipment,Plastic & Rubber Processing Machinery,Plastic Bowling Machines,Extrusion Blow Molding Machines
Machinery & Equipment,Plastic & Rubber Processing Machinery,Plastic Bowling Machines,Injection Blow Moulding Machine
Machinery & Equipment,Plastic & Rubber Processing Machinery,Plastic Bowling Machines,Other Plastic Blowing Machines
Machinery & Equipment,Plastic & Rubber Processing Machinery,Plastic Bowling Machines,Stretch Blow Moulding Machines
Machinery & Equipment,Plastic & Rubber Processing Machinery,Plastic Cutting Machines,
Machinery & Equipment,Plastic & Rubber Processing Machinery,Plastic Extruders,
Machinery & Equipment,Plastic & Rubber Processing Machinery,Plastic Flocking Machines,
Machinery & Equipment,Plastic & Rubber Processing Machinery,Plastic Haul-Off Machines,
Machinery & Equipment,Plastic & Rubber Processing Machinery,Plastic Laminating Machines,
Machinery & Equipment,Plastic & Rubber Processing Machinery,Plastic Raw Material Machinery,Plastic Drying Machines
Machinery & Equipment,Plastic & Rubber Processing Machinery,Plastic Raw Material Machinery,Plastic Granulators
Machinery & Equipment,Plastic & Rubber Processing Machinery,Plastic Raw Material Machinery,Plastic Loader
Machinery & Equipment,Plastic & Rubber Processing Machinery,Plastic Raw Material Machinery,Plastic Mixer
Machinery & Equipment,Plastic & Rubber Processing Machinery,Plastic Recycling Machinery,Other Plastic Recycling Machines
Machinery & Equipment,Plastic & Rubber Processing Machinery,Plastic Recycling Machinery,Plastic Crushing Machines
Machinery & Equipment,Plastic & Rubber Processing Machinery,Plastic Recycling Machinery,Recycle Wsahing Line
Machinery & Equipment,Plastic & Rubber Processing Machinery,Plastic Rotational Molding Machine,
Machinery & Equipment,Plastic & Rubber Processing Machinery,Plastic Thermoforming Machines,
Machinery & Equipment,Plastic & Rubber Processing Machinery,Rubber Processing Machinery,Internal Mixers
Machinery & Equipment,Plastic & Rubber Processing Machinery,Rubber Processing Machinery,Other Rubber Processing Machinery
Machinery & Equipment,Plastic & Rubber Processing Machinery,Rubber Processing Machinery,Rubber Bale Cutters
Machinery & Equipment,Plastic & Rubber Processing Machinery,Rubber Processing Machinery,Rubber Calenders
Machinery & Equipment,Plastic & Rubber Processing Machinery,Rubber Processing Machinery,Rubber Extruders
Machinery & Equipment,Plastic & Rubber Processing Machinery,Rubber Processing Machinery,Rubber Kneaders
Machinery & Equipment,Plastic & Rubber Processing Machinery,Rubber Processing Machinery,Rubber two-roll mills
Machinery & Equipment,Plastic & Rubber Processing Machinery,Rubber Product Making Machinery,
Machinery & Equipment,Plastic & Rubber Processing Machinery,Rubber Recycling Machinery,Other Rubber Recycling Machines
Machinery & Equipment,Plastic & Rubber Processing Machinery,Rubber Recycling Machinery,Rubber Pryolysis Machines
Machinery & Equipment,Plastic & Rubber Processing Machinery,Rubber Recycling Machinery,Tire Retread Machines
Machinery & Equipment,Plastic & Rubber Processing Machinery,Rubber Recycling Machinery,Tire Shredders
Machinery & Equipment,Apparel & Textile Machinery,Apparel & Textile Machinery Parts,Apparel Machine Parts
Machinery & Equipment,Apparel & Textile Machinery,Apparel & Textile Machinery Parts,Cap Making Machine Parts
Machinery & Equipment,Apparel & Textile Machinery,Apparel & Textile Machinery Parts,Glove Making Machine Parts
Machinery & Equipment,Apparel & Textile Machinery,Apparel & Textile Machinery Parts,Home Textile Product Machine Parts
Machinery & Equipment,Apparel & Textile Machinery,Apparel & Textile Machinery Parts,Leather Production Machine Parts
Machinery & Equipment,Apparel & Textile Machinery,Apparel & Textile Machinery Parts,Shoemaking Machine Parts
Machinery & Equipment,Apparel & Textile Machinery,Apparel & Textile Machinery Parts,Sock Knitting Machine Parts
Machinery & Equipment,Apparel & Textile Machinery,Apparel & Textile Machinery Parts,Textile Machine Parts
Machinery & Equipment,Apparel & Textile Machinery,Apparel Machinery,Button Making Machines
Machinery & Equipment,Apparel & Textile Machinery,Apparel Machinery,Buttonhole Machines
Machinery & Equipment,Apparel & Textile Machinery,Apparel Machinery,Embroidery Machines
Machinery & Equipment,Apparel & Textile Machinery,Apparel Machinery,Industrial Garment Press Machine
Machinery & Equipment,Apparel & Textile Machinery,Apparel Machinery,Industrial Garment Steamers
Machinery & Equipment,Apparel & Textile Machinery,Apparel Machinery,Lace Machines
Machinery & Equipment,Apparel & Textile Machinery,Apparel Machinery,Other Apparel Machines
Machinery & Equipment,Apparel & Textile Machinery,Apparel Machinery,Overlockers
Machinery & Equipment,Apparel & Textile Machinery,Apparel Machinery,Rhinestone Machines
Machinery & Equipment,Apparel & Textile Machinery,Apparel Machinery,Sewing Machines
Machinery & Equipment,Apparel & Textile Machinery,Apparel Machinery,Zipper Making Machines
Machinery & Equipment,Apparel & Textile Machinery,Cap Making Machines,
Machinery & Equipment,Apparel & Textile Machinery,Glove Making Machines,
Machinery & Equipment,Apparel & Textile Machinery,Home Textile Product Machinery,Felting Machines
Machinery & Equipment,Apparel & Textile Machinery,Home Textile Product Machinery,Other Home Textile Product Machines
Machinery & Equipment,Apparel & Textile Machinery,Home Textile Product Machinery,Quilting Machines
Machinery & Equipment,Apparel & Textile Machinery,Home Textile Product Machinery,Towel Making Machines
Machinery & Equipment,Apparel & Textile Machinery,Ironing & Washing Equipments,Drying Equipments
Machinery & Equipment,Apparel & Textile Machinery,Ironing & Washing Equipments,Ironing & Washing Equipment Parts
Machinery & Equipment,Apparel & Textile Machinery,Ironing & Washing Equipments,Ironing Equipments
Machinery & Equipment,Apparel & Textile Machinery,Ironing & Washing Equipments,Other Ironing & Washing Equipments
Machinery & Equipment,Apparel & Textile Machinery,Ironing & Washing Equipments,Washing Equipments
Machinery & Equipment,Apparel & Textile Machinery,Leather Production Machinery,
Machinery & Equipment,Apparel & Textile Machinery,Shoe Making Machines,Heel Seat Machines
Machinery & Equipment,Apparel & Textile Machinery,Shoe Making Machines,Heel nailing Machines
Machinery & Equipment,Apparel & Textile Machinery,Shoe Making Machines,Lamination Machines
Machinery & Equipment,Apparel & Textile Machinery,Shoe Making Machines,Other Shoemaking Machines
Machinery & Equipment,Apparel & Textile Machinery,Shoe Making Machines,Shoe Cementing Machines
Machinery & Equipment,Apparel & Textile Machinery,Shoe Making Machines,Shoe Eyeleting Machines
Machinery & Equipment,Apparel & Textile Machinery,Shoe Making Machines,Shoe Moulding Machines
Machinery & Equipment,Apparel & Textile Machinery,Shoe Making Machines,Sock Knitting Machines
Machinery & Equipment,Apparel & Textile Machinery,Shoe Making Machines,Sole Press Machines
Machinery & Equipment,Apparel & Textile Machinery,Shoe Making Machines,Toe Lasting Machines
Machinery & Equipment,Apparel & Textile Machinery,Textile Machinery,Bleaching Machines
Machinery & Equipment,Apparel & Textile Machinery,Textile Machinery,Braiding Machines
Machinery & Equipment,Apparel & Textile Machinery,Textile Machinery,Carding Machines
Machinery & Equipment,Apparel & Textile Machinery,Textile Machinery,Cloth Cutting Machines
Machinery & Equipment,Apparel & Textile Machinery,Textile Machinery,Knitting Machines
Machinery & Equipment,Apparel & Textile Machinery,Textile Machinery,Mask Making Machines
Machinery & Equipment,Apparel & Textile Machinery,Textile Machinery,Net Machines
Machinery & Equipment,Apparel & Textile Machinery,Textile Machinery,Nonwoven Machines
Machinery & Equipment,Apparel & Textile Machinery,Textile Machinery,Other Textile Machines
Machinery & Equipment,Apparel & Textile Machinery,Textile Machinery,Spinning Machines
Machinery & Equipment,Apparel & Textile Machinery,Textile Machinery,Textile Dyeing Machines
Machinery & Equipment,Apparel & Textile Machinery,Textile Machinery,Textile Finishing Machines
Machinery & Equipment,Apparel & Textile Machinery,Textile Machinery,Textile Raw Material Machines
Machinery & Equipment,Apparel & Textile Machinery,Textile Machinery,Textile Tester
Machinery & Equipment,Apparel & Textile Machinery,Textile Machinery,Weaving Machines
Machinery & Equipment,Apparel & Textile Machinery,Textile Machinery,Winding Machines
Machinery & Equipment,Building Material Machinery,Board Making Machinery,
Machinery & Equipment,Building Material Machinery,Brick Making Machinery,
Machinery & Equipment,Building Material Machinery,Building Material Making Machinery Parts,
Machinery & Equipment,Building Material Machinery,Cement Making Machinery,
Machinery & Equipment,Building Material Machinery,Dry Mortar Machines,
Machinery & Equipment,Building Material Machinery,Duct Making Machines,
Machinery & Equipment,Building Material Machinery,Floorboard Making Machinery,
Machinery & Equipment,Building Material Machinery,Glass Production Machinery,Glass Machinery Parts
Machinery & Equipment,Building Material Machinery,Glass Production Machinery,Glass Processing Machinery
Machinery & Equipment,Building Material Machinery,Glass Production Machinery,Glass Product Making Machinery
Machinery & Equipment,Building Material Machinery,Gypsum Powder Machines,
Machinery & Equipment,Building Material Machinery,Other Construction Material Making Machinery,
Machinery & Equipment,Building Material Machinery,Pipe Making Machinery,
Machinery & Equipment,Building Material Machinery,Plaster of Paris Machines,
Machinery & Equipment,Building Material Machinery,Sand Making Machinery,
Machinery & Equipment,Building Material Machinery,Steel Frame & Purlin Machines,
Machinery & Equipment,Building Material Machinery,Stone Machinery,
Machinery & Equipment,Building Material Machinery,Tile Making Machinery,
Machinery & Equipment,Building Material Machinery,Window and Door Making Machine,
Machinery & Equipment,Chemical & Pharmaceutical Machinery,Chemical Machinery & Equipment,Chemical Machine Parts
Machinery & Equipment,Chemical & Pharmaceutical Machinery,Chemical Machinery & Equipment,Chemical Storage Equipment
Machinery & Equipment,Chemical & Pharmaceutical Machinery,Chemical Machinery & Equipment,Chemical Transportation Equipment
Machinery & Equipment,Chemical & Pharmaceutical Machinery,Chemical Machinery & Equipment,Drying Equipment
Machinery & Equipment,Chemical & Pharmaceutical Machinery,Chemical Machinery & Equipment,Granulators
Machinery & Equipment,Chemical & Pharmaceutical Machinery,Chemical Machinery & Equipment,Grinding Equipment
Machinery & Equipment,Chemical & Pharmaceutical Machinery,Chemical Machinery & Equipment,Heat Transfer Equipment
Machinery & Equipment,Chemical & Pharmaceutical Machinery,Chemical Machinery & Equipment,Mixing Equipment
Machinery & Equipment,Chemical & Pharmaceutical Machinery,Chemical Machinery & Equipment,Other Chemical Equipment
Machinery & Equipment,Chemical & Pharmaceutical Machinery,Chemical Machinery & Equipment,Pressure Vessels
Machinery & Equipment,Chemical & Pharmaceutical Machinery,Chemical Machinery & Equipment,Reactors
Machinery & Equipment,Chemical & Pharmaceutical Machinery,Chemical Machinery & Equipment,Separation Equipment
Machinery & Equipment,Chemical & Pharmaceutical Machinery,Cosmetics Production Equipment,
Machinery & Equipment,Chemical & Pharmaceutical Machinery,Crystalizer,
Machinery & Equipment,Chemical & Pharmaceutical Machinery,Pharmaceutical Machinery,Capsule Filling Machines
Machinery & Equipment,Chemical & Pharmaceutical Machinery,Pharmaceutical Machinery,Capsule Polisher
Machinery & Equipment,Chemical & Pharmaceutical Machinery,Pharmaceutical Machinery,Extractor
Machinery & Equipment,Chemical & Pharmaceutical Machinery,Pharmaceutical Machinery,Film Coating Machines
Machinery & Equipment,Chemical & Pharmaceutical Machinery,Pharmaceutical Machinery,Other Pharmaceutical Machines
Machinery & Equipment,Chemical & Pharmaceutical Machinery,Pharmaceutical Machinery,Pharmaceutical Filling Machines
Machinery & Equipment,Chemical & Pharmaceutical Machinery,Pharmaceutical Machinery,Pharmaceutical Machine Parts
Machinery & Equipment,Chemical & Pharmaceutical Machinery,Pharmaceutical Machinery,Pharmaceutical Packaging Machines
Machinery & Equipment,Chemical & Pharmaceutical Machinery,Pharmaceutical Machinery,Soft Gelatin Encapsulation Machines
Machinery & Equipment,Chemical & Pharmaceutical Machinery,Pharmaceutical Machinery,Tablet Counter
Machinery & Equipment,Chemical & Pharmaceutical Machinery,Pharmaceutical Machinery,Tablet Press
Machinery & Equipment,Cleaning Equipment,Air Cleaning Equipment,Air Cleaning Equipment Parts
Machinery & Equipment,Cleaning Equipment,Air Cleaning Equipment,Air Shower
Machinery & Equipment,Cleaning Equipment,Air Cleaning Equipment,Dehumidifier
Machinery & Equipment,Cleaning Equipment,Air Cleaning Equipment,Humidifier
Machinery & Equipment,Cleaning Equipment,Air Cleaning Equipment,Other Air Cleaning Equipment
Machinery & Equipment,Cleaning Equipment,Cleaning Equipment Parts,
Machinery & Equipment,Cleaning Equipment,Corner Cleaning Machines,
Machinery & Equipment,Cleaning Equipment,Disinfecting Equipment,
Machinery & Equipment,Cleaning Equipment,Filtration Equipment,Air Filter
Machinery & Equipment,Cleaning Equipment,Filtration Equipment,Dust Collector
Machinery & Equipment,Cleaning Equipment,Filtration Equipment,Filter Press Equipment
Machinery & Equipment,Cleaning Equipment,Filtration Equipment,Machine Oil Filter
Machinery & Equipment,Cleaning Equipment,Filtration Equipment,Machine Oil Purifier
Machinery & Equipment,Cleaning Equipment,Filtration Equipment,Other Industrial Filtration Equipment
Machinery & Equipment,Cleaning Equipment,Filtration Equipment,Water Filter
Machinery & Equipment,Cleaning Equipment,Filtration Equipment,Floor Sweeper
Machinery & Equipment,Cleaning Equipment,Filtration Equipment,High Pressure Cleaner
Machinery & Equipment,Cleaning Equipment,Filtration Equipment,Industrial Ultrasonic Cleaner
Machinery & Equipment,Cleaning Equipment,Filtration Equipment,Other Cleaning Equipment
Machinery & Equipment,Cleaning Equipment,Filtration Equipment,Vacuum Cleaner
Machinery & Equipment,Cleaning Equipment,Filtration Equipment,Washing Equipment
Machinery & Equipment,Electric Equipment Making Machinery,Busbar Machine,
Machinery & Equipment,Electric Equipment Making Machinery,Transformer Making Equipment,CRGO Cut to Length Machine
Machinery & Equipment,Electric Equipment Making Machinery,Transformer Making Equipment,CRGO Slitting Machine
Machinery & Equipment,Electric Equipment Making Machinery,Transformer Making Equipment,Coil Winding Machine
Machinery & Equipment,Electric Equipment Making Machinery,Transformer Making Equipment,Corrugated Fin Forming Machine
Machinery & Equipment,Electric Equipment Making Machinery,Transformer Making Equipment,Foil Winding Machine
Machinery & Equipment,Electric Equipment Making Machinery,Transformer Making Equipment,Insulation Paper Edge Folder
Machinery & Equipment,Electric Equipment Making Machinery,Transformer Making Equipment,
Machinery & Equipment,Electric Equipment Making Machinery,Transformer Making Equipment,
Machinery & Equipment,Electric Equipment Making Machinery,Transformer Making Equipment,
Machinery & Equipment,Electric Equipment Making Machinery,Transformer Making Equipment,
Machinery & Equipment,Electronics Production Machinery,,
Machinery & Equipment,Electronic Products Machinery,,