{
  "categorySlug": "baby-biscuits",
  "attributes": [
    {
      "code": "foodType",
      "type": "select",
      "default": "sweetener",
      "sort": 10,
      "allowedValues": [
        "sweetener",
        "salt",
        "topping"
      ],
      "strict": false,
      "required": true,
      "label": {
        "en": "Food Type"
      },
      "help": {
        "en": "Enter the type of Food"
      },
      "isFilterable": true,
      "showCount": false
    },
    {
      "code": "expiryDate",
      "type": "date",
      "required": true,
      "sort": 20,
      "label": {
        "en": "Expiry Date"
      },
      "help": {
        "en": "Expiry date of the food"
      },
      "isFilterable": false,
      "showCount": false
    },
    {
      "code": "cookingInstructions",
      "type": "textarea",
      "required": false,
      "sort": 20,
      "label": {
        "en": "Nutritional Information"
      },
      "help": {
        "en": "Enter the nutrition information"
      },
      "isFilterable": false,
      "showCount": false
    },
    {
      "code": "needsCooking",
      "type": "checkbox",
      "required": true,
      "default": true,
      "sort": 40,
      "label": {
        "en": "Needs Cooking?"
      },
      "help": {
        "en": ""
      },
      "isFilterable": false,
      "showCount": false
    },
    {
      "code": "brand",
      "type": "text",
      "sort": 50,
      "required": true,
      "default": "",
      "label": {
        "en": "Brand"
      },
      "help": {
        "en": "What is the brand name?"
      },
      "isFilterable": true,
      "showCount": false
    }
  ]
}
