{
  "name": {
    "en": "Agriculture"
  },
  "description": {},
  "slug": "agriculture",
  "keywords": { "en": [], "ar": []},
  "children": [
    {
      "name": {
        "en": "Agricultural Equipment"
      },
      "description": {},
      "slug": "agricultural-equipment",
      "keywords": { "en": [], "ar": []},
      "children": [
        {
          "name": {
            "en": "Agricultural Greenhouses"
          },
          "description": {},
          "slug": "agricultural-greenhouses",
          "keywords": { "en": [], "ar": []},
          "children": []
        },
        {
          "name": {
            "en": "Aquaculture Equipment"
          },
          "description": {},
          "slug": "aquaculture-equipment",
          "keywords": { "en": [], "ar": []},
          "children": [
            {
              "name": {
                "en": "Aquaculture Trap"
              },
              "description": {},
              "slug": "aquaculture-trap",
              "keywords": { "en": [], "ar": []},
              "children": []
            },
            {
              "name": {
                "en": "Other Aquaculture Equipment"
              },
              "description": {},
              "slug": "other-aquaculture-equipment",
              "keywords": { "en": [], "ar": []},
              "children": []
            }
          ]
        }
      ]
    },
    {
      "name": {
        "en": "Agricultural Waste"
      },
      "description": {},
      "slug": "agricultural-waste",
      "keywords": { "en": [], "ar": []},
      "children": []
    },
    {
      "name": {
        "en": "Animal Feed"
      },
      "description": {},
      "slug": "animal-feed",
      "keywords": { "en": [], "ar": []},
      "children": []
    },
    {
      "name": {
        "en": "Animal Products"
      },
      "description": {},
      "slug": "animal-products",
      "keywords": { "en": [], "ar": []},
      "children": [
        {
          "name": {
            "en": "Eggs"
          },
          "description": {},
          "slug": "eggs",
          "keywords": { "en": [], "ar": []},
          "children": []
        },
        {
          "name": {
            "en": "Fowl & Livestock"
          },
          "description": {},
          "slug": "fowl-and-livestock",
          "keywords": { "en": [], "ar": []},
          "children": []
        }
      ]
    },
    {
      "name": {
        "en": "Beans"
      },
      "description": {},
      "slug": "beans",
      "keywords": { "en": [], "ar": []},
      "children": [
        {
          "name": {
            "en": "Broad Beans"
          },
          "description": {},
          "slug": "broad-beans",
          "keywords": { "en": [], "ar": []},
          "children": []
        },
        {
          "name": {
            "en": "Butter Beans"
          },
          "description": {},
          "slug": "butter-beans",
          "keywords": { "en": [], "ar": []},
          "children": []
        },
        {
          "name": {
            "en": "Chickpeas"
          },
          "description": {},
          "slug": "chickpeas",
          "keywords": { "en": [], "ar": []},
          "children": []
        },
        {
          "name": {
            "en": "Kidney Beans"
          },
          "description": {},
          "slug": "kidney-beans",
          "keywords": { "en": [], "ar": []},
          "children": []
        },
        {
          "name": {
            "en": "Lentils"
          },
          "description": {},
          "slug": "lentils",
          "keywords": { "en": [], "ar": []},
          "children": []
        },
        {
          "name": {
            "en": "Lima Beans"
          },
          "description": {},
          "slug": "lima-beans",
          "keywords": { "en": [], "ar": []},
          "children": []
        },
        {
          "name": {
            "en": "Other Beans"
          },
          "description": {},
          "slug": "other-beans",
          "keywords": { "en": [], "ar": []},
          "children": []
        },
        {
          "name": {
            "en": "Peas"
          },
          "description": {},
          "slug": "peas",
          "keywords": { "en": [], "ar": []},
          "children": []
        },
        {
          "name": {
            "en": "Soybeans"
          },
          "description": {},
          "slug": "soybeans",
          "keywords": { "en": [], "ar": []},
          "children": []
        },
        {
          "name": {
            "en": "Vigna Beans"
          },
          "description": {},
          "slug": "vigna-beans",
          "keywords": { "en": [], "ar": []},
          "children": []
        }
      ]
    },
    {
      "name": {
        "en": "Cacao Beans"
      },
      "description": {},
      "slug": "cacao-beans",
      "keywords": { "en": [], "ar": []},
      "children": []
    },
    {
      "name": {
        "en": "Coffee Beans"
      },
      "description": {},
      "slug": "coffee-beans",
      "keywords": { "en": [], "ar": []},
      "children": []
    },
    {
      "name": {
        "en": "Fresh Fruit"
      },
      "description": {},
      "slug": "fresh-fruit",
      "keywords": { "en": [], "ar": []},
      "children": [
        {
          "name": {
            "en": "Fresh Apples"
          },
          "description": {},
          "slug": "fresh-apples",
          "keywords": { "en": [], "ar": []},
          "children": []
        },
        {
          "name": {
            "en": "Fresh Apricots"
          },
          "description": {},
          "slug": "fresh-apricots",
          "keywords": { "en": [], "ar": []},
          "children": []
        },
        {
          "name": {
            "en": "Fresh Avocados"
          },
          "description": {},
          "slug": "fresh-avocados",
          "keywords": { "en": [], "ar": []},
          "children": []
        },
        {
          "name": {
            "en": "Fresh Bananas"
          },
          "description": {},
          "slug": "fresh-bananas",
          "keywords": { "en": [], "ar": []},
          "children": []
        },
        {
          "name": {
            "en": "Fresh Berries"
          },
          "description": {},
          "slug": "fresh-berries",
          "keywords": { "en": [], "ar": []},
          "children": []
        },
        {
          "name": {
            "en": "Fresh Cherries"
          },
          "description": {},
          "slug": "fresh-cherries",
          "keywords": { "en": [], "ar": []},
          "children": []
        },
        {
          "name": {
            "en": "Fresh Citrus Fruit"
          },
          "description": {},
          "slug": "fresh-citrus-fruit",
          "keywords": { "en": [], "ar": []},
          "children": []
        },
        {
          "name": {
            "en": "Fresh Coconuts"
          },
          "description": {},
          "slug": "fresh-coconuts",
          "keywords": { "en": [], "ar": []},
          "children": []
        },
        {
          "name": {
            "en": "Fresh Dragon Fruit"
          },
          "description": {},
          "slug": "fresh-dragon-fruit",
          "keywords": { "en": [], "ar": []},
          "children": []
        },
        {
          "name": {
            "en": "Fresh Durians"
          },
          "description": {},
          "slug": "fresh-durians",
          "keywords": { "en": [], "ar": []},
          "children": []
        },
        {
          "name": {
            "en": "Fresh Grapes"
          },
          "description": {},
          "slug": "fresh-grapes",
          "keywords": { "en": [], "ar": []},
          "children": []
        },
        {
          "name": {
            "en": "Fresh Guava"
          },
          "description": {},
          "slug": "fresh-guava",
          "keywords": { "en": [], "ar": []},
          "children": []
        },
        {
          "name": {
            "en": "Fresh Kiwi Fruit"
          },
          "description": {},
          "slug": "fresh-kiwi-fruit",
          "keywords": { "en": [], "ar": []},
          "children": []
        },
        {
          "name": {
            "en": "Fresh Mangos"
          },
          "description": {},
          "slug": "fresh-mangos",
          "keywords": { "en": [], "ar": []},
          "children": []
        },
        {
          "name": {
            "en": "Fresh Melons"
          },
          "description": {},
          "slug": "fresh-melons",
          "keywords": { "en": [], "ar": []},
          "children": []
        },
        {
          "name": {
            "en": "Fresh Olives"
          },
          "description": {},
          "slug": "fresh-olives",
          "keywords": { "en": [], "ar": []},
          "children": []
        },
        {
          "name": {
            "en": "Fresh Papaya"
          },
          "description": {},
          "slug": "fresh-papaya",
          "keywords": { "en": [], "ar": []},
          "children": []
        },
        {
          "name": {
            "en": "Fresh Peaches"
          },
          "description": {},
          "slug": "fresh-peaches",
          "keywords": { "en": [], "ar": []},
          "children": []
        },
        {
          "name": {
            "en": "Fresh Pears"
          },
          "description": {},
          "slug": "fresh-pears",
          "keywords": { "en": [], "ar": []},
          "children": []
        },
        {
          "name": {
            "en": "Fresh Pineapples"
          },
          "description": {},
          "slug": "fresh-pineapples",
          "keywords": { "en": [], "ar": []},
          "children": []
        },
        {
          "name": {
            "en": "Fresh Plums"
          },
          "description": {},
          "slug": "fresh-plums",
          "keywords": { "en": [], "ar": []},
          "children": []
        },
        {
          "name": {
            "en": "Fresh Pomegranates"
          },
          "description": {},
          "slug": "fresh-pomegranates",
          "keywords": { "en": [], "ar": []},
          "children": []
        },
        {
          "name": {
            "en": "Other Fresh Fruit"
          },
          "description": {},
          "slug": "other-fresh-fruit",
          "keywords": { "en": [], "ar": []},
          "children": []
        }
      ]
    },
    {
      "name": {
        "en": "Fresh Vegetables"
      },
      "description": {},
      "slug": "fresh-vegetables",
      "keywords": { "en": [], "ar": []},
      "children": [
        {
          "name": {
            "en": "Fresh Asparagus"
          },
          "description": {},
          "slug": "fresh-asparagus",
          "keywords": { "en": [], "ar": []},
          "children": []
        },
        {
          "name": {
            "en": "Fresh Broccoli"
          },
          "description": {},
          "slug": "fresh-broccoli",
          "keywords": { "en": [], "ar": []},
          "children": []
        },
        {
          "name": {
            "en": "Fresh Burdock"
          },
          "description": {},
          "slug": "fresh-burdock",
          "keywords": { "en": [], "ar": []},
          "children": []
        },
        {
          "name": {
            "en": "Fresh Cabbages"
          },
          "description": {},
          "slug": "fresh-cabbages",
          "keywords": { "en": [], "ar": []},
          "children": []
        },
        {
          "name": {
            "en": "Fresh Capsicum"
          },
          "description": {},
          "slug": "fresh-capsicum",
          "keywords": { "en": [], "ar": []},
          "children": []
        },
        {
          "name": {
            "en": "Fresh Carrots"
          },
          "description": {},
          "slug": "fresh-carrots",
          "keywords": { "en": [], "ar": []},
          "children": []
        },
        {
          "name": {
            "en": "Fresh Cassava"
          },
          "description": {},
          "slug": "fresh-cassava",
          "keywords": { "en": [], "ar": []},
          "children": []
        },
        {
          "name": {
            "en": "Fresh Cauliflower"
          },
          "description": {},
          "slug": "fresh-cauliflower",
          "keywords": { "en": [], "ar": []},
          "children": []
        },
        {
          "name": {
            "en": "Fresh Celery Cabbage"
          },
          "description": {},
          "slug": "fresh-celery-cabbage",
          "keywords": { "en": [], "ar": []},
          "children": []
        },
        {
          "name": {
            "en": "Fresh Cucumber"
          },
          "description": {},
          "slug": "fresh-cucumber",
          "keywords": { "en": [], "ar": []},
          "children": []
        },
        {
          "name": {
            "en": "Fresh Garlic"
          },
          "description": {},
          "slug": "fresh-garlic",
          "keywords": { "en": [], "ar": []},
          "children": []
        },
        {
          "name": {
            "en": "Fresh Ginger"
          },
          "description": {},
          "slug": "fresh-ginger",
          "keywords": { "en": [], "ar": []},
          "children": []
        },
        {
          "name": {
            "en": "Fresh Okra"
          },
          "description": {},
          "slug": "fresh-okra",
          "keywords": { "en": [], "ar": []},
          "children": []
        },
        {
          "name": {
            "en": "Fresh Onions"
          },
          "description": {},
          "slug": "fresh-onions",
          "keywords": { "en": [], "ar": []},
          "children": []
        },
        {
          "name": {
            "en": "Fresh Potatoes"
          },
          "description": {},
          "slug": "fresh-potatoes",
          "keywords": { "en": [], "ar": []},
          "children": []
        },
        {
          "name": {
            "en": "Fresh Pumpkins"
          },
          "description": {},
          "slug": "fresh-pumpkins",
          "keywords": { "en": [], "ar": []},
          "children": []
        },
        {
          "name": {
            "en": "Fresh Radish"
          },
          "description": {},
          "slug": "fresh-radish",
          "keywords": { "en": [], "ar": []},
          "children": []
        },
        {
          "name": {
            "en": "Fresh Scallions"
          },
          "description": {},
          "slug": "fresh-scallions",
          "keywords": { "en": [], "ar": []},
          "children": []
        },
        {
          "name": {
            "en": "Fresh Sweet Potatoes"
          },
          "description": {},
          "slug": "fresh-sweet-potatoes",
          "keywords": { "en": [], "ar": []},
          "children": []
        },
        {
          "name": {
            "en": "Fresh Taro"
          },
          "description": {},
          "slug": "fresh-taro",
          "keywords": { "en": [], "ar": []},
          "children": []
        },
        {
          "name": {
            "en": "Fresh Tomatoes"
          },
          "description": {},
          "slug": "fresh-tomatoes",
          "keywords": { "en": [], "ar": []},
          "children": []
        },
        {
          "name": {
            "en": "Other Fresh Vegetables"
          },
          "description": {},
          "slug": "other-fresh-vegetables",
          "keywords": { "en": [], "ar": []},
          "children": []
        }
      ]
    },
    {
      "name": {
        "en": "Grain"
      },
      "description": {},
      "slug": "grain",
      "keywords": { "en": [], "ar": []},
      "children": [
        {
          "name": {
            "en": "Barley"
          },
          "description": {},
          "slug": "barley",
          "keywords": { "en": [], "ar": []},
          "children": []
        },
        {
          "name": {
            "en": "Buckwheat"
          },
          "description": {},
          "slug": "buckwheat",
          "keywords": { "en": [], "ar": []},
          "children": []
        },
        {
          "name": {
            "en": "Corn"
          },
          "description": {},
          "slug": "corn",
          "keywords": { "en": [], "ar": []},
          "children": []
        },
        {
          "name": {
            "en": "Millet"
          },
          "description": {},
          "slug": "millet",
          "keywords": { "en": [], "ar": []},
          "children": []
        },
        {
          "name": {
            "en": "Oats"
          },
          "description": {},
          "slug": "oats",
          "keywords": { "en": [], "ar": []},
          "children": []
        },
        {
          "name": {
            "en": "Other Grain"
          },
          "description": {},
          "slug": "other-grain",
          "keywords": { "en": [], "ar": []},
          "children": []
        },
        {
          "name": {
            "en": "Quinoa"
          },
          "description": {},
          "slug": "quinoa",
          "keywords": { "en": [], "ar": []},
          "children": []
        },
        {
          "name": {
            "en": "Rice"
          },
          "description": {},
          "slug": "rice",
          "keywords": { "en": [], "ar": []},
          "children": []
        },
        {
          "name": {
            "en": "Rye"
          },
          "description": {},
          "slug": "rye",
          "keywords": { "en": [], "ar": []},
          "children": []
        },
        {
          "name": {
            "en": "Sorghum"
          },
          "description": {},
          "slug": "sorghum",
          "keywords": { "en": [], "ar": []},
          "children": []
        },
        {
          "name": {
            "en": "Wheat"
          },
          "description": {},
          "slug": "wheat",
          "keywords": { "en": [], "ar": []},
          "children": []
        }
      ]
    },
    {
      "name": {
        "en": "Herbal Cigars & Cigarettes"
      },
      "description": {},
      "slug": "herbal-cigars-and-cigarettes",
      "keywords": { "en": [], "ar": []},
      "children": []
    },
    {
      "name": {
        "en": "Mushrooms & Truffles"
      },
      "description": {},
      "slug": "mushrooms-and-truffles",
      "keywords": { "en": [], "ar": []},
      "children": [
        {
          "name": {
            "en": "Mushrooms"
          },
          "description": {},
          "slug": "mushrooms",
          "keywords": { "en": [], "ar": []},
          "children": []
        },
        {
          "name": {
            "en": "Truffles"
          },
          "description": {},
          "slug": "truffles",
          "keywords": { "en": [], "ar": []},
          "children": []
        }
      ]
    },
    {
      "name": {
        "en": "Nuts & Kernels"
      },
      "description": {},
      "slug": "nuts-and-kernels",
      "keywords": { "en": [], "ar": []},
      "children": [
        {
          "name": {
            "en": "Almond"
          },
          "description": {},
          "slug": "almond",
          "keywords": { "en": [], "ar": []},
          "children": []
        },
        {
          "name": {
            "en": "Apricot Kernels"
          },
          "description": {},
          "slug": "apricot-kernels",
          "keywords": { "en": [], "ar": []},
          "children": []
        },
        {
          "name": {
            "en": "Betel Nuts"
          },
          "description": {},
          "slug": "betel-nuts",
          "keywords": { "en": [], "ar": []},
          "children": []
        },
        {
          "name": {
            "en": "Brazil Nuts"
          },
          "description": {},
          "slug": "brazil-nuts",
          "keywords": { "en": [], "ar": []},
          "children": []
        },
        {
          "name": {
            "en": "Cashew Nuts"
          },
          "description": {},
          "slug": "cashew-nuts",
          "keywords": { "en": [], "ar": []},
          "children": []
        },
        {
          "name": {
            "en": "Chestnuts"
          },
          "description": {},
          "slug": "chestnuts",
          "keywords": { "en": [], "ar": []},
          "children": []
        },
        {
          "name": {
            "en": "Ginkgo Nuts"
          },
          "description": {},
          "slug": "ginkgo-nuts",
          "keywords": { "en": [], "ar": []},
          "children": []
        },
        {
          "name": {
            "en": "Hazelnuts"
          },
          "description": {},
          "slug": "hazelnuts",
          "keywords": { "en": [], "ar": []},
          "children": []
        },
        {
          "name": {
            "en": "Macadamia Nuts"
          },
          "description": {},
          "slug": "macadamia-nuts",
          "keywords": { "en": [], "ar": []},
          "children": []
        },
        {
          "name": {
            "en": "Melon Seeds"
          },
          "description": {},
          "slug": "melon-seeds",
          "keywords": { "en": [], "ar": []},
          "children": []
        },
        {
          "name": {
            "en": "Other Nuts & Kernels"
          },
          "description": {},
          "slug": "other-nuts-and-kernels",
          "keywords": { "en": [], "ar": []},
          "children": []
        },
        {
          "name": {
            "en": "Peanuts"
          },
          "description": {},
          "slug": "peanuts",
          "keywords": { "en": [], "ar": []},
          "children": []
        },
        {
          "name": {
            "en": "Pecan Nuts"
          },
          "description": {},
          "slug": "pecan-nuts",
          "keywords": { "en": [], "ar": []},
          "children": []
        },
        {
          "name": {
            "en": "Pine Nuts"
          },
          "description": {},
          "slug": "pine-nuts",
          "keywords": { "en": [], "ar": []},
          "children": []
        },
        {
          "name": {
            "en": "Pistachio Nuts"
          },
          "description": {},
          "slug": "pistachio-nuts",
          "keywords": { "en": [], "ar": []},
          "children": []
        },
        {
          "name": {
            "en": "Pumpkin Kernels"
          },
          "description": {},
          "slug": "pumpkin-kernels",
          "keywords": { "en": [], "ar": []},
          "children": []
        },
        {
          "name": {
            "en": "Sunflower Kernels"
          },
          "description": {},
          "slug": "sunflower-kernels",
          "keywords": { "en": [], "ar": []},
          "children": []
        },
        {
          "name": {
            "en": "Walnuts"
          },
          "description": {},
          "slug": "walnuts",
          "keywords": { "en": [], "ar": []},
          "children": []
        }
      ]
    },
    {
      "name": {
        "en": "Ornamental Plants"
      },
      "description": {},
      "slug": "ornamental-plants",
      "keywords": { "en": [], "ar": []},
      "children": [
        {
          "name": {
            "en": "Bonsai"
          },
          "description": {},
          "slug": "bonsai",
          "keywords": { "en": [], "ar": []},
          "children": []
        },
        {
          "name": {
            "en": "Dried Flowers"
          },
          "description": {},
          "slug": "dried-flowers",
          "keywords": { "en": [], "ar": []},
          "children": []
        },
        {
          "name": {
            "en": "Fresh Cut Flowers"
          },
          "description": {},
          "slug": "fresh-cut-flowers",
          "keywords": { "en": [], "ar": []},
          "children": []
        },
        {
          "name": {
            "en": "Natural Plants"
          },
          "description": {},
          "slug": "natural-plants",
          "keywords": { "en": [], "ar": []},
          "children": []
        }
      ]
    },
    {
      "name": {
        "en": "Other Agriculture Products"
      },
      "description": {},
      "slug": "other-agriculture-products",
      "keywords": { "en": [], "ar": []},
      "children": []
    },
    {
      "name": {
        "en": "Plant & Animal Oil"
      },
      "description": {},
      "slug": "plant-and-animal-oil",
      "keywords": { "en": [], "ar": []},
      "children": [
        {
          "name": {
            "en": "Animal Oil"
          },
          "description": {},
          "slug": "animal-oil",
          "keywords": { "en": [], "ar": []},
          "children": []
        },
        {
          "name": {
            "en": "Other Plant & Animal Oil"
          },
          "description": {},
          "slug": "other-plant-and-animal-oil",
          "keywords": { "en": [], "ar": []},
          "children": []
        },
        {
          "name": {
            "en": "Plant Oil"
          },
          "description": {},
          "slug": "plant-oil",
          "keywords": { "en": [], "ar": []},
          "children": [
            {
              "name": {
                "en": "Camellia Oil"
              },
              "description": {},
              "slug": "camellia-oil",
              "keywords": { "en": [], "ar": []},
              "children": []
            },
            {
              "name": {
                "en": "Castor Oil"
              },
              "description": {},
              "slug": "castor-oil",
              "keywords": { "en": [], "ar": []},
              "children": []
            },
            {
              "name": {
                "en": "Coconut Oil"
              },
              "description": {},
              "slug": "coconut-oil",
              "keywords": { "en": [], "ar": []},
              "children": []
            },
            {
              "name": {
                "en": "Corn Oil"
              },
              "description": {},
              "slug": "corn-oil",
              "keywords": { "en": [], "ar": []},
              "children": []
            },
            {
              "name": {
                "en": "Ginger Oil"
              },
              "description": {},
              "slug": "ginger-oil",
              "keywords": { "en": [], "ar": []},
              "children": []
            },
            {
              "name": {
                "en": "Olive Oil"
              },
              "description": {},
              "slug": "olive-oil",
              "keywords": { "en": [], "ar": []},
              "children": []
            },
            {
              "name": {
                "en": "Palm Oil"
              },
              "description": {},
              "slug": "palm-oil",
              "keywords": { "en": [], "ar": []},
              "children": []
            },
            {
              "name": {
                "en": "Peanut Oil"
              },
              "description": {},
              "slug": "peanut-oil",
              "keywords": { "en": [], "ar": []},
              "children": []
            },
            {
              "name": {
                "en": "Rapeseed Oil"
              },
              "description": {},
              "slug": "rapeseed-oil",
              "keywords": { "en": [], "ar": []},
              "children": []
            },
            {
              "name": {
                "en": "Sesame Oil"
              },
              "description": {},
              "slug": "sesame-oil",
              "keywords": { "en": [], "ar": []},
              "children": []
            },
            {
              "name": {
                "en": "Soybean Oil"
              },
              "description": {},
              "slug": "soybean-oil",
              "keywords": { "en": [], "ar": []},
              "children": []
            },
            {
              "name": {
                "en": "Sunflower Oil"
              },
              "description": {},
              "slug": "sunflower-oil",
              "keywords": { "en": [], "ar": []},
              "children": []
            }
          ]
        }
      ]
    },
    {
      "name": {
        "en": "Plant Seeds & Bulbs"
      },
      "description": {},
      "slug": "plant-seeds-and-bulbs",
      "keywords": { "en": [], "ar": []},
      "children": [
        {
          "name": {
            "en": "Crop Seeds"
          },
          "description": {},
          "slug": "crop-seeds",
          "keywords": { "en": [], "ar": []},
          "children": []
        },
        {
          "name": {
            "en": "Flower Bulbs, Seeds & Seedlings"
          },
          "description": {},
          "slug": "flower-bulbs-seeds-and-seedlings",
          "keywords": { "en": [], "ar": []},
          "children": []
        },
        {
          "name": {
            "en": "Forage Seeds"
          },
          "description": {},
          "slug": "forage-seeds",
          "keywords": { "en": [], "ar": []},
          "children": []
        },
        {
          "name": {
            "en": "Fruit Grafts, Seedlings & Rootstocks"
          },
          "description": {},
          "slug": "fruit-grafts-seedlings-and-rootstocks",
          "keywords": { "en": [], "ar": []},
          "children": []
        },
        {
          "name": {
            "en": "Oil Seeds"
          },
          "description": {},
          "slug": "oil-seeds",
          "keywords": { "en": [], "ar": []},
          "children": []
        },
        {
          "name": {
            "en": "Vegetable Seeds"
          },
          "description": {},
          "slug": "vegetable-seeds",
          "keywords": { "en": [], "ar": []},
          "children": []
        }
      ]
    },
    {
      "name": {
        "en": "Timber Raw Materials"
      },
      "description": {},
      "slug": "timber-raw-materials",
      "keywords": { "en": [], "ar": []},
      "children": [
        {
          "name": {
            "en": "Bamboo Raw Materials"
          },
          "description": {},
          "slug": "bamboo-raw-materials",
          "keywords": { "en": [], "ar": []},
          "children": []
        },
        {
          "name": {
            "en": "Logs"
          },
          "description": {},
          "slug": "logs",
          "keywords": { "en": [], "ar": []},
          "children": []
        }
      ]
    },
    {
      "name": {
        "en": "Vanilla Beans"
      },
      "description": {},
      "slug": "vanilla-beans",
      "keywords": { "en": [], "ar": []},
      "children": []
    }
  ]
}
