{
  "name": {
    "en": "Apparel"
  },
  "description": {},
  "slug": "apparel",
  "keywords": { "en": [], "ar": []},
  "children": [
    {
      "name": {
        "en": "Childrens Clothing"
      },
      "description": {},
      "slug": "childrens-clothing",
      "keywords": { "en": [], "ar": []},
      "children": [
        {
          "name": {
            "en": "Boys Clothing"
          },
          "description": {},
          "slug": "boys-clothing",
          "keywords": { "en": [], "ar": []},
          "children": [
            {
              "name": {
                "en": "Boys Clothing Sets"
              },
              "description": {},
              "slug": "boys-clothing-sets",
              "keywords": { "en": [], "ar": []},
              "children": []
            },
            {
              "name": {
                "en": "Boys Coats & Outwear"
              },
              "description": {},
              "slug": "boys-coats-and-outwear",
              "keywords": { "en": [], "ar": []},
              "children": []
            },
            {
              "name": {
                "en": "Boys Hoodies & Sweatshirts"
              },
              "description": {},
              "slug": "boys-hoodies-and-sweatshirts",
              "keywords": { "en": [], "ar": []},
              "children": []
            },
            {
              "name": {
                "en": "Boys Jackets"
              },
              "description": {},
              "slug": "boys-jackets",
              "keywords": { "en": [], "ar": []},
              "children": []
            },
            {
              "name": {
                "en": "Boys Jeans"
              },
              "description": {},
              "slug": "boys-jeans",
              "keywords": { "en": [], "ar": []},
              "children": []
            },
            {
              "name": {
                "en": "Boys Pants & Trousers"
              },
              "description": {},
              "slug": "boys-pants-and-trousers",
              "keywords": { "en": [], "ar": []},
              "children": []
            },
            {
              "name": {
                "en": "Boys Polo Shirts"
              },
              "description": {},
              "slug": "boys-polo-shirts",
              "keywords": { "en": [], "ar": []},
              "children": []
            },
            {
              "name": {
                "en": "Boys Shirts"
              },
              "description": {},
              "slug": "boys-shirts",
              "keywords": { "en": [], "ar": []},
              "children": []
            },
            {
              "name": {
                "en": "Boys Shorts"
              },
              "description": {},
              "slug": "boys-shorts",
              "keywords": { "en": [], "ar": []},
              "children": []
            },
            {
              "name": {
                "en": "Boys Sleepwear"
              },
              "description": {},
              "slug": "boys-sleepwear",
              "keywords": { "en": [], "ar": []},
              "children": []
            },
            {
              "name": {
                "en": "Boys Socks"
              },
              "description": {},
              "slug": "boys-socks",
              "keywords": { "en": [], "ar": []},
              "children": []
            },
            {
              "name": {
                "en": "Boys Suits & Blazers"
              },
              "description": {},
              "slug": "boys-suits-and-blazers",
              "keywords": { "en": [], "ar": []},
              "children": []
            },
            {
              "name": {
                "en": "Boys Sweaters"
              },
              "description": {},
              "slug": "boys-sweaters",
              "keywords": { "en": [], "ar": []},
              "children": []
            },
            {
              "name": {
                "en": "Boys T-Shirts"
              },
              "description": {},
              "slug": "boys-t-shirts",
              "keywords": { "en": [], "ar": []},
              "children": []
            },
            {
              "name": {
                "en": "Boys Tank Tops"
              },
              "description": {},
              "slug": "boys-tank-tops",
              "keywords": { "en": [], "ar": []},
              "children": []
            },
            {
              "name": {
                "en": "Boys Underwear"
              },
              "description": {},
              "slug": "boys-underwear",
              "keywords": { "en": [], "ar": []},
              "children": []
            },
            {
              "name": {
                "en": "Boys Vests & Waistcoats"
              },
              "description": {},
              "slug": "boys-vests-and-waistcoats",
              "keywords": { "en": [], "ar": []},
              "children": []
            },
            {
              "name": {
                "en": "Other Boys Clothing"
              },
              "description": {},
              "slug": "other-boys-clothing",
              "keywords": { "en": [], "ar": []},
              "children": []
            }
          ]
        },
        {
          "name": {
            "en": "Family Matching Outfits"
          },
          "description": {},
          "slug": "family-matching-outfits",
          "keywords": { "en": [], "ar": []},
          "children": []
        },
        {
          "name": {
            "en": "Girls Clothing"
          },
          "description": {},
          "slug": "girls-clothing",
          "keywords": { "en": [], "ar": []},
          "children": [
            {
              "name": {
                "en": "Girl Hoodies & Sweatshirts"
              },
              "description": {},
              "slug": "girl-hoodies-and-sweatshirts",
              "keywords": { "en": [], "ar": []},
              "children": []
            },
            {
              "name": {
                "en": "Girls Blouses & Shirts"
              },
              "description": {},
              "slug": "girls-blouses-and-shirts",
              "keywords": { "en": [], "ar": []},
              "children": []
            },
            {
              "name": {
                "en": "Girls Clothing Sets"
              },
              "description": {},
              "slug": "girls-clothing-sets",
              "keywords": { "en": [], "ar": []},
              "children": []
            },
            {
              "name": {
                "en": "Girls Coats & Outwear"
              },
              "description": {},
              "slug": "girls-coats-and-outwear",
              "keywords": { "en": [], "ar": []},
              "children": []
            },
            {
              "name": {
                "en": "Girls Jackets"
              },
              "description": {},
              "slug": "girls-jackets",
              "keywords": { "en": [], "ar": []},
              "children": []
            },
            {
              "name": {
                "en": "Girls Jeans"
              },
              "description": {},
              "slug": "girls-jeans",
              "keywords": { "en": [], "ar": []},
              "children": []
            },
            {
              "name": {
                "en": "Girls Jumpsuits & Rompers"
              },
              "description": {},
              "slug": "girls-jumpsuits-and-rompers",
              "keywords": { "en": [], "ar": []},
              "children": []
            },
            {
              "name": {
                "en": "Girls Pants & Trousers"
              },
              "description": {},
              "slug": "girls-pants-and-trousers",
              "keywords": { "en": [], "ar": []},
              "children": []
            },
            {
              "name": {
                "en": "Girls Polo Shirts"
              },
              "description": {},
              "slug": "girls-polo-shirts",
              "keywords": { "en": [], "ar": []},
              "children": []
            },
            {
              "name": {
                "en": "Girls Shorts"
              },
              "description": {},
              "slug": "girls-shorts",
              "keywords": { "en": [], "ar": []},
              "children": []
            },
            {
              "name": {
                "en": "Girls Sleepwear"
              },
              "description": {},
              "slug": "girls-sleepwear",
              "keywords": { "en": [], "ar": []},
              "children": []
            },
            {
              "name": {
                "en": "Girls Socks & Hosiery"
              },
              "description": {},
              "slug": "girls-socks-and-hosiery",
              "keywords": { "en": [], "ar": []},
              "children": []
            },
            {
              "name": {
                "en": "Girls Sweaters"
              },
              "description": {},
              "slug": "girls-sweaters",
              "keywords": { "en": [], "ar": []},
              "children": []
            },
            {
              "name": {
                "en": "Girls T-Shirts"
              },
              "description": {},
              "slug": "girls-t-shirts",
              "keywords": { "en": [], "ar": []},
              "children": []
            },
            {
              "name": {
                "en": "Girls Underwear"
              },
              "description": {},
              "slug": "girls-underwear",
              "keywords": { "en": [], "ar": []},
              "children": []
            },
            {
              "name": {
                "en": "Girls Vests & Waistcoats"
              },
              "description": {},
              "slug": "girls-vests-and-waistcoats",
              "keywords": { "en": [], "ar": []},
              "children": []
            },
            {
              "name": {
                "en": "Girls' Dresses"
              },
              "description": {},
              "slug": "girls-dresses",
              "keywords": { "en": [], "ar": []},
              "children": []
            },
            {
              "name": {
                "en": "Girls' Skirts"
              },
              "description": {},
              "slug": "girls-skirts",
              "keywords": { "en": [], "ar": []},
              "children": []
            },
            {
              "name": {
                "en": "Other Girls Clothing"
              },
              "description": {},
              "slug": "other-girls-clothing",
              "keywords": { "en": [], "ar": []},
              "children": []
            }
          ]
        }
      ]
    },
    {
      "name": {
        "en": "Garment & Processing Accessories"
      },
      "description": {},
      "slug": "garment-and-processing-accessories",
      "keywords": { "en": [], "ar": []},
      "children": [
        {
          "name": {
            "en": "Badges"
          },
          "description": {},
          "slug": "badges",
          "keywords": { "en": [], "ar": []},
          "children": []
        },
        {
          "name": {
            "en": "Buckle & Hook & Loop"
          },
          "description": {},
          "slug": "buckle-and-hook-and-loop",
          "keywords": { "en": [], "ar": []},
          "children": [
            {
              "name": {
                "en": "Buckles"
              },
              "description": {},
              "slug": "buckles",
              "keywords": { "en": [], "ar": []},
              "children": []
            },
            {
              "name": {
                "en": "Garment Eyelets"
              },
              "description": {},
              "slug": "garment-eyelets",
              "keywords": { "en": [], "ar": []},
              "children": []
            },
            {
              "name": {
                "en": "Garment Hooks"
              },
              "description": {},
              "slug": "garment-hooks",
              "keywords": { "en": [], "ar": []},
              "children": []
            },
            {
              "name": {
                "en": "Garment Rivets"
              },
              "description": {},
              "slug": "garment-rivets",
              "keywords": { "en": [], "ar": []},
              "children": []
            },
            {
              "name": {
                "en": "Hook & Loop Tape"
              },
              "description": {},
              "slug": "hook-and-loop-tape",
              "keywords": { "en": [], "ar": []},
              "children": []
            },
            {
              "name": {
                "en": "Stopper"
              },
              "description": {},
              "slug": "stopper",
              "keywords": { "en": [], "ar": []},
              "children": []
            }
          ]
        },
        {
          "name": {
            "en": "Buttons"
          },
          "description": {},
          "slug": "buttons",
          "keywords": { "en": [], "ar": []},
          "children": []
        },
        {
          "name": {
            "en": "Garment Accessories"
          },
          "description": {},
          "slug": "garment-accessories",
          "keywords": { "en": [], "ar": []},
          "children": [
            {
              "name": {
                "en": "Boning"
              },
              "description": {},
              "slug": "boning",
              "keywords": { "en": [], "ar": []},
              "children": []
            },
            {
              "name": {
                "en": "Braid"
              },
              "description": {},
              "slug": "braid",
              "keywords": { "en": [], "ar": []},
              "children": []
            },
            {
              "name": {
                "en": "Garment Beads"
              },
              "description": {},
              "slug": "garment-beads",
              "keywords": { "en": [], "ar": []},
              "children": []
            },
            {
              "name": {
                "en": "Garment Clips"
              },
              "description": {},
              "slug": "garment-clips",
              "keywords": { "en": [], "ar": []},
              "children": []
            },
            {
              "name": {
                "en": "Interlinings & Linings"
              },
              "description": {},
              "slug": "interlinings-and-linings",
              "keywords": { "en": [], "ar": []},
              "children": []
            },
            {
              "name": {
                "en": "Knitting Rib"
              },
              "description": {},
              "slug": "knitting-rib",
              "keywords": { "en": [], "ar": []},
              "children": []
            },
            {
              "name": {
                "en": "Other Garment Accessories"
              },
              "description": {},
              "slug": "other-garment-accessories",
              "keywords": { "en": [], "ar": []},
              "children": []
            },
            {
              "name": {
                "en": "Shoulder Pads"
              },
              "description": {},
              "slug": "shoulder-pads",
              "keywords": { "en": [], "ar": []},
              "children": []
            },
            {
              "name": {
                "en": "Underwear Accessories"
              },
              "description": {},
              "slug": "underwear-accessories",
              "keywords": { "en": [], "ar": []},
              "children": []
            }
          ]
        },
        {
          "name": {
            "en": "Garment Labels"
          },
          "description": {},
          "slug": "garment-labels",
          "keywords": { "en": [], "ar": []},
          "children": []
        },
        {
          "name": {
            "en": "Garment Tags"
          },
          "description": {},
          "slug": "garment-tags",
          "keywords": { "en": [], "ar": []},
          "children": []
        },
        {
          "name": {
            "en": "Lace & Cords & Trimming"
          },
          "description": {},
          "slug": "lace-and-cords-and-trimming",
          "keywords": { "en": [], "ar": []},
          "children": [
            {
              "name": {
                "en": "Cords"
              },
              "description": {},
              "slug": "cords",
              "keywords": { "en": [], "ar": []},
              "children": []
            },
            {
              "name": {
                "en": "Lace"
              },
              "description": {},
              "slug": "lace",
              "keywords": { "en": [], "ar": []},
              "children": []
            },
            {
              "name": {
                "en": "Trimming"
              },
              "description": {},
              "slug": "trimming",
              "keywords": { "en": [], "ar": []},
              "children": []
            }
          ]
        },
        {
          "name": {
            "en": "Mannequins"
          },
          "description": {},
          "slug": "mannequins",
          "keywords": { "en": [], "ar": []},
          "children": []
        },
        {
          "name": {
            "en": "Patches"
          },
          "description": {},
          "slug": "patches",
          "keywords": { "en": [], "ar": []},
          "children": []
        },
        {
          "name": {
            "en": "Rhinestones"
          },
          "description": {},
          "slug": "rhinestones",
          "keywords": { "en": [], "ar": []},
          "children": []
        },
        {
          "name": {
            "en": "Ribbons"
          },
          "description": {},
          "slug": "ribbons",
          "keywords": { "en": [], "ar": []},
          "children": []
        },
        {
          "name": {
            "en": "Sequins"
          },
          "description": {},
          "slug": "sequins",
          "keywords": { "en": [], "ar": []},
          "children": []
        },
        {
          "name": {
            "en": "Sewing Supplies"
          },
          "description": {},
          "slug": "sewing-supplies",
          "keywords": { "en": [], "ar": []},
          "children": [
            {
              "name": {
                "en": "Other Sewing Supplies"
              },
              "description": {},
              "slug": "other-sewing-supplies",
              "keywords": { "en": [], "ar": []},
              "children": []
            },
            {
              "name": {
                "en": "Sewing Needles"
              },
              "description": {},
              "slug": "sewing-needles",
              "keywords": { "en": [], "ar": []},
              "children": []
            },
            {
              "name": {
                "en": "Sewing Threads"
              },
              "description": {},
              "slug": "sewing-threads",
              "keywords": { "en": [], "ar": []},
              "children": []
            },
            {
              "name": {
                "en": "Tailor's Scissors"
              },
              "description": {},
              "slug": "tailors-scissors",
              "keywords": { "en": [], "ar": []},
              "children": []
            }
          ]
        },
        {
          "name": {
            "en": "Tag Guns"
          },
          "description": {},
          "slug": "tag-guns",
          "keywords": { "en": [], "ar": []},
          "children": []
        },
        {
          "name": {
            "en": "Webbing"
          },
          "description": {},
          "slug": "webbing",
          "keywords": { "en": [], "ar": []},
          "children": []
        },
        {
          "name": {
            "en": "Zippers & Accessories"
          },
          "description": {},
          "slug": "zippers-and-accessories",
          "keywords": { "en": [], "ar": []},
          "children": [
            {
              "name": {
                "en": "Zipper Sliders"
              },
              "description": {},
              "slug": "zipper-sliders",
              "keywords": { "en": [], "ar": []},
              "children": []
            },
            {
              "name": {
                "en": "Zippers"
              },
              "description": {},
              "slug": "zippers",
              "keywords": { "en": [], "ar": []},
              "children": []
            }
          ]
        }
      ]
    },
    {
      "name": {
        "en": "Infant & Toddlers Clothing"
      },
      "description": {},
      "slug": "infant-and-toddlers-clothing",
      "keywords": { "en": [], "ar": []},
      "children": [
        {
          "name": {
            "en": "Baby Bibs"
          },
          "description": {},
          "slug": "baby-bibs",
          "keywords": { "en": [], "ar": []},
          "children": []
        },
        {
          "name": {
            "en": "Baby Clothing Sets"
          },
          "description": {},
          "slug": "baby-clothing-sets",
          "keywords": { "en": [], "ar": []},
          "children": []
        },
        {
          "name": {
            "en": "Baby Coats & outwear"
          },
          "description": {},
          "slug": "baby-coats-and-outwear",
          "keywords": { "en": [], "ar": []},
          "children": []
        },
        {
          "name": {
            "en": "Baby Dresses"
          },
          "description": {},
          "slug": "baby-dresses",
          "keywords": { "en": [], "ar": []},
          "children": []
        },
        {
          "name": {
            "en": "Baby Hoodies & Sweatshirts"
          },
          "description": {},
          "slug": "baby-hoodies-and-sweatshirts",
          "keywords": { "en": [], "ar": []},
          "children": []
        },
        {
          "name": {
            "en": "Baby Jackets"
          },
          "description": {},
          "slug": "baby-jackets",
          "keywords": { "en": [], "ar": []},
          "children": []
        },
        {
          "name": {
            "en": "Baby Pants & Shorts"
          },
          "description": {},
          "slug": "baby-pants-and-shorts",
          "keywords": { "en": [], "ar": []},
          "children": []
        },
        {
          "name": {
            "en": "Baby Rompers"
          },
          "description": {},
          "slug": "baby-rompers",
          "keywords": { "en": [], "ar": []},
          "children": []
        },
        {
          "name": {
            "en": "Baby Shirts & Tops"
          },
          "description": {},
          "slug": "baby-shirts-and-tops",
          "keywords": { "en": [], "ar": []},
          "children": []
        },
        {
          "name": {
            "en": "Baby Skirts"
          },
          "description": {},
          "slug": "baby-skirts",
          "keywords": { "en": [], "ar": []},
          "children": []
        },
        {
          "name": {
            "en": "Baby Sleeping Bags"
          },
          "description": {},
          "slug": "baby-sleeping-bags",
          "keywords": { "en": [], "ar": []},
          "children": []
        },
        {
          "name": {
            "en": "Baby Socks"
          },
          "description": {},
          "slug": "baby-socks",
          "keywords": { "en": [], "ar": []},
          "children": []
        },
        {
          "name": {
            "en": "Baby Sweaters"
          },
          "description": {},
          "slug": "baby-sweaters",
          "keywords": { "en": [], "ar": []},
          "children": []
        },
        {
          "name": {
            "en": "Baby T-Shirts"
          },
          "description": {},
          "slug": "baby-t-shirts",
          "keywords": { "en": [], "ar": []},
          "children": []
        },
        {
          "name": {
            "en": "Baby Underwear"
          },
          "description": {},
          "slug": "baby-underwear",
          "keywords": { "en": [], "ar": []},
          "children": []
        },
        {
          "name": {
            "en": "Baby Vests & Waistcoats"
          },
          "description": {},
          "slug": "baby-vests-and-waistcoats",
          "keywords": { "en": [], "ar": []},
          "children": []
        },
        {
          "name": {
            "en": "Other Baby Clothing"
          },
          "description": {},
          "slug": "other-baby-clothing",
          "keywords": { "en": [], "ar": []},
          "children": []
        }
      ]
    },
    {
      "name": {
        "en": "Men's Clothing"
      },
      "description": {},
      "slug": "mens-clothing",
      "keywords": { "en": [], "ar": []},
      "children": [
        {
          "name": {
            "en": "Men's Coats"
          },
          "description": {},
          "slug": "mens-coats",
          "keywords": { "en": [], "ar": []},
          "children": []
        },
        {
          "name": {
            "en": "Men's Hoodies & Sweatshirts"
          },
          "description": {},
          "slug": "mens-hoodies-and-sweatshirts",
          "keywords": { "en": [], "ar": []},
          "children": []
        },
        {
          "name": {
            "en": "Men's Jackets"
          },
          "description": {},
          "slug": "mens-jackets",
          "keywords": { "en": [], "ar": []},
          "children": []
        },
        {
          "name": {
            "en": "Men's Jeans"
          },
          "description": {},
          "slug": "mens-jeans",
          "keywords": { "en": [], "ar": []},
          "children": []
        },
        {
          "name": {
            "en": "Men's Leggings"
          },
          "description": {},
          "slug": "mens-leggings",
          "keywords": { "en": [], "ar": []},
          "children": []
        },
        {
          "name": {
            "en": "Men's Pants & Trousers"
          },
          "description": {},
          "slug": "mens-pants-and-trousers",
          "keywords": { "en": [], "ar": []},
          "children": []
        },
        {
          "name": {
            "en": "Men's Polo Shirts"
          },
          "description": {},
          "slug": "mens-polo-shirts",
          "keywords": { "en": [], "ar": []},
          "children": []
        },
        {
          "name": {
            "en": "Men's Sets"
          },
          "description": {},
          "slug": "mens-sets",
          "keywords": { "en": [], "ar": []},
          "children": []
        },
        {
          "name": {
            "en": "Men's Shirts"
          },
          "description": {},
          "slug": "mens-shirts",
          "keywords": { "en": [], "ar": []},
          "children": []
        },
        {
          "name": {
            "en": "Men's Shorts"
          },
          "description": {},
          "slug": "mens-shorts",
          "keywords": { "en": [], "ar": []},
          "children": []
        },
        {
          "name": {
            "en": "Men's Sleepwear"
          },
          "description": {},
          "slug": "mens-sleepwear",
          "keywords": { "en": [], "ar": []},
          "children": []
        },
        {
          "name": {
            "en": "Men's Socks"
          },
          "description": {},
          "slug": "mens-socks",
          "keywords": { "en": [], "ar": []},
          "children": []
        },
        {
          "name": {
            "en": "Men's Suits & Blazer"
          },
          "description": {},
          "slug": "mens-suits-and-blazer",
          "keywords": { "en": [], "ar": []},
          "children": [
            {
              "name": {
                "en": "Blazers"
              },
              "description": {},
              "slug": "blazers",
              "keywords": { "en": [], "ar": []},
              "children": []
            },
            {
              "name": {
                "en": "Men's Suits"
              },
              "description": {},
              "slug": "mens-suits",
              "keywords": { "en": [], "ar": []},
              "children": []
            },
            {
              "name": {
                "en": "Suit Jackets"
              },
              "description": {},
              "slug": "suit-jackets",
              "keywords": { "en": [], "ar": []},
              "children": []
            },
            {
              "name": {
                "en": "Suit Pants"
              },
              "description": {},
              "slug": "suit-pants",
              "keywords": { "en": [], "ar": []},
              "children": []
            }
          ]
        },
        {
          "name": {
            "en": "Men's Sweaters"
          },
          "description": {},
          "slug": "mens-sweaters",
          "keywords": { "en": [], "ar": []},
          "children": []
        },
        {
          "name": {
            "en": "Men's T-Shirts"
          },
          "description": {},
          "slug": "mens-t-shirts",
          "keywords": { "en": [], "ar": []},
          "children": []
        },
        {
          "name": {
            "en": "Men's Tank Tops"
          },
          "description": {},
          "slug": "mens-tank-tops",
          "keywords": { "en": [], "ar": []},
          "children": []
        },
        {
          "name": {
            "en": "Men's Vests & Waistcoats"
          },
          "description": {},
          "slug": "mens-vests-and-waistcoats",
          "keywords": { "en": [], "ar": []},
          "children": []
        },
        {
          "name": {
            "en": "Mens Underwear"
          },
          "description": {},
          "slug": "mens-underwear",
          "keywords": { "en": [], "ar": []},
          "children": [
            {
              "name": {
                "en": "Men's Briefs & Boxers"
              },
              "description": {},
              "slug": "mens-briefs-and-boxers",
              "keywords": { "en": [], "ar": []},
              "children": []
            },
            {
              "name": {
                "en": "Mens Long Johns"
              },
              "description": {},
              "slug": "mens-long-johns",
              "keywords": { "en": [], "ar": []},
              "children": []
            },
            {
              "name": {
                "en": "Mens Other Underwear"
              },
              "description": {},
              "slug": "mens-other-underwear",
              "keywords": { "en": [], "ar": []},
              "children": []
            },
            {
              "name": {
                "en": "Mens Sexy Underwear"
              },
              "description": {},
              "slug": "mens-sexy-underwear",
              "keywords": { "en": [], "ar": []},
              "children": []
            },
            {
              "name": {
                "en": "Shapers"
              },
              "description": {},
              "slug": "shapers",
              "keywords": { "en": [], "ar": []},
              "children": []
            },
            {
              "name": {
                "en": "Undershirts"
              },
              "description": {},
              "slug": "undershirts",
              "keywords": { "en": [], "ar": []},
              "children": []
            }
          ]
        }
      ]
    },
    {
      "name": {
        "en": "Novelty & Special Use"
      },
      "description": {},
      "slug": "novelty-and-special-use",
      "keywords": { "en": [], "ar": []},
      "children": [
        {
          "name": {
            "en": "Costumes"
          },
          "description": {},
          "slug": "costumes",
          "keywords": { "en": [], "ar": []},
          "children": [
            {
              "name": {
                "en": "Anime Costumes"
              },
              "description": {},
              "slug": "anime-costumes",
              "keywords": { "en": [], "ar": []},
              "children": []
            },
            {
              "name": {
                "en": "Costume Props"
              },
              "description": {},
              "slug": "costume-props",
              "keywords": { "en": [], "ar": []},
              "children": []
            },
            {
              "name": {
                "en": "Game Costumes"
              },
              "description": {},
              "slug": "game-costumes",
              "keywords": { "en": [], "ar": []},
              "children": []
            },
            {
              "name": {
                "en": "Mascot"
              },
              "description": {},
              "slug": "mascot",
              "keywords": { "en": [], "ar": []},
              "children": []
            },
            {
              "name": {
                "en": "Other Costumes"
              },
              "description": {},
              "slug": "other-costumes",
              "keywords": { "en": [], "ar": []},
              "children": []
            },
            {
              "name": {
                "en": "Reenactment Attire"
              },
              "description": {},
              "slug": "reenactment-attire",
              "keywords": { "en": [], "ar": []},
              "children": []
            },
            {
              "name": {
                "en": "Sexy Costumes"
              },
              "description": {},
              "slug": "sexy-costumes",
              "keywords": { "en": [], "ar": []},
              "children": []
            },
            {
              "name": {
                "en": "TV & Movie Costumes"
              },
              "description": {},
              "slug": "tv-and-movie-costumes",
              "keywords": { "en": [], "ar": []},
              "children": []
            },
            {
              "name": {
                "en": "Zentai / Catsuit"
              },
              "description": {},
              "slug": "zentai-catsuit",
              "keywords": { "en": [], "ar": []},
              "children": []
            }
          ]
        },
        {
          "name": {
            "en": "Ethnic Clothing"
          },
          "description": {},
          "slug": "ethnic-clothing",
          "keywords": { "en": [], "ar": []},
          "children": [
            {
              "name": {
                "en": "Africa Clothing"
              },
              "description": {},
              "slug": "africa-clothing",
              "keywords": { "en": [], "ar": []},
              "children": []
            },
            {
              "name": {
                "en": "American Clothing"
              },
              "description": {},
              "slug": "american-clothing",
              "keywords": { "en": [], "ar": []},
              "children": []
            },
            {
              "name": {
                "en": "Asia & Pacific Islands Clothing"
              },
              "description": {},
              "slug": "asia-and-pacific-islands-clothing",
              "keywords": { "en": [], "ar": []},
              "children": []
            },
            {
              "name": {
                "en": "European Clothing"
              },
              "description": {},
              "slug": "european-clothing",
              "keywords": { "en": [], "ar": []},
              "children": []
            },
            {
              "name": {
                "en": "India & Pakistan Clothing"
              },
              "description": {},
              "slug": "india-and-pakistan-clothing",
              "keywords": { "en": [], "ar": []},
              "children": []
            },
            {
              "name": {
                "en": "Islamic Clothing"
              },
              "description": {},
              "slug": "islamic-clothing",
              "keywords": { "en": [], "ar": []},
              "children": []
            },
            {
              "name": {
                "en": "Other Regional Clothing"
              },
              "description": {},
              "slug": "other-regional-clothing",
              "keywords": { "en": [], "ar": []},
              "children": []
            },
            {
              "name": {
                "en": "Traditional Chinese Clothing"
              },
              "description": {},
              "slug": "traditional-chinese-clothing",
              "keywords": { "en": [], "ar": []},
              "children": []
            }
          ]
        },
        {
          "name": {
            "en": "Stage & Dance Wear"
          },
          "description": {},
          "slug": "stage-and-dance-wear",
          "keywords": { "en": [], "ar": []},
          "children": [
            {
              "name": {
                "en": "Performance Wear"
              },
              "description": {},
              "slug": "performance-wear",
              "keywords": { "en": [], "ar": []},
              "children": []
            },
            {
              "name": {
                "en": "Training Dancewear"
              },
              "description": {},
              "slug": "training-dancewear",
              "keywords": { "en": [], "ar": []},
              "children": []
            }
          ]
        },
        {
          "name": {
            "en": "Uniforms"
          },
          "description": {},
          "slug": "uniforms",
          "keywords": { "en": [], "ar": []},
          "children": [
            {
              "name": {
                "en": "Airline Uniforms"
              },
              "description": {},
              "slug": "airline-uniforms",
              "keywords": { "en": [], "ar": []},
              "children": []
            },
            {
              "name": {
                "en": "Bank Uniforms"
              },
              "description": {},
              "slug": "bank-uniforms",
              "keywords": { "en": [], "ar": []},
              "children": []
            },
            {
              "name": {
                "en": "Fireman Uniforms"
              },
              "description": {},
              "slug": "fireman-uniforms",
              "keywords": { "en": [], "ar": []},
              "children": []
            },
            {
              "name": {
                "en": "Guard Uniforms"
              },
              "description": {},
              "slug": "guard-uniforms",
              "keywords": { "en": [], "ar": []},
              "children": []
            },
            {
              "name": {
                "en": "Hospital Uniforms"
              },
              "description": {},
              "slug": "hospital-uniforms",
              "keywords": { "en": [], "ar": []},
              "children": []
            },
            {
              "name": {
                "en": "Hotel Uniforms"
              },
              "description": {},
              "slug": "hotel-uniforms",
              "keywords": { "en": [], "ar": []},
              "children": []
            },
            {
              "name": {
                "en": "Military Uniforms"
              },
              "description": {},
              "slug": "military-uniforms",
              "keywords": { "en": [], "ar": []},
              "children": []
            },
            {
              "name": {
                "en": "Other Uniforms"
              },
              "description": {},
              "slug": "other-uniforms",
              "keywords": { "en": [], "ar": []},
              "children": []
            },
            {
              "name": {
                "en": "Promotion Uniforms"
              },
              "description": {},
              "slug": "promotion-uniforms",
              "keywords": { "en": [], "ar": []},
              "children": []
            },
            {
              "name": {
                "en": "Restaurant & Bar Uniforms"
              },
              "description": {},
              "slug": "restaurant-and-bar-uniforms",
              "keywords": { "en": [], "ar": []},
              "children": []
            },
            {
              "name": {
                "en": "School Uniforms"
              },
              "description": {},
              "slug": "school-uniforms",
              "keywords": { "en": [], "ar": []},
              "children": []
            }
          ]
        }
      ]
    },
    {
      "name": {
        "en": "Other Apparel"
      },
      "description": {},
      "slug": "other-apparel",
      "keywords": { "en": [], "ar": []},
      "children": [
        {
          "name": {
            "en": "Apparel Design Services"
          },
          "description": {},
          "slug": "apparel-design-services",
          "keywords": { "en": [], "ar": []},
          "children": []
        },
        {
          "name": {
            "en": "Apparel Processing Services"
          },
          "description": {},
          "slug": "apparel-processing-services",
          "keywords": { "en": [], "ar": []},
          "children": []
        },
        {
          "name": {
            "en": "Apparel Stock"
          },
          "description": {},
          "slug": "apparel-stock",
          "keywords": { "en": [], "ar": []},
          "children": []
        },
        {
          "name": {
            "en": "Other Apparel"
          },
          "description": {},
          "slug": "other-apparel-other-apparel",
          "keywords": { "en": [], "ar": []},
          "children": []
        },
        {
          "name": {
            "en": "Used Clothes"
          },
          "description": {},
          "slug": "used-clothes",
          "keywords": { "en": [], "ar": []},
          "children": []
        }
      ]
    },
    {
      "name": {
        "en": "Sportswear"
      },
      "description": {},
      "slug": "sportswear",
      "keywords": { "en": [], "ar": []},
      "children": [
        {
          "name": {
            "en": "American Football Wear"
          },
          "description": {},
          "slug": "american-football-wear",
          "keywords": { "en": [], "ar": []},
          "children": []
        },
        {
          "name": {
            "en": "Baseball & Softball Wear"
          },
          "description": {},
          "slug": "baseball-and-softball-wear",
          "keywords": { "en": [], "ar": []},
          "children": []
        },
        {
          "name": {
            "en": "Basketball Wear"
          },
          "description": {},
          "slug": "basketball-wear",
          "keywords": { "en": [], "ar": []},
          "children": []
        },
        {
          "name": {
            "en": "Cheerleading Uniforms"
          },
          "description": {},
          "slug": "cheerleading-uniforms",
          "keywords": { "en": [], "ar": []},
          "children": []
        },
        {
          "name": {
            "en": "Cycling Wear"
          },
          "description": {},
          "slug": "cycling-wear",
          "keywords": { "en": [], "ar": []},
          "children": [
            {
              "name": {
                "en": "Cycling Arm Sleeves"
              },
              "description": {},
              "slug": "cycling-arm-sleeves",
              "keywords": { "en": [], "ar": []},
              "children": []
            },
            {
              "name": {
                "en": "Cycling Jerseys"
              },
              "description": {},
              "slug": "cycling-jerseys",
              "keywords": { "en": [], "ar": []},
              "children": []
            },
            {
              "name": {
                "en": "Cycling Sets"
              },
              "description": {},
              "slug": "cycling-sets",
              "keywords": { "en": [], "ar": []},
              "children": []
            },
            {
              "name": {
                "en": "Cycling Tights and Pants"
              },
              "description": {},
              "slug": "cycling-tights-and-pants",
              "keywords": { "en": [], "ar": []},
              "children": []
            }
          ]
        },
        {
          "name": {
            "en": "Cycling Wear（old）"
          },
          "description": {},
          "slug": "cycling-wearold",
          "keywords": { "en": [], "ar": []},
          "children": []
        },
        {
          "name": {
            "en": "Fishing Wear"
          },
          "description": {},
          "slug": "fishing-wear",
          "keywords": { "en": [], "ar": []},
          "children": []
        },
        {
          "name": {
            "en": "Fitness & Yoga Wear"
          },
          "description": {},
          "slug": "fitness-and-yoga-wear",
          "keywords": { "en": [], "ar": []},
          "children": [
            {
              "name": {
                "en": "Gym Fitness Sets"
              },
              "description": {},
              "slug": "gym-fitness-sets",
              "keywords": { "en": [], "ar": []},
              "children": []
            },
            {
              "name": {
                "en": "Hoodies & Sweatshits"
              },
              "description": {},
              "slug": "hoodies-and-sweatshits",
              "keywords": { "en": [], "ar": []},
              "children": []
            },
            {
              "name": {
                "en": "Sports Bras"
              },
              "description": {},
              "slug": "sports-bras",
              "keywords": { "en": [], "ar": []},
              "children": []
            },
            {
              "name": {
                "en": "Yoga Leggings"
              },
              "description": {},
              "slug": "yoga-leggings",
              "keywords": { "en": [], "ar": []},
              "children": []
            },
            {
              "name": {
                "en": "Yoga sets"
              },
              "description": {},
              "slug": "yoga-sets",
              "keywords": { "en": [], "ar": []},
              "children": []
            }
          ]
        },
        {
          "name": {
            "en": "Fitness & Yoga Wear（old）"
          },
          "description": {},
          "slug": "fitness-and-yoga-wearold",
          "keywords": { "en": [], "ar": []},
          "children": []
        },
        {
          "name": {
            "en": "Hunting Wear"
          },
          "description": {},
          "slug": "hunting-wear",
          "keywords": { "en": [], "ar": []},
          "children": []
        },
        {
          "name": {
            "en": "Ice Hockey Wear"
          },
          "description": {},
          "slug": "ice-hockey-wear",
          "keywords": { "en": [], "ar": []},
          "children": []
        },
        {
          "name": {
            "en": "Martial Arts Wear"
          },
          "description": {},
          "slug": "martial-arts-wear",
          "keywords": { "en": [], "ar": []},
          "children": []
        },
        {
          "name": {
            "en": "Motorcycle & Auto Racing Wear"
          },
          "description": {},
          "slug": "motorcycle-and-auto-racing-wear",
          "keywords": { "en": [], "ar": []},
          "children": []
        },
        {
          "name": {
            "en": "Other Sportswear"
          },
          "description": {},
          "slug": "other-sportswear",
          "keywords": { "en": [], "ar": []},
          "children": []
        },
        {
          "name": {
            "en": "Outdoor & Hiking Clothing"
          },
          "description": {},
          "slug": "outdoor-and-hiking-clothing",
          "keywords": { "en": [], "ar": []},
          "children": [
            {
              "name": {
                "en": "Outdoor Jackets"
              },
              "description": {},
              "slug": "outdoor-jackets",
              "keywords": { "en": [], "ar": []},
              "children": []
            },
            {
              "name": {
                "en": "Outdoor Pants"
              },
              "description": {},
              "slug": "outdoor-pants",
              "keywords": { "en": [], "ar": []},
              "children": []
            },
            {
              "name": {
                "en": "Outdoor Shirts & Tops"
              },
              "description": {},
              "slug": "outdoor-shirts-and-tops",
              "keywords": { "en": [], "ar": []},
              "children": []
            }
          ]
        },
        {
          "name": {
            "en": "Outdoor & Hiking Clothing（old）"
          },
          "description": {},
          "slug": "outdoor-and-hiking-clothingold",
          "keywords": { "en": [], "ar": []},
          "children": []
        },
        {
          "name": {
            "en": "Rash Guard"
          },
          "description": {},
          "slug": "rash-guard",
          "keywords": { "en": [], "ar": []},
          "children": []
        },
        {
          "name": {
            "en": "Rugby Football Wear"
          },
          "description": {},
          "slug": "rugby-football-wear",
          "keywords": { "en": [], "ar": []},
          "children": []
        },
        {
          "name": {
            "en": "Ski & Snow Wear"
          },
          "description": {},
          "slug": "ski-and-snow-wear",
          "keywords": { "en": [], "ar": []},
          "children": []
        },
        {
          "name": {
            "en": "Soccer Wear"
          },
          "description": {},
          "slug": "soccer-wear",
          "keywords": { "en": [], "ar": []},
          "children": []
        },
        {
          "name": {
            "en": "Sports Socks"
          },
          "description": {},
          "slug": "sports-socks",
          "keywords": { "en": [], "ar": []},
          "children": []
        },
        {
          "name": {
            "en": "Swimwear & Beachwear"
          },
          "description": {},
          "slug": "swimwear-and-beachwear",
          "keywords": { "en": [], "ar": []},
          "children": [
            {
              "name": {
                "en": "Bikinis & Beachwear"
              },
              "description": {},
              "slug": "bikinis-and-beachwear",
              "keywords": { "en": [], "ar": []},
              "children": []
            },
            {
              "name": {
                "en": "Fitness Swimwear"
              },
              "description": {},
              "slug": "fitness-swimwear",
              "keywords": { "en": [], "ar": []},
              "children": []
            },
            {
              "name": {
                "en": "Racing Swimsuits"
              },
              "description": {},
              "slug": "racing-swimsuits",
              "keywords": { "en": [], "ar": []},
              "children": []
            }
          ]
        },
        {
          "name": {
            "en": "Swimwear & Beachwear（old）"
          },
          "description": {},
          "slug": "swimwear-and-beachwearold",
          "keywords": { "en": [], "ar": []},
          "children": []
        },
        {
          "name": {
            "en": "Tennis Wear"
          },
          "description": {},
          "slug": "tennis-wear",
          "keywords": { "en": [], "ar": []},
          "children": []
        },
        {
          "name": {
            "en": "Training & Jogging Wear（old）"
          },
          "description": {},
          "slug": "training-and-jogging-wearold",
          "keywords": { "en": [], "ar": []},
          "children": []
        },
        {
          "name": {
            "en": "Training & Jogging Wear"
          },
          "description": {},
          "slug": "training-and-jogging-wear",
          "keywords": { "en": [], "ar": []},
          "children": [
            {
              "name": {
                "en": "Jogging Wear"
              },
              "description": {},
              "slug": "jogging-wear",
              "keywords": { "en": [], "ar": []},
              "children": []
            },
            {
              "name": {
                "en": "Tracksuits"
              },
              "description": {},
              "slug": "tracksuits",
              "keywords": { "en": [], "ar": []},
              "children": []
            },
            {
              "name": {
                "en": "Training Wear"
              },
              "description": {},
              "slug": "training-wear",
              "keywords": { "en": [], "ar": []},
              "children": []
            }
          ]
        },
        {
          "name": {
            "en": "Volleyball Wear"
          },
          "description": {},
          "slug": "volleyball-wear",
          "keywords": { "en": [], "ar": []},
          "children": []
        },
        {
          "name": {
            "en": "Wetsuits"
          },
          "description": {},
          "slug": "wetsuits",
          "keywords": { "en": [], "ar": []},
          "children": []
        }
      ]
    },
    {
      "name": {
        "en": "Wedding Apparel & Accessories"
      },
      "description": {},
      "slug": "wedding-apparel-and-accessories",
      "keywords": { "en": [], "ar": []},
      "children": [
        {
          "name": {
            "en": "Boys' Attire"
          },
          "description": {},
          "slug": "boys-attire",
          "keywords": { "en": [], "ar": []},
          "children": []
        },
        {
          "name": {
            "en": "Bridesmaid Dresses"
          },
          "description": {},
          "slug": "bridesmaid-dresses",
          "keywords": { "en": [], "ar": []},
          "children": []
        },
        {
          "name": {
            "en": "Flower Girls' Dresses"
          },
          "description": {},
          "slug": "flower-girls-dresses",
          "keywords": { "en": [], "ar": []},
          "children": []
        },
        {
          "name": {
            "en": "Groom Wear"
          },
          "description": {},
          "slug": "groom-wear",
          "keywords": { "en": [], "ar": []},
          "children": []
        },
        {
          "name": {
            "en": "Mother of the Bride Dresses"
          },
          "description": {},
          "slug": "mother-of-the-bride-dresses",
          "keywords": { "en": [], "ar": []},
          "children": []
        },
        {
          "name": {
            "en": "Other Wedding Apparel"
          },
          "description": {},
          "slug": "other-wedding-apparel",
          "keywords": { "en": [], "ar": []},
          "children": []
        },
        {
          "name": {
            "en": "Wedding Accessories"
          },
          "description": {},
          "slug": "wedding-accessories",
          "keywords": { "en": [], "ar": []},
          "children": [
            {
              "name": {
                "en": "Bridal Gloves"
              },
              "description": {},
              "slug": "bridal-gloves",
              "keywords": { "en": [], "ar": []},
              "children": []
            },
            {
              "name": {
                "en": "Bridal Headwear"
              },
              "description": {},
              "slug": "bridal-headwear",
              "keywords": { "en": [], "ar": []},
              "children": []
            },
            {
              "name": {
                "en": "Bridal Veils"
              },
              "description": {},
              "slug": "bridal-veils",
              "keywords": { "en": [], "ar": []},
              "children": []
            },
            {
              "name": {
                "en": "Petticoats"
              },
              "description": {},
              "slug": "petticoats",
              "keywords": { "en": [], "ar": []},
              "children": []
            },
            {
              "name": {
                "en": "Wedding Belts"
              },
              "description": {},
              "slug": "wedding-belts",
              "keywords": { "en": [], "ar": []},
              "children": []
            },
            {
              "name": {
                "en": "Wedding Jackets / Wrap"
              },
              "description": {},
              "slug": "wedding-jackets-wrap",
              "keywords": { "en": [], "ar": []},
              "children": []
            }
          ]
        },
        {
          "name": {
            "en": "Wedding Dresses"
          },
          "description": {},
          "slug": "wedding-dresses",
          "keywords": { "en": [], "ar": []},
          "children": []
        }
      ]
    },
    {
      "name": {
        "en": "Women's Clothing"
      },
      "description": {},
      "slug": "womens-clothing",
      "keywords": { "en": [], "ar": []},
      "children": [
        {
          "name": {
            "en": "Jumpsuits, Playsuits & Bodysuits"
          },
          "description": {},
          "slug": "jumpsuits-playsuits-and-bodysuits",
          "keywords": { "en": [], "ar": []},
          "children": []
        },
        {
          "name": {
            "en": "Maternity Clothing"
          },
          "description": {},
          "slug": "maternity-clothing",
          "keywords": { "en": [], "ar": []},
          "children": [
            {
              "name": {
                "en": "Apron"
              },
              "description": {},
              "slug": "apron",
              "keywords": { "en": [], "ar": []},
              "children": []
            },
            {
              "name": {
                "en": "Blouses & Shirts"
              },
              "description": {},
              "slug": "blouses-and-shirts",
              "keywords": { "en": [], "ar": []},
              "children": []
            },
            {
              "name": {
                "en": "Clothing Sets"
              },
              "description": {},
              "slug": "clothing-sets",
              "keywords": { "en": [], "ar": []},
              "children": []
            },
            {
              "name": {
                "en": "Dresses"
              },
              "description": {},
              "slug": "dresses",
              "keywords": { "en": [], "ar": []},
              "children": []
            },
            {
              "name": {
                "en": "Hoodies & Sweatshirts"
              },
              "description": {},
              "slug": "hoodies-and-sweatshirts",
              "keywords": { "en": [], "ar": []},
              "children": []
            },
            {
              "name": {
                "en": "Jackets & Coats"
              },
              "description": {},
              "slug": "jackets-and-coats",
              "keywords": { "en": [], "ar": []},
              "children": []
            },
            {
              "name": {
                "en": "Jeans"
              },
              "description": {},
              "slug": "jeans",
              "keywords": { "en": [], "ar": []},
              "children": []
            },
            {
              "name": {
                "en": "Long Johns"
              },
              "description": {},
              "slug": "long-johns",
              "keywords": { "en": [], "ar": []},
              "children": []
            },
            {
              "name": {
                "en": "Maternity & Nursing Bras"
              },
              "description": {},
              "slug": "maternity-and-nursing-bras",
              "keywords": { "en": [], "ar": []},
              "children": []
            },
            {
              "name": {
                "en": "Maternity Panties"
              },
              "description": {},
              "slug": "maternity-panties",
              "keywords": { "en": [], "ar": []},
              "children": []
            },
            {
              "name": {
                "en": "Nursing Covers"
              },
              "description": {},
              "slug": "nursing-covers",
              "keywords": { "en": [], "ar": []},
              "children": []
            },
            {
              "name": {
                "en": "Pants"
              },
              "description": {},
              "slug": "pants",
              "keywords": { "en": [], "ar": []},
              "children": []
            },
            {
              "name": {
                "en": "Shorts"
              },
              "description": {},
              "slug": "shorts",
              "keywords": { "en": [], "ar": []},
              "children": []
            },
            {
              "name": {
                "en": "Skirts"
              },
              "description": {},
              "slug": "skirts",
              "keywords": { "en": [], "ar": []},
              "children": []
            },
            {
              "name": {
                "en": "Sleep & Lounge"
              },
              "description": {},
              "slug": "sleep-and-lounge",
              "keywords": { "en": [], "ar": []},
              "children": []
            },
            {
              "name": {
                "en": "Sweaters"
              },
              "description": {},
              "slug": "sweaters",
              "keywords": { "en": [], "ar": []},
              "children": []
            },
            {
              "name": {
                "en": "Tanks & Camis"
              },
              "description": {},
              "slug": "tanks-and-camis",
              "keywords": { "en": [], "ar": []},
              "children": []
            },
            {
              "name": {
                "en": "Tees"
              },
              "description": {},
              "slug": "tees",
              "keywords": { "en": [], "ar": []},
              "children": []
            },
            {
              "name": {
                "en": "Tights & Hosiery"
              },
              "description": {},
              "slug": "tights-and-hosiery",
              "keywords": { "en": [], "ar": []},
              "children": []
            }
          ]
        },
        {
          "name": {
            "en": "Polo Shirts"
          },
          "description": {},
          "slug": "polo-shirts",
          "keywords": { "en": [], "ar": []},
          "children": []
        },
        {
          "name": {
            "en": "Women's Hosiery"
          },
          "description": {},
          "slug": "womens-hosiery",
          "keywords": { "en": [], "ar": []},
          "children": [
            {
              "name": {
                "en": "Body Stocking"
              },
              "description": {},
              "slug": "body-stocking",
              "keywords": { "en": [], "ar": []},
              "children": []
            },
            {
              "name": {
                "en": "Leg Warmers"
              },
              "description": {},
              "slug": "leg-warmers",
              "keywords": { "en": [], "ar": []},
              "children": []
            },
            {
              "name": {
                "en": "Pantyhose / Tights"
              },
              "description": {},
              "slug": "pantyhose-tights",
              "keywords": { "en": [], "ar": []},
              "children": []
            },
            {
              "name": {
                "en": "Stockings"
              },
              "description": {},
              "slug": "stockings",
              "keywords": { "en": [], "ar": []},
              "children": []
            },
            {
              "name": {
                "en": "Womens Other Hosiery"
              },
              "description": {},
              "slug": "womens-other-hosiery",
              "keywords": { "en": [], "ar": []},
              "children": []
            },
            {
              "name": {
                "en": "Womens Socks"
              },
              "description": {},
              "slug": "womens-socks",
              "keywords": { "en": [], "ar": []},
              "children": []
            }
          ]
        },
        {
          "name": {
            "en": "Women's Shorts"
          },
          "description": {},
          "slug": "womens-shorts",
          "keywords": { "en": [], "ar": []},
          "children": []
        },
        {
          "name": {
            "en": "Women's Sleepwear"
          },
          "description": {},
          "slug": "womens-sleepwear",
          "keywords": { "en": [], "ar": []},
          "children": []
        },
        {
          "name": {
            "en": "Women's Blouses & Shirts"
          },
          "description": {},
          "slug": "womens-blouses-and-shirts",
          "keywords": { "en": [], "ar": []},
          "children": []
        },
        {
          "name": {
            "en": "Women's Coats"
          },
          "description": {},
          "slug": "womens-coats",
          "keywords": { "en": [], "ar": []},
          "children": []
        },
        {
          "name": {
            "en": "Women's Down Coats"
          },
          "description": {},
          "slug": "womens-down-coats",
          "keywords": { "en": [], "ar": []},
          "children": []
        },
        {
          "name": {
            "en": "Women's Hoodies & Sweatshirts"
          },
          "description": {},
          "slug": "womens-hoodies-and-sweatshirts",
          "keywords": { "en": [], "ar": []},
          "children": []
        },
        {
          "name": {
            "en": "Women's Jackets"
          },
          "description": {},
          "slug": "womens-jackets",
          "keywords": { "en": [], "ar": []},
          "children": []
        },
        {
          "name": {
            "en": "Women's Jackets（old）"
          },
          "description": {},
          "slug": "womens-jacketsold",
          "keywords": { "en": [], "ar": []},
          "children": []
        },
        {
          "name": {
            "en": "Women's Jeans"
          },
          "description": {},
          "slug": "womens-jeans",
          "keywords": { "en": [], "ar": []},
          "children": []
        },
        {
          "name": {
            "en": "Women's Pants & Trousers"
          },
          "description": {},
          "slug": "womens-pants-and-trousers",
          "keywords": { "en": [], "ar": []},
          "children": []
        },
        {
          "name": {
            "en": "Women's Parkas"
          },
          "description": {},
          "slug": "womens-parkas",
          "keywords": { "en": [], "ar": []},
          "children": []
        },
        {
          "name": {
            "en": "Women's Sets"
          },
          "description": {},
          "slug": "womens-sets",
          "keywords": { "en": [], "ar": []},
          "children": []
        },
        {
          "name": {
            "en": "Women's Suits & Tuxedo"
          },
          "description": {},
          "slug": "womens-suits-and-tuxedo",
          "keywords": { "en": [], "ar": []},
          "children": []
        },
        {
          "name": {
            "en": "Women's Sweaters"
          },
          "description": {},
          "slug": "womens-sweaters",
          "keywords": { "en": [], "ar": []},
          "children": []
        },
        {
          "name": {
            "en": "Women's T-Shirts"
          },
          "description": {},
          "slug": "womens-t-shirts",
          "keywords": { "en": [], "ar": []},
          "children": []
        },
        {
          "name": {
            "en": "Women's T-Shirts（old）"
          },
          "description": {},
          "slug": "womens-t-shirtsold",
          "keywords": { "en": [], "ar": []},
          "children": []
        },
        {
          "name": {
            "en": "Women's Tank Tops"
          },
          "description": {},
          "slug": "womens-tank-tops",
          "keywords": { "en": [], "ar": []},
          "children": []
        },
        {
          "name": {
            "en": "Women's Trench Coats"
          },
          "description": {},
          "slug": "womens-trench-coats",
          "keywords": { "en": [], "ar": []},
          "children": []
        },
        {
          "name": {
            "en": "Women's Underwear"
          },
          "description": {},
          "slug": "womens-underwear",
          "keywords": { "en": [], "ar": []},
          "children": [
            {
              "name": {
                "en": "Bra & Brief Sets"
              },
              "description": {},
              "slug": "bra-and-brief-sets",
              "keywords": { "en": [], "ar": []},
              "children": []
            },
            {
              "name": {
                "en": "Bras"
              },
              "description": {},
              "slug": "bras",
              "keywords": { "en": [], "ar": []},
              "children": []
            },
            {
              "name": {
                "en": "Camisoles"
              },
              "description": {},
              "slug": "camisoles",
              "keywords": { "en": [], "ar": []},
              "children": []
            },
            {
              "name": {
                "en": "Garters Belt"
              },
              "description": {},
              "slug": "garters-belt",
              "keywords": { "en": [], "ar": []},
              "children": []
            },
            {
              "name": {
                "en": "Intimates Accessories"
              },
              "description": {},
              "slug": "intimates-accessories",
              "keywords": { "en": [], "ar": []},
              "children": []
            },
            {
              "name": {
                "en": "Shapers"
              },
              "description": {},
              "slug": "womens-underwear-shapers",
              "keywords": { "en": [], "ar": []},
              "children": []
            },
            {
              "name": {
                "en": "Slips"
              },
              "description": {},
              "slug": "slips",
              "keywords": { "en": [], "ar": []},
              "children": []
            },
            {
              "name": {
                "en": "Women's Panties"
              },
              "description": {},
              "slug": "womens-panties",
              "keywords": { "en": [], "ar": []},
              "children": []
            },
            {
              "name": {
                "en": "Womens Long Johns"
              },
              "description": {},
              "slug": "womens-long-johns",
              "keywords": { "en": [], "ar": []},
              "children": []
            },
            {
              "name": {
                "en": "Womens Other Underwear"
              },
              "description": {},
              "slug": "womens-other-underwear",
              "keywords": { "en": [], "ar": []},
              "children": []
            },
            {
              "name": {
                "en": "Womens Sexy Underwear"
              },
              "description": {},
              "slug": "womens-sexy-underwear",
              "keywords": { "en": [], "ar": []},
              "children": []
            }
          ]
        },
        {
          "name": {
            "en": "Women's Vests & Waistcoats"
          },
          "description": {},
          "slug": "womens-vests-and-waistcoats",
          "keywords": { "en": [], "ar": []},
          "children": []
        },
        {
          "name": {
            "en": "Women's Wool & Blends"
          },
          "description": {},
          "slug": "womens-wool-and-blends",
          "keywords": { "en": [], "ar": []},
          "children": []
        },
        {
          "name": {
            "en": "Womens Dresses"
          },
          "description": {},
          "slug": "womens-dresses",
          "keywords": { "en": [], "ar": []},
          "children": [
            {
              "name": {
                "en": "Career Dresses"
              },
              "description": {},
              "slug": "career-dresses",
              "keywords": { "en": [], "ar": []},
              "children": []
            },
            {
              "name": {
                "en": "Casual Dresses"
              },
              "description": {},
              "slug": "casual-dresses",
              "keywords": { "en": [], "ar": []},
              "children": []
            },
            {
              "name": {
                "en": "Club Dresses"
              },
              "description": {},
              "slug": "club-dresses",
              "keywords": { "en": [], "ar": []},
              "children": []
            },
            {
              "name": {
                "en": "Cocktail Dresses"
              },
              "description": {},
              "slug": "cocktail-dresses",
              "keywords": { "en": [], "ar": []},
              "children": []
            },
            {
              "name": {
                "en": "Evening Dresses"
              },
              "description": {},
              "slug": "evening-dresses",
              "keywords": { "en": [], "ar": []},
              "children": []
            },
            {
              "name": {
                "en": "Other Dresses"
              },
              "description": {},
              "slug": "other-dresses",
              "keywords": { "en": [], "ar": []},
              "children": []
            },
            {
              "name": {
                "en": "Prom Dresses"
              },
              "description": {},
              "slug": "prom-dresses",
              "keywords": { "en": [], "ar": []},
              "children": []
            }
          ]
        },
        {
          "name": {
            "en": "Womens Leggings"
          },
          "description": {},
          "slug": "womens-leggings",
          "keywords": { "en": [], "ar": []},
          "children": []
        },
        {
          "name": {
            "en": "Womens Skirts"
          },
          "description": {},
          "slug": "womens-skirts",
          "keywords": { "en": [], "ar": []},
          "children": []
        }
      ]
    }
  ]
}
