{
  "name": {
    "en": "Beauty & Personal Care"
  },
  "description": {},
  "slug": "beauty-and-personal-care",
  "keywords": { "en": [], "ar": []},
  "children": [
    {
      "name": {
        "en": "Bath Supplies"
      },
      "description": {},
      "slug": "bath-supplies",
      "keywords": { "en": [], "ar": []},
      "children": [
        {
          "name": {
            "en": "Baby's Bath Supplies"
          },
          "description": {},
          "slug": "babys-bath-supplies",
          "keywords": { "en": [], "ar": []},
          "children": []
        },
        {
          "name": {
            "en": "Bath Beads"
          },
          "description": {},
          "slug": "bath-beads",
          "keywords": { "en": [], "ar": []},
          "children": []
        },
        {
          "name": {
            "en": "Bath Brushes, Sponges & Scrubbers"
          },
          "description": {},
          "slug": "bath-brushes-sponges-and-scrubbers",
          "keywords": { "en": [], "ar": []},
          "children": []
        },
        {
          "name": {
            "en": "Bath Fizzies"
          },
          "description": {},
          "slug": "bath-fizzies",
          "keywords": { "en": [], "ar": []},
          "children": []
        },
        {
          "name": {
            "en": "Bath Powder"
          },
          "description": {},
          "slug": "bath-powder",
          "keywords": { "en": [], "ar": []},
          "children": []
        },
        {
          "name": {
            "en": "Bath Salt"
          },
          "description": {},
          "slug": "bath-salt",
          "keywords": { "en": [], "ar": []},
          "children": []
        },
        {
          "name": {
            "en": "Bath Set"
          },
          "description": {},
          "slug": "bath-set",
          "keywords": { "en": [], "ar": []},
          "children": []
        },
        {
          "name": {
            "en": "Body Scrub"
          },
          "description": {},
          "slug": "body-scrub",
          "keywords": { "en": [], "ar": []},
          "children": []
        },
        {
          "name": {
            "en": "Bubble Bath"
          },
          "description": {},
          "slug": "bubble-bath",
          "keywords": { "en": [], "ar": []},
          "children": []
        },
        {
          "name": {
            "en": "Hand Wash"
          },
          "description": {},
          "slug": "hand-wash",
          "keywords": { "en": [], "ar": []},
          "children": []
        },
        {
          "name": {
            "en": "Men's Bath Supplies"
          },
          "description": {},
          "slug": "mens-bath-supplies",
          "keywords": { "en": [], "ar": []},
          "children": []
        },
        {
          "name": {
            "en": "Other Bath Supplies"
          },
          "description": {},
          "slug": "other-bath-supplies",
          "keywords": { "en": [], "ar": []},
          "children": []
        },
        {
          "name": {
            "en": "Shower Gel"
          },
          "description": {},
          "slug": "shower-gel",
          "keywords": { "en": [], "ar": []},
          "children": []
        },
        {
          "name": {
            "en": "Soap"
          },
          "description": {},
          "slug": "soap",
          "keywords": { "en": [], "ar": []},
          "children": []
        }
      ]
    },
    {
      "name": {
        "en": "Beauty Equipment"
      },
      "description": {},
      "slug": "beauty-equipment",
      "keywords": { "en": [], "ar": []},
      "children": [
        {
          "name": {
            "en": "Anti-wrinkle Machine (except HIFU)"
          },
          "description": {},
          "slug": "anti-wrinkle-machine-except-hifu",
          "keywords": { "en": [], "ar": []},
          "children": []
        },
        {
          "name": {
            "en": "Anti-wrinkle Machine (except HIFU) (New)"
          },
          "description": {},
          "slug": "anti-wrinkle-machine-except-hifu-new",
          "keywords": { "en": [], "ar": []},
          "children": []
        },
        {
          "name": {
            "en": "Cryolipolysis Slimming Machine"
          },
          "description": {},
          "slug": "cryolipolysis-slimming-machine",
          "keywords": { "en": [], "ar": []},
          "children": []
        },
        {
          "name": {
            "en": "Facial Tanner"
          },
          "description": {},
          "slug": "facial-tanner",
          "keywords": { "en": [], "ar": []},
          "children": []
        },
        {
          "name": {
            "en": "HIFU（High Intensity Focused Ultrasound)"
          },
          "description": {},
          "slug": "hifuhigh-intensity-focused-ultrasound",
          "keywords": { "en": [], "ar": []},
          "children": []
        },
        {
          "name": {
            "en": "Home Use Beauty Equipment"
          },
          "description": {},
          "slug": "home-use-beauty-equipment",
          "keywords": { "en": [], "ar": []},
          "children": [
            {
              "name": {
                "en": "Eye Massager"
              },
              "description": {},
              "slug": "eye-massager",
              "keywords": { "en": [], "ar": []},
              "children": []
            },
            {
              "name": {
                "en": "Facial Massager"
              },
              "description": {},
              "slug": "facial-massager",
              "keywords": { "en": [], "ar": []},
              "children": []
            },
            {
              "name": {
                "en": "Home Use IPL Machine"
              },
              "description": {},
              "slug": "home-use-ipl-machine",
              "keywords": { "en": [], "ar": []},
              "children": []
            },
            {
              "name": {
                "en": "Other Home Use Beauty Equipment"
              },
              "description": {},
              "slug": "other-home-use-beauty-equipment",
              "keywords": { "en": [], "ar": []},
              "children": []
            },
            {
              "name": {
                "en": "Vacuum Blackhead Remover"
              },
              "description": {},
              "slug": "vacuum-blackhead-remover",
              "keywords": { "en": [], "ar": []},
              "children": []
            }
          ]
        },
        {
          "name": {
            "en": "IPL Machine"
          },
          "description": {},
          "slug": "ipl-machine",
          "keywords": { "en": [], "ar": []},
          "children": []
        },
        {
          "name": {
            "en": "IPL Machine (New)"
          },
          "description": {},
          "slug": "ipl-machine-new",
          "keywords": { "en": [], "ar": []},
          "children": []
        },
        {
          "name": {
            "en": "Laser Beauty Equipment"
          },
          "description": {},
          "slug": "laser-beauty-equipment",
          "keywords": { "en": [], "ar": []},
          "children": []
        },
        {
          "name": {
            "en": "Laser Beauty Equipment (New)"
          },
          "description": {},
          "slug": "laser-beauty-equipment-new",
          "keywords": { "en": [], "ar": []},
          "children": []
        },
        {
          "name": {
            "en": "Magnifying Lamp"
          },
          "description": {},
          "slug": "magnifying-lamp",
          "keywords": { "en": [], "ar": []},
          "children": []
        },
        {
          "name": {
            "en": "Mesotherapy Gun"
          },
          "description": {},
          "slug": "mesotherapy-gun",
          "keywords": { "en": [], "ar": []},
          "children": []
        },
        {
          "name": {
            "en": "Microdermabrasion Machine"
          },
          "description": {},
          "slug": "microdermabrasion-machine",
          "keywords": { "en": [], "ar": []},
          "children": []
        },
        {
          "name": {
            "en": "Multi-Functional Beauty Equipment"
          },
          "description": {},
          "slug": "multi-functional-beauty-equipment",
          "keywords": { "en": [], "ar": []},
          "children": []
        },
        {
          "name": {
            "en": "No-Needle Mesotherapy Device"
          },
          "description": {},
          "slug": "no-needle-mesotherapy-device",
          "keywords": { "en": [], "ar": []},
          "children": []
        },
        {
          "name": {
            "en": "Other Beauty Equipment"
          },
          "description": {},
          "slug": "other-beauty-equipment",
          "keywords": { "en": [], "ar": []},
          "children": []
        },
        {
          "name": {
            "en": "Other Beauty Equipment (New)"
          },
          "description": {},
          "slug": "other-beauty-equipment-new",
          "keywords": { "en": [], "ar": []},
          "children": []
        },
        {
          "name": {
            "en": "Oxygen Jet"
          },
          "description": {},
          "slug": "oxygen-jet",
          "keywords": { "en": [], "ar": []},
          "children": []
        },
        {
          "name": {
            "en": "PDT Machine"
          },
          "description": {},
          "slug": "pdt-machine",
          "keywords": { "en": [], "ar": []},
          "children": []
        },
        {
          "name": {
            "en": "RF Equipment"
          },
          "description": {},
          "slug": "rf-equipment",
          "keywords": { "en": [], "ar": []},
          "children": []
        },
        {
          "name": {
            "en": "Skin Analyzer"
          },
          "description": {},
          "slug": "skin-analyzer",
          "keywords": { "en": [], "ar": []},
          "children": []
        },
        {
          "name": {
            "en": "Spa Capsule"
          },
          "description": {},
          "slug": "spa-capsule",
          "keywords": { "en": [], "ar": []},
          "children": []
        },
        {
          "name": {
            "en": "Tanning Bed"
          },
          "description": {},
          "slug": "tanning-bed",
          "keywords": { "en": [], "ar": []},
          "children": []
        },
        {
          "name": {
            "en": "UV Meter"
          },
          "description": {},
          "slug": "uv-meter",
          "keywords": { "en": [], "ar": []},
          "children": []
        },
        {
          "name": {
            "en": "Vacuum Cavitation System(except cryolipo"
          },
          "description": {},
          "slug": "vacuum-cavitation-systemexcept-cryolipo",
          "keywords": { "en": [], "ar": []},
          "children": []
        },
        {
          "name": {
            "en": "Wax Heater"
          },
          "description": {},
          "slug": "wax-heater",
          "keywords": { "en": [], "ar": []},
          "children": []
        }
      ]
    },
    {
      "name": {
        "en": "Body Art"
      },
      "description": {},
      "slug": "body-art",
      "keywords": { "en": [], "ar": []},
      "children": [
        {
          "name": {
            "en": "Airbrush"
          },
          "description": {},
          "slug": "airbrush",
          "keywords": { "en": [], "ar": []},
          "children": []
        },
        {
          "name": {
            "en": "Body Painting Supplies"
          },
          "description": {},
          "slug": "body-painting-supplies",
          "keywords": { "en": [], "ar": []},
          "children": []
        },
        {
          "name": {
            "en": "Other Body Art"
          },
          "description": {},
          "slug": "other-body-art",
          "keywords": { "en": [], "ar": []},
          "children": []
        },
        {
          "name": {
            "en": "Tattoo Grip"
          },
          "description": {},
          "slug": "tattoo-grip",
          "keywords": { "en": [], "ar": []},
          "children": []
        },
        {
          "name": {
            "en": "Tattoo Gun"
          },
          "description": {},
          "slug": "tattoo-gun",
          "keywords": { "en": [], "ar": []},
          "children": []
        },
        {
          "name": {
            "en": "Tattoo Ink"
          },
          "description": {},
          "slug": "tattoo-ink",
          "keywords": { "en": [], "ar": []},
          "children": []
        },
        {
          "name": {
            "en": "Tattoo Kits"
          },
          "description": {},
          "slug": "tattoo-kits",
          "keywords": { "en": [], "ar": []},
          "children": []
        },
        {
          "name": {
            "en": "Tattoo Needle"
          },
          "description": {},
          "slug": "tattoo-needle",
          "keywords": { "en": [], "ar": []},
          "children": []
        },
        {
          "name": {
            "en": "Tattoo Stencil"
          },
          "description": {},
          "slug": "tattoo-stencil",
          "keywords": { "en": [], "ar": []},
          "children": []
        },
        {
          "name": {
            "en": "Tattoo Sticker"
          },
          "description": {},
          "slug": "tattoo-sticker",
          "keywords": { "en": [], "ar": []},
          "children": []
        },
        {
          "name": {
            "en": "Tattoo Tip"
          },
          "description": {},
          "slug": "tattoo-tip",
          "keywords": { "en": [], "ar": []},
          "children": []
        }
      ]
    },
    {
      "name": {
        "en": "Breast Care"
      },
      "description": {},
      "slug": "breast-care",
      "keywords": { "en": [], "ar": []},
      "children": [
        {
          "name": {
            "en": "Breast Enhancement Cream"
          },
          "description": {},
          "slug": "breast-enhancement-cream",
          "keywords": { "en": [], "ar": []},
          "children": []
        },
        {
          "name": {
            "en": "Breast Form"
          },
          "description": {},
          "slug": "breast-form",
          "keywords": { "en": [], "ar": []},
          "children": []
        },
        {
          "name": {
            "en": "Breast Mask"
          },
          "description": {},
          "slug": "breast-mask",
          "keywords": { "en": [], "ar": []},
          "children": []
        },
        {
          "name": {
            "en": "Breast Massager"
          },
          "description": {},
          "slug": "breast-massager",
          "keywords": { "en": [], "ar": []},
          "children": []
        },
        {
          "name": {
            "en": "Nursing Pad"
          },
          "description": {},
          "slug": "nursing-pad",
          "keywords": { "en": [], "ar": []},
          "children": []
        },
        {
          "name": {
            "en": "Other Breast Care Products"
          },
          "description": {},
          "slug": "other-breast-care-products",
          "keywords": { "en": [], "ar": []},
          "children": []
        }
      ]
    },
    {
      "name": {
        "en": "False Eyelashes & Tools"
      },
      "description": {},
      "slug": "false-eyelashes-and-tools",
      "keywords": { "en": [], "ar": []},
      "children": [
        {
          "name": {
            "en": "Eyelash Extension Kits"
          },
          "description": {},
          "slug": "eyelash-extension-kits",
          "keywords": { "en": [], "ar": []},
          "children": []
        },
        {
          "name": {
            "en": "Eyelash Extensions"
          },
          "description": {},
          "slug": "eyelash-extensions",
          "keywords": { "en": [], "ar": []},
          "children": []
        },
        {
          "name": {
            "en": "Eyelash Glue"
          },
          "description": {},
          "slug": "eyelash-glue",
          "keywords": { "en": [], "ar": []},
          "children": []
        },
        {
          "name": {
            "en": "Eyelash Glue Remover"
          },
          "description": {},
          "slug": "eyelash-glue-remover",
          "keywords": { "en": [], "ar": []},
          "children": []
        },
        {
          "name": {
            "en": "Eyelash Tweezers"
          },
          "description": {},
          "slug": "eyelash-tweezers",
          "keywords": { "en": [], "ar": []},
          "children": []
        },
        {
          "name": {
            "en": "Fan Eyelashes"
          },
          "description": {},
          "slug": "fan-eyelashes",
          "keywords": { "en": [], "ar": []},
          "children": []
        },
        {
          "name": {
            "en": "Full Strip Lashes"
          },
          "description": {},
          "slug": "full-strip-lashes",
          "keywords": { "en": [], "ar": []},
          "children": []
        },
        {
          "name": {
            "en": "Glue Holder"
          },
          "description": {},
          "slug": "glue-holder",
          "keywords": { "en": [], "ar": []},
          "children": []
        },
        {
          "name": {
            "en": "Magnetic Lashes"
          },
          "description": {},
          "slug": "magnetic-lashes",
          "keywords": { "en": [], "ar": []},
          "children": []
        },
        {
          "name": {
            "en": "Mascara Brushes"
          },
          "description": {},
          "slug": "mascara-brushes",
          "keywords": { "en": [], "ar": []},
          "children": []
        },
        {
          "name": {
            "en": "Other Eyelashes & Tools"
          },
          "description": {},
          "slug": "other-eyelashes-and-tools",
          "keywords": { "en": [], "ar": []},
          "children": []
        },
        {
          "name": {
            "en": "Other Lashes"
          },
          "description": {},
          "slug": "other-lashes",
          "keywords": { "en": [], "ar": []},
          "children": []
        },
        {
          "name": {
            "en": "Under Eye Pads"
          },
          "description": {},
          "slug": "under-eye-pads",
          "keywords": { "en": [], "ar": []},
          "children": []
        }
      ]
    },
    {
      "name": {
        "en": "Feminine Hygiene"
      },
      "description": {},
      "slug": "feminine-hygiene",
      "keywords": { "en": [], "ar": []},
      "children": [
        {
          "name": {
            "en": "Menstrual Cups"
          },
          "description": {},
          "slug": "menstrual-cups",
          "keywords": { "en": [], "ar": []},
          "children": []
        },
        {
          "name": {
            "en": "Other Feminine Hygiene Products"
          },
          "description": {},
          "slug": "other-feminine-hygiene-products",
          "keywords": { "en": [], "ar": []},
          "children": []
        },
        {
          "name": {
            "en": "Panty Liner"
          },
          "description": {},
          "slug": "panty-liner",
          "keywords": { "en": [], "ar": []},
          "children": []
        },
        {
          "name": {
            "en": "Sanitary Napkin"
          },
          "description": {},
          "slug": "sanitary-napkin",
          "keywords": { "en": [], "ar": []},
          "children": []
        },
        {
          "name": {
            "en": "Tampon"
          },
          "description": {},
          "slug": "tampon",
          "keywords": { "en": [], "ar": []},
          "children": []
        }
      ]
    },
    {
      "name": {
        "en": "Fragrance & Deodorant"
      },
      "description": {},
      "slug": "fragrance-and-deodorant",
      "keywords": { "en": [], "ar": []},
      "children": [
        {
          "name": {
            "en": "Deodorant & Antiperspirant"
          },
          "description": {},
          "slug": "deodorant-and-antiperspirant",
          "keywords": { "en": [], "ar": []},
          "children": []
        },
        {
          "name": {
            "en": "Other Fragrances & Deodorants"
          },
          "description": {},
          "slug": "other-fragrances-and-deodorants",
          "keywords": { "en": [], "ar": []},
          "children": []
        },
        {
          "name": {
            "en": "Perfume"
          },
          "description": {},
          "slug": "perfume",
          "keywords": { "en": [], "ar": []},
          "children": []
        }
      ]
    },
    {
      "name": {
        "en": "Hair Care & Styling"
      },
      "description": {},
      "slug": "hair-care-and-styling",
      "keywords": { "en": [], "ar": []},
      "children": [
        {
          "name": {
            "en": "Baby's Hair Care & Styling Products"
          },
          "description": {},
          "slug": "babys-hair-care-and-styling-products",
          "keywords": { "en": [], "ar": []},
          "children": []
        },
        {
          "name": {
            "en": "Hair Care"
          },
          "description": {},
          "slug": "hair-care",
          "keywords": { "en": [], "ar": []},
          "children": [
            {
              "name": {
                "en": "Hair Care Sets"
              },
              "description": {},
              "slug": "hair-care-sets",
              "keywords": { "en": [], "ar": []},
              "children": []
            },
            {
              "name": {
                "en": "Hair Conditioner"
              },
              "description": {},
              "slug": "hair-conditioner",
              "keywords": { "en": [], "ar": []},
              "children": []
            },
            {
              "name": {
                "en": "Hair Conditioner (New)"
              },
              "description": {},
              "slug": "hair-conditioner-new",
              "keywords": { "en": [], "ar": []},
              "children": []
            },
            {
              "name": {
                "en": "Hair Dye"
              },
              "description": {},
              "slug": "hair-dye",
              "keywords": { "en": [], "ar": []},
              "children": []
            },
            {
              "name": {
                "en": "Hair Loss Products"
              },
              "description": {},
              "slug": "hair-loss-products",
              "keywords": { "en": [], "ar": []},
              "children": []
            },
            {
              "name": {
                "en": "Hair Loss Products (New)"
              },
              "description": {},
              "slug": "hair-loss-products-new",
              "keywords": { "en": [], "ar": []},
              "children": []
            },
            {
              "name": {
                "en": "Hair Treatment"
              },
              "description": {},
              "slug": "hair-treatment",
              "keywords": { "en": [], "ar": []},
              "children": []
            },
            {
              "name": {
                "en": "Hair Treatment (New)"
              },
              "description": {},
              "slug": "hair-treatment-new",
              "keywords": { "en": [], "ar": []},
              "children": []
            },
            {
              "name": {
                "en": "Other Hair Care Products"
              },
              "description": {},
              "slug": "other-hair-care-products",
              "keywords": { "en": [], "ar": []},
              "children": []
            },
            {
              "name": {
                "en": "Other Hair Care Products (New)"
              },
              "description": {},
              "slug": "other-hair-care-products-new",
              "keywords": { "en": [], "ar": []},
              "children": []
            },
            {
              "name": {
                "en": "Perm Lotion"
              },
              "description": {},
              "slug": "perm-lotion",
              "keywords": { "en": [], "ar": []},
              "children": []
            },
            {
              "name": {
                "en": "Shampoo"
              },
              "description": {},
              "slug": "shampoo",
              "keywords": { "en": [], "ar": []},
              "children": []
            },
            {
              "name": {
                "en": "Shampoo (New)"
              },
              "description": {},
              "slug": "shampoo-new",
              "keywords": { "en": [], "ar": []},
              "children": []
            }
          ]
        },
        {
          "name": {
            "en": "Hair Styling Products"
          },
          "description": {},
          "slug": "hair-styling-products",
          "keywords": { "en": [], "ar": []},
          "children": []
        },
        {
          "name": {
            "en": "Hair Styling Products (New)"
          },
          "description": {},
          "slug": "hair-styling-products-new",
          "keywords": { "en": [], "ar": []},
          "children": []
        },
        {
          "name": {
            "en": "Hair Styling Tools"
          },
          "description": {},
          "slug": "hair-styling-tools",
          "keywords": { "en": [], "ar": []},
          "children": [
            {
              "name": {
                "en": "Color Mixing Bowls"
              },
              "description": {},
              "slug": "color-mixing-bowls",
              "keywords": { "en": [], "ar": []},
              "children": []
            },
            {
              "name": {
                "en": "Comb"
              },
              "description": {},
              "slug": "comb",
              "keywords": { "en": [], "ar": []},
              "children": []
            },
            {
              "name": {
                "en": "Hair Curler"
              },
              "description": {},
              "slug": "hair-curler",
              "keywords": { "en": [], "ar": []},
              "children": []
            },
            {
              "name": {
                "en": "Hair Extension Tools"
              },
              "description": {},
              "slug": "hair-extension-tools",
              "keywords": { "en": [], "ar": []},
              "children": []
            },
            {
              "name": {
                "en": "Hair Perm Machine"
              },
              "description": {},
              "slug": "hair-perm-machine",
              "keywords": { "en": [], "ar": []},
              "children": []
            },
            {
              "name": {
                "en": "Hair Roller"
              },
              "description": {},
              "slug": "hair-roller",
              "keywords": { "en": [], "ar": []},
              "children": []
            },
            {
              "name": {
                "en": "Hair Scissors"
              },
              "description": {},
              "slug": "hair-scissors",
              "keywords": { "en": [], "ar": []},
              "children": []
            },
            {
              "name": {
                "en": "Hair Steamer"
              },
              "description": {},
              "slug": "hair-steamer",
              "keywords": { "en": [], "ar": []},
              "children": []
            },
            {
              "name": {
                "en": "Hairbrush"
              },
              "description": {},
              "slug": "hairbrush",
              "keywords": { "en": [], "ar": []},
              "children": []
            },
            {
              "name": {
                "en": "Hairdressing Cape"
              },
              "description": {},
              "slug": "hairdressing-cape",
              "keywords": { "en": [], "ar": []},
              "children": []
            },
            {
              "name": {
                "en": "Hairdressing Foil"
              },
              "description": {},
              "slug": "hairdressing-foil",
              "keywords": { "en": [], "ar": []},
              "children": []
            },
            {
              "name": {
                "en": "Other Hair Styling Tools"
              },
              "description": {},
              "slug": "other-hair-styling-tools",
              "keywords": { "en": [], "ar": []},
              "children": []
            }
          ]
        },
        {
          "name": {
            "en": "Men's Hair Care & Styling"
          },
          "description": {},
          "slug": "mens-hair-care-and-styling",
          "keywords": { "en": [], "ar": []},
          "children": [
            {
              "name": {
                "en": "Men's Hair Styling Products"
              },
              "description": {},
              "slug": "mens-hair-styling-products",
              "keywords": { "en": [], "ar": []},
              "children": []
            },
            {
              "name": {
                "en": "Men's Shampoo & Conditioner"
              },
              "description": {},
              "slug": "mens-shampoo-and-conditioner",
              "keywords": { "en": [], "ar": []},
              "children": []
            },
            {
              "name": {
                "en": "Other Men's Hair Care & Styling Products"
              },
              "description": {},
              "slug": "other-mens-hair-care-and-styling-products",
              "keywords": { "en": [], "ar": []},
              "children": []
            }
          ]
        },
        {
          "name": {
            "en": "Other Hair Care & Styling Products"
          },
          "description": {},
          "slug": "other-hair-care-and-styling-products",
          "keywords": { "en": [], "ar": []},
          "children": []
        },
        {
          "name": {
            "en": "Other Hair Care & Styling Products (New)"
          },
          "description": {},
          "slug": "other-hair-care-and-styling-products-new",
          "keywords": { "en": [], "ar": []},
          "children": []
        }
      ]
    },
    {
      "name": {
        "en": "Hair Extensions & Wigs"
      },
      "description": {},
      "slug": "hair-extensions-and-wigs",
      "keywords": { "en": [], "ar": []},
      "children": [
        {
          "name": {
            "en": "Human Hair"
          },
          "description": {},
          "slug": "human-hair",
          "keywords": { "en": [], "ar": []},
          "children": [
            {
              "name": {
                "en": "Braiding Hair"
              },
              "description": {},
              "slug": "braiding-hair",
              "keywords": { "en": [], "ar": []},
              "children": []
            },
            {
              "name": {
                "en": "Chignon"
              },
              "description": {},
              "slug": "chignon",
              "keywords": { "en": [], "ar": []},
              "children": []
            },
            {
              "name": {
                "en": "Fringes"
              },
              "description": {},
              "slug": "fringes",
              "keywords": { "en": [], "ar": []},
              "children": []
            },
            {
              "name": {
                "en": "Hair Extensions (new)"
              },
              "description": {},
              "slug": "hair-extensions-new",
              "keywords": { "en": [], "ar": []},
              "children": []
            },
            {
              "name": {
                "en": "Other Human Hair"
              },
              "description": {},
              "slug": "other-human-hair",
              "keywords": { "en": [], "ar": []},
              "children": []
            },
            {
              "name": {
                "en": "Ponytails"
              },
              "description": {},
              "slug": "ponytails",
              "keywords": { "en": [], "ar": []},
              "children": []
            },
            {
              "name": {
                "en": "Toupee"
              },
              "description": {},
              "slug": "toupee",
              "keywords": { "en": [], "ar": []},
              "children": []
            },
            {
              "name": {
                "en": "Wigs"
              },
              "description": {},
              "slug": "wigs",
              "keywords": { "en": [], "ar": []},
              "children": []
            }
          ]
        },
        {
          "name": {
            "en": "Other Artificial Hair"
          },
          "description": {},
          "slug": "other-artificial-hair",
          "keywords": { "en": [], "ar": []},
          "children": []
        },
        {
          "name": {
            "en": "Synthetic Hair"
          },
          "description": {},
          "slug": "synthetic-hair",
          "keywords": { "en": [], "ar": []},
          "children": [
            {
              "name": {
                "en": "Braiding Hair"
              },
              "description": {},
              "slug": "synthetic-hair-braiding-hair",
              "keywords": { "en": [], "ar": []},
              "children": []
            },
            {
              "name": {
                "en": "Chignon"
              },
              "description": {},
              "slug": "synthetic-hair-chignon",
              "keywords": { "en": [], "ar": []},
              "children": []
            },
            {
              "name": {
                "en": "Fringes"
              },
              "description": {},
              "slug": "synthetic-hair-fringes",
              "keywords": { "en": [], "ar": []},
              "children": []
            },
            {
              "name": {
                "en": "Hair Extension (new)"
              },
              "description": {},
              "slug": "hair-extension-new",
              "keywords": { "en": [], "ar": []},
              "children": []
            },
            {
              "name": {
                "en": "Other Synthetic Hair"
              },
              "description": {},
              "slug": "other-synthetic-hair",
              "keywords": { "en": [], "ar": []},
              "children": []
            },
            {
              "name": {
                "en": "Ponytails"
              },
              "description": {},
              "slug": "synthetic-hair-ponytails",
              "keywords": { "en": [], "ar": []},
              "children": []
            },
            {
              "name": {
                "en": "Toupee"
              },
              "description": {},
              "slug": "synthetic-hair-toupee",
              "keywords": { "en": [], "ar": []},
              "children": []
            },
            {
              "name": {
                "en": "Wigs"
              },
              "description": {},
              "slug": "synthetic-hair-wigs",
              "keywords": { "en": [], "ar": []},
              "children": []
            }
          ]
        },
        {
          "name": {
            "en": "Training Head"
          },
          "description": {},
          "slug": "training-head",
          "keywords": { "en": [], "ar": []},
          "children": []
        },
        {
          "name": {
            "en": "Wig Display"
          },
          "description": {},
          "slug": "wig-display",
          "keywords": { "en": [], "ar": []},
          "children": []
        }
      ]
    },
    {
      "name": {
        "en": "Makeup"
      },
      "description": {},
      "slug": "makeup",
      "keywords": { "en": [], "ar": []},
      "children": [
        {
          "name": {
            "en": "Body Glitter"
          },
          "description": {},
          "slug": "body-glitter",
          "keywords": { "en": [], "ar": []},
          "children": []
        },
        {
          "name": {
            "en": "Eyes"
          },
          "description": {},
          "slug": "eyes",
          "keywords": { "en": [], "ar": []},
          "children": [
            {
              "name": {
                "en": "Eye Shadow"
              },
              "description": {},
              "slug": "eye-shadow",
              "keywords": { "en": [], "ar": []},
              "children": []
            },
            {
              "name": {
                "en": "Eyebrow Enhancers"
              },
              "description": {},
              "slug": "eyebrow-enhancers",
              "keywords": { "en": [], "ar": []},
              "children": []
            },
            {
              "name": {
                "en": "Eyebrow Enhancers (New)"
              },
              "description": {},
              "slug": "eyebrow-enhancers-new",
              "keywords": { "en": [], "ar": []},
              "children": []
            },
            {
              "name": {
                "en": "Eyelash Growth Treatments"
              },
              "description": {},
              "slug": "eyelash-growth-treatments",
              "keywords": { "en": [], "ar": []},
              "children": []
            },
            {
              "name": {
                "en": "Eyeliner"
              },
              "description": {},
              "slug": "eyeliner",
              "keywords": { "en": [], "ar": []},
              "children": []
            },
            {
              "name": {
                "en": "Mascara"
              },
              "description": {},
              "slug": "mascara",
              "keywords": { "en": [], "ar": []},
              "children": []
            },
            {
              "name": {
                "en": "Other Eyes Makeup Products"
              },
              "description": {},
              "slug": "other-eyes-makeup-products",
              "keywords": { "en": [], "ar": []},
              "children": []
            }
          ]
        },
        {
          "name": {
            "en": "Face"
          },
          "description": {},
          "slug": "face",
          "keywords": { "en": [], "ar": []},
          "children": [
            {
              "name": {
                "en": "BB & CC Creams"
              },
              "description": {},
              "slug": "bb-and-cc-creams",
              "keywords": { "en": [], "ar": []},
              "children": []
            },
            {
              "name": {
                "en": "BB & CC Creams（New)"
              },
              "description": {},
              "slug": "bb-and-cc-creamsnew",
              "keywords": { "en": [], "ar": []},
              "children": []
            },
            {
              "name": {
                "en": "Blush"
              },
              "description": {},
              "slug": "blush",
              "keywords": { "en": [], "ar": []},
              "children": []
            },
            {
              "name": {
                "en": "Bronzers & Highlighters"
              },
              "description": {},
              "slug": "bronzers-and-highlighters",
              "keywords": { "en": [], "ar": []},
              "children": []
            },
            {
              "name": {
                "en": "Concealer"
              },
              "description": {},
              "slug": "concealer",
              "keywords": { "en": [], "ar": []},
              "children": []
            },
            {
              "name": {
                "en": "Concealer (New)"
              },
              "description": {},
              "slug": "concealer-new",
              "keywords": { "en": [], "ar": []},
              "children": []
            },
            {
              "name": {
                "en": "Foundation"
              },
              "description": {},
              "slug": "foundation",
              "keywords": { "en": [], "ar": []},
              "children": []
            },
            {
              "name": {
                "en": "Foundation (New)"
              },
              "description": {},
              "slug": "foundation-new",
              "keywords": { "en": [], "ar": []},
              "children": []
            },
            {
              "name": {
                "en": "Hair Care Sets (New)"
              },
              "description": {},
              "slug": "hair-care-sets-new",
              "keywords": { "en": [], "ar": []},
              "children": []
            },
            {
              "name": {
                "en": "Makeup Base"
              },
              "description": {},
              "slug": "makeup-base",
              "keywords": { "en": [], "ar": []},
              "children": []
            },
            {
              "name": {
                "en": "Makeup Base (New)"
              },
              "description": {},
              "slug": "makeup-base-new",
              "keywords": { "en": [], "ar": []},
              "children": []
            },
            {
              "name": {
                "en": "Other Face Makeup Products"
              },
              "description": {},
              "slug": "other-face-makeup-products",
              "keywords": { "en": [], "ar": []},
              "children": []
            },
            {
              "name": {
                "en": "Other Face Makeup Products (New)"
              },
              "description": {},
              "slug": "other-face-makeup-products-new",
              "keywords": { "en": [], "ar": []},
              "children": []
            },
            {
              "name": {
                "en": "Primer"
              },
              "description": {},
              "slug": "primer",
              "keywords": { "en": [], "ar": []},
              "children": []
            }
          ]
        },
        {
          "name": {
            "en": "Lips"
          },
          "description": {},
          "slug": "lips",
          "keywords": { "en": [], "ar": []},
          "children": [
            {
              "name": {
                "en": "Lip Balm"
              },
              "description": {},
              "slug": "lip-balm",
              "keywords": { "en": [], "ar": []},
              "children": []
            },
            {
              "name": {
                "en": "Lip Balm (New)"
              },
              "description": {},
              "slug": "lip-balm-new",
              "keywords": { "en": [], "ar": []},
              "children": []
            },
            {
              "name": {
                "en": "Lip Gloss"
              },
              "description": {},
              "slug": "lip-gloss",
              "keywords": { "en": [], "ar": []},
              "children": []
            },
            {
              "name": {
                "en": "Lip Liner"
              },
              "description": {},
              "slug": "lip-liner",
              "keywords": { "en": [], "ar": []},
              "children": []
            },
            {
              "name": {
                "en": "Lipstick"
              },
              "description": {},
              "slug": "lipstick",
              "keywords": { "en": [], "ar": []},
              "children": []
            },
            {
              "name": {
                "en": "Lipstick (New)"
              },
              "description": {},
              "slug": "lipstick-new",
              "keywords": { "en": [], "ar": []},
              "children": []
            },
            {
              "name": {
                "en": "Other Lips Makeup Products"
              },
              "description": {},
              "slug": "other-lips-makeup-products",
              "keywords": { "en": [], "ar": []},
              "children": []
            },
            {
              "name": {
                "en": "Other Lips Makeup Products (New)"
              },
              "description": {},
              "slug": "other-lips-makeup-products-new",
              "keywords": { "en": [], "ar": []},
              "children": []
            }
          ]
        },
        {
          "name": {
            "en": "Makeup Remover"
          },
          "description": {},
          "slug": "makeup-remover",
          "keywords": { "en": [], "ar": []},
          "children": [
            {
              "name": {
                "en": "Makeup Removing Cream"
              },
              "description": {},
              "slug": "makeup-removing-cream",
              "keywords": { "en": [], "ar": []},
              "children": []
            },
            {
              "name": {
                "en": "Makeup Removing Cream (New)"
              },
              "description": {},
              "slug": "makeup-removing-cream-new",
              "keywords": { "en": [], "ar": []},
              "children": []
            },
            {
              "name": {
                "en": "Makeup Removing Gel"
              },
              "description": {},
              "slug": "makeup-removing-gel",
              "keywords": { "en": [], "ar": []},
              "children": []
            },
            {
              "name": {
                "en": "Makeup Removing Gel (New)"
              },
              "description": {},
              "slug": "makeup-removing-gel-new",
              "keywords": { "en": [], "ar": []},
              "children": []
            },
            {
              "name": {
                "en": "Makeup Removing Lotion"
              },
              "description": {},
              "slug": "makeup-removing-lotion",
              "keywords": { "en": [], "ar": []},
              "children": []
            },
            {
              "name": {
                "en": "Makeup Removing Lotion (New)"
              },
              "description": {},
              "slug": "makeup-removing-lotion-new",
              "keywords": { "en": [], "ar": []},
              "children": []
            },
            {
              "name": {
                "en": "Makeup Removing Oil"
              },
              "description": {},
              "slug": "makeup-removing-oil",
              "keywords": { "en": [], "ar": []},
              "children": []
            },
            {
              "name": {
                "en": "Makeup Removing Oil (New)"
              },
              "description": {},
              "slug": "makeup-removing-oil-new",
              "keywords": { "en": [], "ar": []},
              "children": []
            },
            {
              "name": {
                "en": "Makeup Removing Water"
              },
              "description": {},
              "slug": "makeup-removing-water",
              "keywords": { "en": [], "ar": []},
              "children": []
            },
            {
              "name": {
                "en": "Makeup Removing Water (New)"
              },
              "description": {},
              "slug": "makeup-removing-water-new",
              "keywords": { "en": [], "ar": []},
              "children": []
            },
            {
              "name": {
                "en": "Makeup Removing Wipes"
              },
              "description": {},
              "slug": "makeup-removing-wipes",
              "keywords": { "en": [], "ar": []},
              "children": []
            },
            {
              "name": {
                "en": "Makeup Removing Wipes (New)"
              },
              "description": {},
              "slug": "makeup-removing-wipes-new",
              "keywords": { "en": [], "ar": []},
              "children": []
            },
            {
              "name": {
                "en": "Mascara (New)"
              },
              "description": {},
              "slug": "mascara-new",
              "keywords": { "en": [], "ar": []},
              "children": []
            },
            {
              "name": {
                "en": "Other Makeup Remover"
              },
              "description": {},
              "slug": "other-makeup-remover",
              "keywords": { "en": [], "ar": []},
              "children": []
            },
            {
              "name": {
                "en": "Other Makeup Remover (New)"
              },
              "description": {},
              "slug": "other-makeup-remover-new",
              "keywords": { "en": [], "ar": []},
              "children": []
            }
          ]
        },
        {
          "name": {
            "en": "Makeup Sets"
          },
          "description": {},
          "slug": "makeup-sets",
          "keywords": { "en": [], "ar": []},
          "children": []
        },
        {
          "name": {
            "en": "Men's Makeup"
          },
          "description": {},
          "slug": "mens-makeup",
          "keywords": { "en": [], "ar": []},
          "children": []
        },
        {
          "name": {
            "en": "Other Makeup Products"
          },
          "description": {},
          "slug": "other-makeup-products",
          "keywords": { "en": [], "ar": []},
          "children": []
        },
        {
          "name": {
            "en": "Other Makeup Products (New)"
          },
          "description": {},
          "slug": "other-makeup-products-new",
          "keywords": { "en": [], "ar": []},
          "children": []
        }
      ]
    },
    {
      "name": {
        "en": "Makeup Tools"
      },
      "description": {},
      "slug": "makeup-tools",
      "keywords": { "en": [], "ar": []},
      "children": [
        {
          "name": {
            "en": "Cosmetic Puff"
          },
          "description": {},
          "slug": "cosmetic-puff",
          "keywords": { "en": [], "ar": []},
          "children": []
        },
        {
          "name": {
            "en": "Cotton Bud"
          },
          "description": {},
          "slug": "cotton-bud",
          "keywords": { "en": [], "ar": []},
          "children": []
        },
        {
          "name": {
            "en": "Eye Shadow Applicator"
          },
          "description": {},
          "slug": "eye-shadow-applicator",
          "keywords": { "en": [], "ar": []},
          "children": []
        },
        {
          "name": {
            "en": "Eyebrow Stencils"
          },
          "description": {},
          "slug": "eyebrow-stencils",
          "keywords": { "en": [], "ar": []},
          "children": []
        },
        {
          "name": {
            "en": "Eyebrow Trimmer"
          },
          "description": {},
          "slug": "eyebrow-trimmer",
          "keywords": { "en": [], "ar": []},
          "children": []
        },
        {
          "name": {
            "en": "Eyebrow Tweezers"
          },
          "description": {},
          "slug": "eyebrow-tweezers",
          "keywords": { "en": [], "ar": []},
          "children": []
        },
        {
          "name": {
            "en": "Eyelash Curler"
          },
          "description": {},
          "slug": "eyelash-curler",
          "keywords": { "en": [], "ar": []},
          "children": []
        },
        {
          "name": {
            "en": "Eyelid Tools"
          },
          "description": {},
          "slug": "eyelid-tools",
          "keywords": { "en": [], "ar": []},
          "children": []
        },
        {
          "name": {
            "en": "Eyeshadow Stamps"
          },
          "description": {},
          "slug": "eyeshadow-stamps",
          "keywords": { "en": [], "ar": []},
          "children": []
        },
        {
          "name": {
            "en": "Makeup Brushes"
          },
          "description": {},
          "slug": "makeup-brushes",
          "keywords": { "en": [], "ar": []},
          "children": [
            {
              "name": {
                "en": "Makeup Brush Cleaner"
              },
              "description": {},
              "slug": "makeup-brush-cleaner",
              "keywords": { "en": [], "ar": []},
              "children": []
            },
            {
              "name": {
                "en": "Makeup Brush set"
              },
              "description": {},
              "slug": "makeup-brush-set",
              "keywords": { "en": [], "ar": []},
              "children": []
            },
            {
              "name": {
                "en": "Other Makeup Brushes"
              },
              "description": {},
              "slug": "other-makeup-brushes",
              "keywords": { "en": [], "ar": []},
              "children": []
            },
            {
              "name": {
                "en": "Single Makeup Brush"
              },
              "description": {},
              "slug": "single-makeup-brush",
              "keywords": { "en": [], "ar": []},
              "children": []
            }
          ]
        },
        {
          "name": {
            "en": "Makeup Mirror"
          },
          "description": {},
          "slug": "makeup-mirror",
          "keywords": { "en": [], "ar": []},
          "children": []
        },
        {
          "name": {
            "en": "Makeup Scissors"
          },
          "description": {},
          "slug": "makeup-scissors",
          "keywords": { "en": [], "ar": []},
          "children": []
        },
        {
          "name": {
            "en": "Makeup Sponge"
          },
          "description": {},
          "slug": "makeup-sponge",
          "keywords": { "en": [], "ar": []},
          "children": []
        },
        {
          "name": {
            "en": "Makeup Sponge Holder"
          },
          "description": {},
          "slug": "makeup-sponge-holder",
          "keywords": { "en": [], "ar": []},
          "children": []
        },
        {
          "name": {
            "en": "Makeup Tool Kits"
          },
          "description": {},
          "slug": "makeup-tool-kits",
          "keywords": { "en": [], "ar": []},
          "children": []
        },
        {
          "name": {
            "en": "Other Makeup Tools"
          },
          "description": {},
          "slug": "other-makeup-tools",
          "keywords": { "en": [], "ar": []},
          "children": []
        }
      ]
    },
    {
      "name": {
        "en": "Nail Supplies"
      },
      "description": {},
      "slug": "nail-supplies",
      "keywords": { "en": [], "ar": []},
      "children": [
        {
          "name": {
            "en": "Nail Art"
          },
          "description": {},
          "slug": "nail-art",
          "keywords": { "en": [], "ar": []},
          "children": [
            {
              "name": {
                "en": "Acrylic Powder"
              },
              "description": {},
              "slug": "acrylic-powder",
              "keywords": { "en": [], "ar": []},
              "children": []
            },
            {
              "name": {
                "en": "Artificial Fingernails"
              },
              "description": {},
              "slug": "artificial-fingernails",
              "keywords": { "en": [], "ar": []},
              "children": []
            },
            {
              "name": {
                "en": "Nail Glue"
              },
              "description": {},
              "slug": "nail-glue",
              "keywords": { "en": [], "ar": []},
              "children": []
            },
            {
              "name": {
                "en": "Other Nail Art"
              },
              "description": {},
              "slug": "other-nail-art",
              "keywords": { "en": [], "ar": []},
              "children": []
            },
            {
              "name": {
                "en": "Stickers & Decals"
              },
              "description": {},
              "slug": "stickers-and-decals",
              "keywords": { "en": [], "ar": []},
              "children": []
            }
          ]
        },
        {
          "name": {
            "en": "Nail Equipments"
          },
          "description": {},
          "slug": "nail-equipments",
          "keywords": { "en": [], "ar": []},
          "children": [
            {
              "name": {
                "en": "Nail Dryer"
              },
              "description": {},
              "slug": "nail-dryer",
              "keywords": { "en": [], "ar": []},
              "children": []
            },
            {
              "name": {
                "en": "Nail Polisher"
              },
              "description": {},
              "slug": "nail-polisher",
              "keywords": { "en": [], "ar": []},
              "children": []
            },
            {
              "name": {
                "en": "Nail Printer"
              },
              "description": {},
              "slug": "nail-printer",
              "keywords": { "en": [], "ar": []},
              "children": []
            },
            {
              "name": {
                "en": "Other Nail Equipments"
              },
              "description": {},
              "slug": "other-nail-equipments",
              "keywords": { "en": [], "ar": []},
              "children": []
            },
            {
              "name": {
                "en": "Pedicure Chair"
              },
              "description": {},
              "slug": "pedicure-chair",
              "keywords": { "en": [], "ar": []},
              "children": []
            },
            {
              "name": {
                "en": "UV Lamp"
              },
              "description": {},
              "slug": "uv-lamp",
              "keywords": { "en": [], "ar": []},
              "children": []
            }
          ]
        },
        {
          "name": {
            "en": "Nail Painting"
          },
          "description": {},
          "slug": "nail-painting",
          "keywords": { "en": [], "ar": []},
          "children": [
            {
              "name": {
                "en": "Cuticle Oil"
              },
              "description": {},
              "slug": "cuticle-oil",
              "keywords": { "en": [], "ar": []},
              "children": []
            },
            {
              "name": {
                "en": "Nail Paint"
              },
              "description": {},
              "slug": "nail-paint",
              "keywords": { "en": [], "ar": []},
              "children": []
            },
            {
              "name": {
                "en": "Nail Polish"
              },
              "description": {},
              "slug": "nail-polish",
              "keywords": { "en": [], "ar": []},
              "children": []
            },
            {
              "name": {
                "en": "Nail Polish Remover"
              },
              "description": {},
              "slug": "nail-polish-remover",
              "keywords": { "en": [], "ar": []},
              "children": []
            },
            {
              "name": {
                "en": "Other Nail Painting"
              },
              "description": {},
              "slug": "other-nail-painting",
              "keywords": { "en": [], "ar": []},
              "children": []
            },
            {
              "name": {
                "en": "UV Gel"
              },
              "description": {},
              "slug": "uv-gel",
              "keywords": { "en": [], "ar": []},
              "children": []
            }
          ]
        },
        {
          "name": {
            "en": "Nail Tools"
          },
          "description": {},
          "slug": "nail-tools",
          "keywords": { "en": [], "ar": []},
          "children": [
            {
              "name": {
                "en": "Callus Remover"
              },
              "description": {},
              "slug": "callus-remover",
              "keywords": { "en": [], "ar": []},
              "children": []
            },
            {
              "name": {
                "en": "Dotting Tools"
              },
              "description": {},
              "slug": "dotting-tools",
              "keywords": { "en": [], "ar": []},
              "children": []
            },
            {
              "name": {
                "en": "Manicure & Pedicure Set"
              },
              "description": {},
              "slug": "manicure-and-pedicure-set",
              "keywords": { "en": [], "ar": []},
              "children": []
            },
            {
              "name": {
                "en": "Manicure Scissors"
              },
              "description": {},
              "slug": "manicure-scissors",
              "keywords": { "en": [], "ar": []},
              "children": []
            },
            {
              "name": {
                "en": "Manicure Tweezers"
              },
              "description": {},
              "slug": "manicure-tweezers",
              "keywords": { "en": [], "ar": []},
              "children": []
            },
            {
              "name": {
                "en": "Nail Brush"
              },
              "description": {},
              "slug": "nail-brush",
              "keywords": { "en": [], "ar": []},
              "children": []
            },
            {
              "name": {
                "en": "Nail Buffer"
              },
              "description": {},
              "slug": "nail-buffer",
              "keywords": { "en": [], "ar": []},
              "children": []
            },
            {
              "name": {
                "en": "Nail Clipper"
              },
              "description": {},
              "slug": "nail-clipper",
              "keywords": { "en": [], "ar": []},
              "children": []
            },
            {
              "name": {
                "en": "Nail Drill"
              },
              "description": {},
              "slug": "nail-drill",
              "keywords": { "en": [], "ar": []},
              "children": []
            },
            {
              "name": {
                "en": "Nail File"
              },
              "description": {},
              "slug": "nail-file",
              "keywords": { "en": [], "ar": []},
              "children": []
            },
            {
              "name": {
                "en": "Nail Form"
              },
              "description": {},
              "slug": "nail-form",
              "keywords": { "en": [], "ar": []},
              "children": []
            },
            {
              "name": {
                "en": "Other Nail Tools"
              },
              "description": {},
              "slug": "other-nail-tools",
              "keywords": { "en": [], "ar": []},
              "children": []
            },
            {
              "name": {
                "en": "Toe Separator"
              },
              "description": {},
              "slug": "toe-separator",
              "keywords": { "en": [], "ar": []},
              "children": []
            }
          ]
        },
        {
          "name": {
            "en": "Other Nail Supplies"
          },
          "description": {},
          "slug": "other-nail-supplies",
          "keywords": { "en": [], "ar": []},
          "children": []
        }
      ]
    },
    {
      "name": {
        "en": "Oral Hygiene"
      },
      "description": {},
      "slug": "oral-hygiene",
      "keywords": { "en": [], "ar": []},
      "children": [
        {
          "name": {
            "en": "Dental Flosser"
          },
          "description": {},
          "slug": "dental-flosser",
          "keywords": { "en": [], "ar": []},
          "children": []
        },
        {
          "name": {
            "en": "Interdental brush"
          },
          "description": {},
          "slug": "interdental-brush",
          "keywords": { "en": [], "ar": []},
          "children": []
        },
        {
          "name": {
            "en": "Mouthwash"
          },
          "description": {},
          "slug": "mouthwash",
          "keywords": { "en": [], "ar": []},
          "children": []
        },
        {
          "name": {
            "en": "Other Oral Hygiene Products"
          },
          "description": {},
          "slug": "other-oral-hygiene-products",
          "keywords": { "en": [], "ar": []},
          "children": []
        },
        {
          "name": {
            "en": "Teeth Whitening"
          },
          "description": {},
          "slug": "teeth-whitening",
          "keywords": { "en": [], "ar": []},
          "children": []
        },
        {
          "name": {
            "en": "Toothbrush"
          },
          "description": {},
          "slug": "toothbrush",
          "keywords": { "en": [], "ar": []},
          "children": []
        },
        {
          "name": {
            "en": "Toothbrush Sanitizer"
          },
          "description": {},
          "slug": "toothbrush-sanitizer",
          "keywords": { "en": [], "ar": []},
          "children": []
        },
        {
          "name": {
            "en": "Toothpaste"
          },
          "description": {},
          "slug": "toothpaste",
          "keywords": { "en": [], "ar": []},
          "children": []
        }
      ]
    },
    {
      "name": {
        "en": "Other Beauty & Personal Care Products"
      },
      "description": {},
      "slug": "other-beauty-and-personal-care-products",
      "keywords": { "en": [], "ar": []},
      "children": []
    },
    {
      "name": {
        "en": "Other Beauty & Personal Care Products(ne"
      },
      "description": {},
      "slug": "other-beauty-and-personal-care-productsne",
      "keywords": { "en": [], "ar": []},
      "children": []
    },
    {
      "name": {
        "en": "Sanitary Paper"
      },
      "description": {},
      "slug": "sanitary-paper",
      "keywords": { "en": [], "ar": []},
      "children": [
        {
          "name": {
            "en": "Diapers/Nappies"
          },
          "description": {},
          "slug": "diapersnappies",
          "keywords": { "en": [], "ar": []},
          "children": []
        },
        {
          "name": {
            "en": "Facial Tissue"
          },
          "description": {},
          "slug": "facial-tissue",
          "keywords": { "en": [], "ar": []},
          "children": []
        },
        {
          "name": {
            "en": "Other Sanitary Paper"
          },
          "description": {},
          "slug": "other-sanitary-paper",
          "keywords": { "en": [], "ar": []},
          "children": []
        },
        {
          "name": {
            "en": "Paper Napkins & Serviettes"
          },
          "description": {},
          "slug": "paper-napkins-and-serviettes",
          "keywords": { "en": [], "ar": []},
          "children": []
        },
        {
          "name": {
            "en": "Toilet Tissue"
          },
          "description": {},
          "slug": "toilet-tissue",
          "keywords": { "en": [], "ar": []},
          "children": []
        },
        {
          "name": {
            "en": "Wet Wipes"
          },
          "description": {},
          "slug": "wet-wipes",
          "keywords": { "en": [], "ar": []},
          "children": []
        }
      ]
    },
    {
      "name": {
        "en": "Shaving & Hair Removal"
      },
      "description": {},
      "slug": "shaving-and-hair-removal",
      "keywords": { "en": [], "ar": []},
      "children": [
        {
          "name": {
            "en": "Aftershave"
          },
          "description": {},
          "slug": "aftershave",
          "keywords": { "en": [], "ar": []},
          "children": []
        },
        {
          "name": {
            "en": "Depilatory Wax"
          },
          "description": {},
          "slug": "depilatory-wax",
          "keywords": { "en": [], "ar": []},
          "children": []
        },
        {
          "name": {
            "en": "Hair Removal Cream"
          },
          "description": {},
          "slug": "hair-removal-cream",
          "keywords": { "en": [], "ar": []},
          "children": []
        },
        {
          "name": {
            "en": "Other Shaving & Hair Removal Products"
          },
          "description": {},
          "slug": "other-shaving-and-hair-removal-products",
          "keywords": { "en": [], "ar": []},
          "children": []
        },
        {
          "name": {
            "en": "Razor"
          },
          "description": {},
          "slug": "razor",
          "keywords": { "en": [], "ar": []},
          "children": []
        },
        {
          "name": {
            "en": "Razor Blade"
          },
          "description": {},
          "slug": "razor-blade",
          "keywords": { "en": [], "ar": []},
          "children": []
        },
        {
          "name": {
            "en": "Shaving Brush"
          },
          "description": {},
          "slug": "shaving-brush",
          "keywords": { "en": [], "ar": []},
          "children": []
        },
        {
          "name": {
            "en": "Shaving Cream"
          },
          "description": {},
          "slug": "shaving-cream",
          "keywords": { "en": [], "ar": []},
          "children": []
        },
        {
          "name": {
            "en": "Shaving Foam"
          },
          "description": {},
          "slug": "shaving-foam",
          "keywords": { "en": [], "ar": []},
          "children": []
        },
        {
          "name": {
            "en": "Wax Strip"
          },
          "description": {},
          "slug": "wax-strip",
          "keywords": { "en": [], "ar": []},
          "children": []
        }
      ]
    },
    {
      "name": {
        "en": "Skin Care"
      },
      "description": {},
      "slug": "skin-care",
      "keywords": { "en": [], "ar": []},
      "children": [
        {
          "name": {
            "en": "Baby's Skin Care"
          },
          "description": {},
          "slug": "babys-skin-care",
          "keywords": { "en": [], "ar": []},
          "children": [
            {
              "name": {
                "en": "Baby's Lotion & Cream"
              },
              "description": {},
              "slug": "babys-lotion-and-cream",
              "keywords": { "en": [], "ar": []},
              "children": []
            },
            {
              "name": {
                "en": "Baby's Skin Care Set"
              },
              "description": {},
              "slug": "babys-skin-care-set",
              "keywords": { "en": [], "ar": []},
              "children": []
            },
            {
              "name": {
                "en": "Baby's Sun Skin Protection"
              },
              "description": {},
              "slug": "babys-sun-skin-protection",
              "keywords": { "en": [], "ar": []},
              "children": []
            },
            {
              "name": {
                "en": "Other Baby Skin Care Products"
              },
              "description": {},
              "slug": "other-baby-skin-care-products",
              "keywords": { "en": [], "ar": []},
              "children": []
            }
          ]
        },
        {
          "name": {
            "en": "Body Care"
          },
          "description": {},
          "slug": "body-care",
          "keywords": { "en": [], "ar": []},
          "children": [
            {
              "name": {
                "en": "Body Lotion"
              },
              "description": {},
              "slug": "body-lotion",
              "keywords": { "en": [], "ar": []},
              "children": []
            },
            {
              "name": {
                "en": "Body Lotion (New)"
              },
              "description": {},
              "slug": "body-lotion-new",
              "keywords": { "en": [], "ar": []},
              "children": []
            },
            {
              "name": {
                "en": "Carrier Oil"
              },
              "description": {},
              "slug": "carrier-oil",
              "keywords": { "en": [], "ar": []},
              "children": []
            },
            {
              "name": {
                "en": "Essential Oil"
              },
              "description": {},
              "slug": "essential-oil",
              "keywords": { "en": [], "ar": []},
              "children": []
            },
            {
              "name": {
                "en": "Essential Oil (New)"
              },
              "description": {},
              "slug": "essential-oil-new",
              "keywords": { "en": [], "ar": []},
              "children": []
            },
            {
              "name": {
                "en": "Massage Cream/Gel/Other"
              },
              "description": {},
              "slug": "massage-creamgelother",
              "keywords": { "en": [], "ar": []},
              "children": []
            },
            {
              "name": {
                "en": "Other Body Care"
              },
              "description": {},
              "slug": "other-body-care",
              "keywords": { "en": [], "ar": []},
              "children": []
            },
            {
              "name": {
                "en": "Perfume Oil"
              },
              "description": {},
              "slug": "perfume-oil",
              "keywords": { "en": [], "ar": []},
              "children": []
            },
            {
              "name": {
                "en": "Slimming Cream"
              },
              "description": {},
              "slug": "slimming-cream",
              "keywords": { "en": [], "ar": []},
              "children": []
            }
          ]
        },
        {
          "name": {
            "en": "Dermal Filler"
          },
          "description": {},
          "slug": "dermal-filler",
          "keywords": { "en": [], "ar": []},
          "children": []
        },
        {
          "name": {
            "en": "Eyes Care"
          },
          "description": {},
          "slug": "eyes-care",
          "keywords": { "en": [], "ar": []},
          "children": [
            {
              "name": {
                "en": "Eye Cream"
              },
              "description": {},
              "slug": "eye-cream",
              "keywords": { "en": [], "ar": []},
              "children": []
            },
            {
              "name": {
                "en": "Eye Cream (New)"
              },
              "description": {},
              "slug": "eye-cream-new",
              "keywords": { "en": [], "ar": []},
              "children": []
            },
            {
              "name": {
                "en": "Eye Mask"
              },
              "description": {},
              "slug": "eye-mask",
              "keywords": { "en": [], "ar": []},
              "children": []
            },
            {
              "name": {
                "en": "Other Eyes Care"
              },
              "description": {},
              "slug": "other-eyes-care",
              "keywords": { "en": [], "ar": []},
              "children": []
            },
            {
              "name": {
                "en": "Other Eyes Care (New)"
              },
              "description": {},
              "slug": "other-eyes-care-new",
              "keywords": { "en": [], "ar": []},
              "children": []
            },
            {
              "name": {
                "en": "Other Face Care (New)"
              },
              "description": {},
              "slug": "other-face-care-new",
              "keywords": { "en": [], "ar": []},
              "children": []
            }
          ]
        },
        {
          "name": {
            "en": "Face Care"
          },
          "description": {},
          "slug": "face-care",
          "keywords": { "en": [], "ar": []},
          "children": [
            {
              "name": {
                "en": "Face & Body Mask"
              },
              "description": {},
              "slug": "face-and-body-mask",
              "keywords": { "en": [], "ar": []},
              "children": []
            },
            {
              "name": {
                "en": "Face & Body Mask (New)"
              },
              "description": {},
              "slug": "face-and-body-mask-new",
              "keywords": { "en": [], "ar": []},
              "children": []
            },
            {
              "name": {
                "en": "Face Cream & Lotion"
              },
              "description": {},
              "slug": "face-cream-and-lotion",
              "keywords": { "en": [], "ar": []},
              "children": []
            },
            {
              "name": {
                "en": "Face Cream & Lotion (New)"
              },
              "description": {},
              "slug": "face-cream-and-lotion-new",
              "keywords": { "en": [], "ar": []},
              "children": []
            },
            {
              "name": {
                "en": "Facial Cleanser"
              },
              "description": {},
              "slug": "facial-cleanser",
              "keywords": { "en": [], "ar": []},
              "children": []
            },
            {
              "name": {
                "en": "Facial Cleanser (New)"
              },
              "description": {},
              "slug": "facial-cleanser-new",
              "keywords": { "en": [], "ar": []},
              "children": []
            },
            {
              "name": {
                "en": "Hydrosol"
              },
              "description": {},
              "slug": "hydrosol",
              "keywords": { "en": [], "ar": []},
              "children": []
            },
            {
              "name": {
                "en": "Other Face Care"
              },
              "description": {},
              "slug": "other-face-care",
              "keywords": { "en": [], "ar": []},
              "children": []
            },
            {
              "name": {
                "en": "Pearl Powder"
              },
              "description": {},
              "slug": "pearl-powder",
              "keywords": { "en": [], "ar": []},
              "children": []
            },
            {
              "name": {
                "en": "Skin Care Serum"
              },
              "description": {},
              "slug": "skin-care-serum",
              "keywords": { "en": [], "ar": []},
              "children": []
            },
            {
              "name": {
                "en": "Skin Care Serum (New)"
              },
              "description": {},
              "slug": "skin-care-serum-new",
              "keywords": { "en": [], "ar": []},
              "children": []
            },
            {
              "name": {
                "en": "Skin Toner"
              },
              "description": {},
              "slug": "skin-toner",
              "keywords": { "en": [], "ar": []},
              "children": []
            },
            {
              "name": {
                "en": "Skin Toner (New)"
              },
              "description": {},
              "slug": "skin-toner-new",
              "keywords": { "en": [], "ar": []},
              "children": []
            }
          ]
        },
        {
          "name": {
            "en": "Hands & Feet Care"
          },
          "description": {},
          "slug": "hands-and-feet-care",
          "keywords": { "en": [], "ar": []},
          "children": [
            {
              "name": {
                "en": "Foot Skin Care"
              },
              "description": {},
              "slug": "foot-skin-care",
              "keywords": { "en": [], "ar": []},
              "children": []
            },
            {
              "name": {
                "en": "Hand Cream & Lotion"
              },
              "description": {},
              "slug": "hand-cream-and-lotion",
              "keywords": { "en": [], "ar": []},
              "children": []
            },
            {
              "name": {
                "en": "Moisturizing Gloves"
              },
              "description": {},
              "slug": "moisturizing-gloves",
              "keywords": { "en": [], "ar": []},
              "children": []
            },
            {
              "name": {
                "en": "Other Hands & Feet Care"
              },
              "description": {},
              "slug": "other-hands-and-feet-care",
              "keywords": { "en": [], "ar": []},
              "children": []
            }
          ]
        },
        {
          "name": {
            "en": "Lips Care"
          },
          "description": {},
          "slug": "lips-care",
          "keywords": { "en": [], "ar": []},
          "children": [
            {
              "name": {
                "en": "Lip Mask"
              },
              "description": {},
              "slug": "lip-mask",
              "keywords": { "en": [], "ar": []},
              "children": []
            },
            {
              "name": {
                "en": "Other Lips Care"
              },
              "description": {},
              "slug": "other-lips-care",
              "keywords": { "en": [], "ar": []},
              "children": []
            },
            {
              "name": {
                "en": "Other Lips Care (New)"
              },
              "description": {},
              "slug": "other-lips-care-new",
              "keywords": { "en": [], "ar": []},
              "children": []
            }
          ]
        },
        {
          "name": {
            "en": "Men's Skin Care"
          },
          "description": {},
          "slug": "mens-skin-care",
          "keywords": { "en": [], "ar": []},
          "children": [
            {
              "name": {
                "en": "Beard Care"
              },
              "description": {},
              "slug": "beard-care",
              "keywords": { "en": [], "ar": []},
              "children": []
            },
            {
              "name": {
                "en": "Men's Eye Cream"
              },
              "description": {},
              "slug": "mens-eye-cream",
              "keywords": { "en": [], "ar": []},
              "children": []
            },
            {
              "name": {
                "en": "Men's Face Wash"
              },
              "description": {},
              "slug": "mens-face-wash",
              "keywords": { "en": [], "ar": []},
              "children": []
            },
            {
              "name": {
                "en": "Men's Facial Mask"
              },
              "description": {},
              "slug": "mens-facial-mask",
              "keywords": { "en": [], "ar": []},
              "children": []
            },
            {
              "name": {
                "en": "Men's Moisturizers & Treatments"
              },
              "description": {},
              "slug": "mens-moisturizers-and-treatments",
              "keywords": { "en": [], "ar": []},
              "children": []
            },
            {
              "name": {
                "en": "Men's Skin Care Set"
              },
              "description": {},
              "slug": "mens-skin-care-set",
              "keywords": { "en": [], "ar": []},
              "children": []
            },
            {
              "name": {
                "en": "Men's Skin Serum"
              },
              "description": {},
              "slug": "mens-skin-serum",
              "keywords": { "en": [], "ar": []},
              "children": []
            },
            {
              "name": {
                "en": "Men's Skin Toner"
              },
              "description": {},
              "slug": "mens-skin-toner",
              "keywords": { "en": [], "ar": []},
              "children": []
            },
            {
              "name": {
                "en": "Other Men's Skin Care Products"
              },
              "description": {},
              "slug": "other-mens-skin-care-products",
              "keywords": { "en": [], "ar": []},
              "children": []
            }
          ]
        },
        {
          "name": {
            "en": "Other Skin Care Products"
          },
          "description": {},
          "slug": "other-skin-care-products",
          "keywords": { "en": [], "ar": []},
          "children": []
        },
        {
          "name": {
            "en": "Other Skin Care Products (New)"
          },
          "description": {},
          "slug": "other-skin-care-products-new",
          "keywords": { "en": [], "ar": []},
          "children": []
        },
        {
          "name": {
            "en": "Skin Care Set"
          },
          "description": {},
          "slug": "skin-care-set",
          "keywords": { "en": [], "ar": []},
          "children": []
        },
        {
          "name": {
            "en": "Skin Care Set (New)"
          },
          "description": {},
          "slug": "skin-care-set-new",
          "keywords": { "en": [], "ar": []},
          "children": []
        },
        {
          "name": {
            "en": "Sun Skin Protection"
          },
          "description": {},
          "slug": "sun-skin-protection",
          "keywords": { "en": [], "ar": []},
          "children": [
            {
              "name": {
                "en": "Other Sun Skin Protection"
              },
              "description": {},
              "slug": "other-sun-skin-protection",
              "keywords": { "en": [], "ar": []},
              "children": []
            },
            {
              "name": {
                "en": "Other Sun Skin Protection (New)"
              },
              "description": {},
              "slug": "other-sun-skin-protection-new",
              "keywords": { "en": [], "ar": []},
              "children": []
            },
            {
              "name": {
                "en": "Sunscreen"
              },
              "description": {},
              "slug": "sunscreen",
              "keywords": { "en": [], "ar": []},
              "children": []
            },
            {
              "name": {
                "en": "Sunscreen (New)"
              },
              "description": {},
              "slug": "sunscreen-new",
              "keywords": { "en": [], "ar": []},
              "children": []
            },
            {
              "name": {
                "en": "Tanning Lotion"
              },
              "description": {},
              "slug": "tanning-lotion",
              "keywords": { "en": [], "ar": []},
              "children": []
            }
          ]
        }
      ]
    },
    {
      "name": {
        "en": "Skin Care Tool"
      },
      "description": {},
      "slug": "skin-care-tool",
      "keywords": { "en": [], "ar": []},
      "children": [
        {
          "name": {
            "en": "Cotton Pad"
          },
          "description": {},
          "slug": "cotton-pad",
          "keywords": { "en": [], "ar": []},
          "children": []
        },
        {
          "name": {
            "en": "Facial Spoon"
          },
          "description": {},
          "slug": "facial-spoon",
          "keywords": { "en": [], "ar": []},
          "children": []
        },
        {
          "name": {
            "en": "Jade Roller"
          },
          "description": {},
          "slug": "jade-roller",
          "keywords": { "en": [], "ar": []},
          "children": []
        },
        {
          "name": {
            "en": "Other Skin Care Tool"
          },
          "description": {},
          "slug": "other-skin-care-tool",
          "keywords": { "en": [], "ar": []},
          "children": []
        }
      ]
    }
  ]
}
