{
  "name": {
    "en": "Business Services"
  },
  "description": {},
  "slug": "business-services",
  "keywords": { "en": [], "ar": []},
  "children": [
    {
      "name": {
        "en": "Advertising"
      },
      "description": {},
      "slug": "advertising",
      "keywords": { "en": [], "ar": []},
      "children": [
        {
          "name": {
            "en": "Advertising Design"
          },
          "description": {},
          "slug": "advertising-design",
          "keywords": { "en": [], "ar": []},
          "children": []
        },
        {
          "name": {
            "en": "Internet Advertising"
          },
          "description": {},
          "slug": "internet-advertising",
          "keywords": { "en": [], "ar": []},
          "children": []
        },
        {
          "name": {
            "en": "Magazines Advertising"
          },
          "description": {},
          "slug": "magazines-advertising",
          "keywords": { "en": [], "ar": []},
          "children": []
        },
        {
          "name": {
            "en": "Newspaper Advertising"
          },
          "description": {},
          "slug": "newspaper-advertising",
          "keywords": { "en": [], "ar": []},
          "children": []
        },
        {
          "name": {
            "en": "Other Advertising Services"
          },
          "description": {},
          "slug": "other-advertising-services",
          "keywords": { "en": [], "ar": []},
          "children": []
        },
        {
          "name": {
            "en": "Outdoor Advertising"
          },
          "description": {},
          "slug": "outdoor-advertising",
          "keywords": { "en": [], "ar": []},
          "children": []
        },
        {
          "name": {
            "en": "Radio Advertising"
          },
          "description": {},
          "slug": "radio-advertising",
          "keywords": { "en": [], "ar": []},
          "children": []
        },
        {
          "name": {
            "en": "Trade Show Advertising"
          },
          "description": {},
          "slug": "trade-show-advertising",
          "keywords": { "en": [], "ar": []},
          "children": []
        },
        {
          "name": {
            "en": "TV Advertising"
          },
          "description": {},
          "slug": "tv-advertising",
          "keywords": { "en": [], "ar": []},
          "children": []
        }
      ]
    },
    {
      "name": {
        "en": "Agency Services"
      },
      "description": {},
      "slug": "agency-services",
      "keywords": { "en": [], "ar": []},
      "children": [
        {
          "name": {
            "en": "Advertisement Agents"
          },
          "description": {},
          "slug": "advertisement-agents",
          "keywords": { "en": [], "ar": []},
          "children": []
        },
        {
          "name": {
            "en": "Agriculture & By-product Agents"
          },
          "description": {},
          "slug": "agriculture-and-by-product-agents",
          "keywords": { "en": [], "ar": []},
          "children": []
        },
        {
          "name": {
            "en": "Apparel Agents"
          },
          "description": {},
          "slug": "apparel-agents",
          "keywords": { "en": [], "ar": []},
          "children": []
        },
        {
          "name": {
            "en": "Automotive & Motorcycle Parts Agent"
          },
          "description": {},
          "slug": "automotive-and-motorcycle-parts-agent",
          "keywords": { "en": [], "ar": []},
          "children": []
        },
        {
          "name": {
            "en": "Bag & Luggage Agents"
          },
          "description": {},
          "slug": "bag-and-luggage-agents",
          "keywords": { "en": [], "ar": []},
          "children": []
        },
        {
          "name": {
            "en": "Beauty Products Agents"
          },
          "description": {},
          "slug": "beauty-products-agents",
          "keywords": { "en": [], "ar": []},
          "children": []
        },
        {
          "name": {
            "en": "Chemical Product Agents"
          },
          "description": {},
          "slug": "chemical-product-agents",
          "keywords": { "en": [], "ar": []},
          "children": []
        },
        {
          "name": {
            "en": "Clock Agents"
          },
          "description": {},
          "slug": "clock-agents",
          "keywords": { "en": [], "ar": []},
          "children": []
        },
        {
          "name": {
            "en": "Computer & Software Agents"
          },
          "description": {},
          "slug": "computer-and-software-agents",
          "keywords": { "en": [], "ar": []},
          "children": []
        },
        {
          "name": {
            "en": "Construction Materials Agents"
          },
          "description": {},
          "slug": "construction-materials-agents",
          "keywords": { "en": [], "ar": []},
          "children": []
        },
        {
          "name": {
            "en": "Consumer Electronics Agents"
          },
          "description": {},
          "slug": "consumer-electronics-agents",
          "keywords": { "en": [], "ar": []},
          "children": []
        },
        {
          "name": {
            "en": "Electrical Product Agents"
          },
          "description": {},
          "slug": "electrical-product-agents",
          "keywords": { "en": [], "ar": []},
          "children": []
        },
        {
          "name": {
            "en": "Electronics Agents"
          },
          "description": {},
          "slug": "electronics-agents",
          "keywords": { "en": [], "ar": []},
          "children": []
        },
        {
          "name": {
            "en": "Energy Agents"
          },
          "description": {},
          "slug": "energy-agents",
          "keywords": { "en": [], "ar": []},
          "children": []
        },
        {
          "name": {
            "en": "Entertainment Product Agents"
          },
          "description": {},
          "slug": "entertainment-product-agents",
          "keywords": { "en": [], "ar": []},
          "children": []
        },
        {
          "name": {
            "en": "Eyewear Agents"
          },
          "description": {},
          "slug": "eyewear-agents",
          "keywords": { "en": [], "ar": []},
          "children": []
        },
        {
          "name": {
            "en": "Fashion Accessories Agents"
          },
          "description": {},
          "slug": "fashion-accessories-agents",
          "keywords": { "en": [], "ar": []},
          "children": []
        },
        {
          "name": {
            "en": "Food Agents"
          },
          "description": {},
          "slug": "food-agents",
          "keywords": { "en": [], "ar": []},
          "children": []
        },
        {
          "name": {
            "en": "Furniture Agents"
          },
          "description": {},
          "slug": "furniture-agents",
          "keywords": { "en": [], "ar": []},
          "children": []
        },
        {
          "name": {
            "en": "General Mechanical Components Agents"
          },
          "description": {},
          "slug": "general-mechanical-components-agents",
          "keywords": { "en": [], "ar": []},
          "children": []
        },
        {
          "name": {
            "en": "General Trade Agents"
          },
          "description": {},
          "slug": "general-trade-agents",
          "keywords": { "en": [], "ar": []},
          "children": []
        },
        {
          "name": {
            "en": "Gifts & Crafts Agents"
          },
          "description": {},
          "slug": "gifts-and-crafts-agents",
          "keywords": { "en": [], "ar": []},
          "children": []
        },
        {
          "name": {
            "en": "Hardware Agents"
          },
          "description": {},
          "slug": "hardware-agents",
          "keywords": { "en": [], "ar": []},
          "children": []
        },
        {
          "name": {
            "en": "Health Product Agents"
          },
          "description": {},
          "slug": "health-product-agents",
          "keywords": { "en": [], "ar": []},
          "children": []
        },
        {
          "name": {
            "en": "Home Appliances Agents"
          },
          "description": {},
          "slug": "home-appliances-agents",
          "keywords": { "en": [], "ar": []},
          "children": []
        },
        {
          "name": {
            "en": "Home Supplies Agents"
          },
          "description": {},
          "slug": "home-supplies-agents",
          "keywords": { "en": [], "ar": []},
          "children": []
        },
        {
          "name": {
            "en": "Jewelry Agents"
          },
          "description": {},
          "slug": "jewelry-agents",
          "keywords": { "en": [], "ar": []},
          "children": []
        },
        {
          "name": {
            "en": "Lighting Agents"
          },
          "description": {},
          "slug": "lighting-agents",
          "keywords": { "en": [], "ar": []},
          "children": []
        },
        {
          "name": {
            "en": "Machinery Agents"
          },
          "description": {},
          "slug": "machinery-agents",
          "keywords": { "en": [], "ar": []},
          "children": []
        },
        {
          "name": {
            "en": "Machinery Leasing Service"
          },
          "description": {},
          "slug": "machinery-leasing-service",
          "keywords": { "en": [], "ar": []},
          "children": []
        },
        {
          "name": {
            "en": "Machinery Parts Agents"
          },
          "description": {},
          "slug": "machinery-parts-agents",
          "keywords": { "en": [], "ar": []},
          "children": []
        },
        {
          "name": {
            "en": "Measuring & Analysing Instrument Agents"
          },
          "description": {},
          "slug": "measuring-and-analysing-instrument-agents",
          "keywords": { "en": [], "ar": []},
          "children": []
        },
        {
          "name": {
            "en": "Mineral & Metals Agents"
          },
          "description": {},
          "slug": "mineral-and-metals-agents",
          "keywords": { "en": [], "ar": []},
          "children": []
        },
        {
          "name": {
            "en": "Office & School Supplies Agents"
          },
          "description": {},
          "slug": "office-and-school-supplies-agents",
          "keywords": { "en": [], "ar": []},
          "children": []
        },
        {
          "name": {
            "en": "Other Agency Services"
          },
          "description": {},
          "slug": "other-agency-services",
          "keywords": { "en": [], "ar": []},
          "children": []
        },
        {
          "name": {
            "en": "Packaging Products Agents"
          },
          "description": {},
          "slug": "packaging-products-agents",
          "keywords": { "en": [], "ar": []},
          "children": []
        },
        {
          "name": {
            "en": "Photography & Optic Product Agents"
          },
          "description": {},
          "slug": "photography-and-optic-product-agents",
          "keywords": { "en": [], "ar": []},
          "children": []
        },
        {
          "name": {
            "en": "Plastic Agents"
          },
          "description": {},
          "slug": "plastic-agents",
          "keywords": { "en": [], "ar": []},
          "children": []
        },
        {
          "name": {
            "en": "Printing Product Agents"
          },
          "description": {},
          "slug": "printing-product-agents",
          "keywords": { "en": [], "ar": []},
          "children": []
        },
        {
          "name": {
            "en": "Pulp & Paper Agent"
          },
          "description": {},
          "slug": "pulp-and-paper-agent",
          "keywords": { "en": [], "ar": []},
          "children": []
        },
        {
          "name": {
            "en": "Real Estate Agents"
          },
          "description": {},
          "slug": "real-estate-agents",
          "keywords": { "en": [], "ar": []},
          "children": []
        },
        {
          "name": {
            "en": "Rubber Agents"
          },
          "description": {},
          "slug": "rubber-agents",
          "keywords": { "en": [], "ar": []},
          "children": []
        },
        {
          "name": {
            "en": "Security Product Agents"
          },
          "description": {},
          "slug": "security-product-agents",
          "keywords": { "en": [], "ar": []},
          "children": []
        },
        {
          "name": {
            "en": "Shoes Agents"
          },
          "description": {},
          "slug": "shoes-agents",
          "keywords": { "en": [], "ar": []},
          "children": []
        },
        {
          "name": {
            "en": "Sport Product Agents"
          },
          "description": {},
          "slug": "sport-product-agents",
          "keywords": { "en": [], "ar": []},
          "children": []
        },
        {
          "name": {
            "en": "Textile Agents"
          },
          "description": {},
          "slug": "textile-agents",
          "keywords": { "en": [], "ar": []},
          "children": []
        },
        {
          "name": {
            "en": "Tool Agents"
          },
          "description": {},
          "slug": "tool-agents",
          "keywords": { "en": [], "ar": []},
          "children": []
        },
        {
          "name": {
            "en": "Transportation Product Agents"
          },
          "description": {},
          "slug": "transportation-product-agents",
          "keywords": { "en": [], "ar": []},
          "children": []
        },
        {
          "name": {
            "en": "Used Machinery & Equipment Auction Service"
          },
          "description": {},
          "slug": "used-machinery-and-equipment-auction-service",
          "keywords": { "en": [], "ar": []},
          "children": []
        },
        {
          "name": {
            "en": "Watch Agents"
          },
          "description": {},
          "slug": "watch-agents",
          "keywords": { "en": [], "ar": []},
          "children": []
        }
      ]
    },
    {
      "name": {
        "en": "Assurance Services"
      },
      "description": {},
      "slug": "assurance-services",
      "keywords": { "en": [], "ar": []},
      "children": []
    },
    {
      "name": {
        "en": "Auction"
      },
      "description": {},
      "slug": "auction",
      "keywords": { "en": [], "ar": []},
      "children": []
    },
    {
      "name": {
        "en": "Brokerage, Intermediary Service"
      },
      "description": {},
      "slug": "brokerage-intermediary-service",
      "keywords": { "en": [], "ar": []},
      "children": []
    },
    {
      "name": {
        "en": "Business Travel Services"
      },
      "description": {},
      "slug": "business-travel-services",
      "keywords": { "en": [], "ar": []},
      "children": [
        {
          "name": {
            "en": "Business Travel Packages"
          },
          "description": {},
          "slug": "business-travel-packages",
          "keywords": { "en": [], "ar": []},
          "children": []
        },
        {
          "name": {
            "en": "Corporate Travel"
          },
          "description": {},
          "slug": "corporate-travel",
          "keywords": { "en": [], "ar": []},
          "children": []
        },
        {
          "name": {
            "en": "Hotels Services"
          },
          "description": {},
          "slug": "hotels-services",
          "keywords": { "en": [], "ar": []},
          "children": []
        },
        {
          "name": {
            "en": "Other Business Travel Services"
          },
          "description": {},
          "slug": "other-business-travel-services",
          "keywords": { "en": [], "ar": []},
          "children": []
        },
        {
          "name": {
            "en": "Tickets"
          },
          "description": {},
          "slug": "tickets",
          "keywords": { "en": [], "ar": []},
          "children": []
        }
      ]
    },
    {
      "name": {
        "en": "Certification, Inspection & Credit Management"
      },
      "description": {},
      "slug": "certification-inspection-and-credit-management",
      "keywords": { "en": [], "ar": []},
      "children": [
        {
          "name": {
            "en": "Credit Investigation & Management"
          },
          "description": {},
          "slug": "credit-investigation-and-management",
          "keywords": { "en": [], "ar": []},
          "children": []
        },
        {
          "name": {
            "en": "Inspection & Quality Control Services"
          },
          "description": {},
          "slug": "inspection-and-quality-control-services",
          "keywords": { "en": [], "ar": []},
          "children": []
        },
        {
          "name": {
            "en": "Management System Certification"
          },
          "description": {},
          "slug": "management-system-certification",
          "keywords": { "en": [], "ar": []},
          "children": []
        },
        {
          "name": {
            "en": "Other Certification, Inspection & Credit Management"
          },
          "description": {},
          "slug": "other-certification-inspection-and-credit-management",
          "keywords": { "en": [], "ar": []},
          "children": []
        },
        {
          "name": {
            "en": "Product Certification"
          },
          "description": {},
          "slug": "product-certification",
          "keywords": { "en": [], "ar": []},
          "children": []
        }
      ]
    },
    {
      "name": {
        "en": "Computer & Information Technology Services"
      },
      "description": {},
      "slug": "computer-and-information-technology-services",
      "keywords": { "en": [], "ar": []},
      "children": [
        {
          "name": {
            "en": "Data Processing"
          },
          "description": {},
          "slug": "data-processing",
          "keywords": { "en": [], "ar": []},
          "children": []
        },
        {
          "name": {
            "en": "Other Computer & Information Technology Services"
          },
          "description": {},
          "slug": "other-computer-and-information-technology-services",
          "keywords": { "en": [], "ar": []},
          "children": []
        },
        {
          "name": {
            "en": "Software Development"
          },
          "description": {},
          "slug": "software-development",
          "keywords": { "en": [], "ar": []},
          "children": []
        },
        {
          "name": {
            "en": "Software Outsourcing"
          },
          "description": {},
          "slug": "software-outsourcing",
          "keywords": { "en": [], "ar": []},
          "children": []
        }
      ]
    },
    {
      "name": {
        "en": "Construction Services"
      },
      "description": {},
      "slug": "construction-services",
      "keywords": { "en": [], "ar": []},
      "children": []
    },
    {
      "name": {
        "en": "Consulting"
      },
      "description": {},
      "slug": "consulting",
      "keywords": { "en": [], "ar": []},
      "children": [
        {
          "name": {
            "en": "Computer & Information Technology Consulting"
          },
          "description": {},
          "slug": "computer-and-information-technology-consulting",
          "keywords": { "en": [], "ar": []},
          "children": []
        },
        {
          "name": {
            "en": "Management Consulting"
          },
          "description": {},
          "slug": "management-consulting",
          "keywords": { "en": [], "ar": []},
          "children": []
        },
        {
          "name": {
            "en": "Marketing Consulting"
          },
          "description": {},
          "slug": "marketing-consulting",
          "keywords": { "en": [], "ar": []},
          "children": []
        },
        {
          "name": {
            "en": "Other Consulting"
          },
          "description": {},
          "slug": "other-consulting",
          "keywords": { "en": [], "ar": []},
          "children": []
        },
        {
          "name": {
            "en": "Technology Consulting"
          },
          "description": {},
          "slug": "technology-consulting",
          "keywords": { "en": [], "ar": []},
          "children": []
        },
        {
          "name": {
            "en": "Trading Consulting"
          },
          "description": {},
          "slug": "trading-consulting",
          "keywords": { "en": [], "ar": []},
          "children": []
        }
      ]
    },
    {
      "name": {
        "en": "Corporate Register & Transfer"
      },
      "description": {},
      "slug": "corporate-register-and-transfer",
      "keywords": { "en": [], "ar": []},
      "children": []
    },
    {
      "name": {
        "en": "Design Services"
      },
      "description": {},
      "slug": "design-services",
      "keywords": { "en": [], "ar": []},
      "children": [
        {
          "name": {
            "en": "Architecture Design"
          },
          "description": {},
          "slug": "architecture-design",
          "keywords": { "en": [], "ar": []},
          "children": []
        },
        {
          "name": {
            "en": "Decorating Design"
          },
          "description": {},
          "slug": "decorating-design",
          "keywords": { "en": [], "ar": []},
          "children": []
        },
        {
          "name": {
            "en": "General Industrial Equipment Processing Services"
          },
          "description": {},
          "slug": "general-industrial-equipment-processing-services",
          "keywords": { "en": [], "ar": []},
          "children": []
        },
        {
          "name": {
            "en": "Graphic Design"
          },
          "description": {},
          "slug": "graphic-design",
          "keywords": { "en": [], "ar": []},
          "children": []
        },
        {
          "name": {
            "en": "Industrial Design"
          },
          "description": {},
          "slug": "industrial-design",
          "keywords": { "en": [], "ar": []},
          "children": []
        },
        {
          "name": {
            "en": "Machinery Design Services"
          },
          "description": {},
          "slug": "machinery-design-services",
          "keywords": { "en": [], "ar": []},
          "children": []
        },
        {
          "name": {
            "en": "Machinery Parts Design Services"
          },
          "description": {},
          "slug": "machinery-parts-design-services",
          "keywords": { "en": [], "ar": []},
          "children": []
        },
        {
          "name": {
            "en": "Other Design Services"
          },
          "description": {},
          "slug": "other-design-services",
          "keywords": { "en": [], "ar": []},
          "children": []
        },
        {
          "name": {
            "en": "Website Design"
          },
          "description": {},
          "slug": "website-design",
          "keywords": { "en": [], "ar": []},
          "children": []
        }
      ]
    },
    {
      "name": {
        "en": "Education & Training"
      },
      "description": {},
      "slug": "education-and-training",
      "keywords": { "en": [], "ar": []},
      "children": []
    },
    {
      "name": {
        "en": "Internet Service"
      },
      "description": {},
      "slug": "internet-service",
      "keywords": { "en": [], "ar": []},
      "children": []
    },
    {
      "name": {
        "en": "Labour & Employment"
      },
      "description": {},
      "slug": "labour-and-employment",
      "keywords": { "en": [], "ar": []},
      "children": []
    },
    {
      "name": {
        "en": "Law Services"
      },
      "description": {},
      "slug": "law-services",
      "keywords": { "en": [], "ar": []},
      "children": []
    },
    {
      "name": {
        "en": "Leasing Services"
      },
      "description": {},
      "slug": "leasing-services",
      "keywords": { "en": [], "ar": []},
      "children": []
    },
    {
      "name": {
        "en": "Logistics Services"
      },
      "description": {},
      "slug": "logistics-services",
      "keywords": { "en": [], "ar": []},
      "children": [
        {
          "name": {
            "en": "Air Freight"
          },
          "description": {},
          "slug": "air-freight",
          "keywords": { "en": [], "ar": []},
          "children": []
        },
        {
          "name": {
            "en": "Customs Clearance Services"
          },
          "description": {},
          "slug": "customs-clearance-services",
          "keywords": { "en": [], "ar": []},
          "children": []
        },
        {
          "name": {
            "en": "Express"
          },
          "description": {},
          "slug": "express",
          "keywords": { "en": [], "ar": []},
          "children": []
        },
        {
          "name": {
            "en": "Freight Agents"
          },
          "description": {},
          "slug": "freight-agents",
          "keywords": { "en": [], "ar": []},
          "children": []
        },
        {
          "name": {
            "en": "Other Logistics Services"
          },
          "description": {},
          "slug": "other-logistics-services",
          "keywords": { "en": [], "ar": []},
          "children": []
        },
        {
          "name": {
            "en": "Railway Freight"
          },
          "description": {},
          "slug": "railway-freight",
          "keywords": { "en": [], "ar": []},
          "children": []
        },
        {
          "name": {
            "en": "Road Freight"
          },
          "description": {},
          "slug": "road-freight",
          "keywords": { "en": [], "ar": []},
          "children": []
        },
        {
          "name": {
            "en": "Sea Freight"
          },
          "description": {},
          "slug": "sea-freight",
          "keywords": { "en": [], "ar": []},
          "children": []
        },
        {
          "name": {
            "en": "Warehouse Services"
          },
          "description": {},
          "slug": "warehouse-services",
          "keywords": { "en": [], "ar": []},
          "children": []
        },
        {
          "name": {
            "en": "Waterway Freight"
          },
          "description": {},
          "slug": "waterway-freight",
          "keywords": { "en": [], "ar": []},
          "children": []
        }
      ]
    },
    {
      "name": {
        "en": "Other Business Services"
      },
      "description": {},
      "slug": "other-business-services",
      "keywords": { "en": [], "ar": []},
      "children": []
    },
    {
      "name": {
        "en": "Passport & Visa"
      },
      "description": {},
      "slug": "passport-and-visa",
      "keywords": { "en": [], "ar": []},
      "children": []
    },
    {
      "name": {
        "en": "Processing Services"
      },
      "description": {},
      "slug": "processing-services",
      "keywords": { "en": [], "ar": []},
      "children": [
        {
          "name": {
            "en": "Agriculture Products Processing"
          },
          "description": {},
          "slug": "agriculture-products-processing",
          "keywords": { "en": [], "ar": []},
          "children": []
        },
        {
          "name": {
            "en": "Construction Materials Processing"
          },
          "description": {},
          "slug": "construction-materials-processing",
          "keywords": { "en": [], "ar": []},
          "children": []
        },
        {
          "name": {
            "en": "Electronic Products & Components Processing"
          },
          "description": {},
          "slug": "electronic-products-and-components-processing",
          "keywords": { "en": [], "ar": []},
          "children": []
        },
        {
          "name": {
            "en": "Fashion Accessories Processing"
          },
          "description": {},
          "slug": "fashion-accessories-processing",
          "keywords": { "en": [], "ar": []},
          "children": []
        },
        {
          "name": {
            "en": "Food Processing"
          },
          "description": {},
          "slug": "food-processing",
          "keywords": { "en": [], "ar": []},
          "children": []
        },
        {
          "name": {
            "en": "Gifts & Crafts Processing"
          },
          "description": {},
          "slug": "gifts-and-crafts-processing",
          "keywords": { "en": [], "ar": []},
          "children": []
        },
        {
          "name": {
            "en": "Hardware Processing"
          },
          "description": {},
          "slug": "hardware-processing",
          "keywords": { "en": [], "ar": []},
          "children": []
        },
        {
          "name": {
            "en": "Home Appliances Processing"
          },
          "description": {},
          "slug": "home-appliances-processing",
          "keywords": { "en": [], "ar": []},
          "children": []
        },
        {
          "name": {
            "en": "Home Supplies Products Processing"
          },
          "description": {},
          "slug": "home-supplies-products-processing",
          "keywords": { "en": [], "ar": []},
          "children": []
        },
        {
          "name": {
            "en": "Machinery Parts Processing Services"
          },
          "description": {},
          "slug": "machinery-parts-processing-services",
          "keywords": { "en": [], "ar": []},
          "children": []
        },
        {
          "name": {
            "en": "Machinery Processing Services"
          },
          "description": {},
          "slug": "machinery-processing-services",
          "keywords": { "en": [], "ar": []},
          "children": []
        },
        {
          "name": {
            "en": "Mechanical Accessory & Parts Processing"
          },
          "description": {},
          "slug": "mechanical-accessory-and-parts-processing",
          "keywords": { "en": [], "ar": []},
          "children": []
        },
        {
          "name": {
            "en": "Metal Processing Service"
          },
          "description": {},
          "slug": "metal-processing-service",
          "keywords": { "en": [], "ar": []},
          "children": []
        },
        {
          "name": {
            "en": "Other Processing Services"
          },
          "description": {},
          "slug": "other-processing-services",
          "keywords": { "en": [], "ar": []},
          "children": []
        },
        {
          "name": {
            "en": "Packaging Product Processing"
          },
          "description": {},
          "slug": "packaging-product-processing",
          "keywords": { "en": [], "ar": []},
          "children": []
        },
        {
          "name": {
            "en": "Plating Services"
          },
          "description": {},
          "slug": "plating-services",
          "keywords": { "en": [], "ar": []},
          "children": []
        },
        {
          "name": {
            "en": "Shoe Processing"
          },
          "description": {},
          "slug": "shoe-processing",
          "keywords": { "en": [], "ar": []},
          "children": []
        },
        {
          "name": {
            "en": "Telecommunication Processing"
          },
          "description": {},
          "slug": "telecommunication-processing",
          "keywords": { "en": [], "ar": []},
          "children": []
        }
      ]
    },
    {
      "name": {
        "en": "Project Cooperation"
      },
      "description": {},
      "slug": "project-cooperation",
      "keywords": { "en": [], "ar": []},
      "children": [
        {
          "name": {
            "en": "Agriculture Projects"
          },
          "description": {},
          "slug": "agriculture-projects",
          "keywords": { "en": [], "ar": []},
          "children": []
        },
        {
          "name": {
            "en": "Apparel Projects"
          },
          "description": {},
          "slug": "apparel-projects",
          "keywords": { "en": [], "ar": []},
          "children": []
        },
        {
          "name": {
            "en": "Chemical Projects"
          },
          "description": {},
          "slug": "chemical-projects",
          "keywords": { "en": [], "ar": []},
          "children": []
        },
        {
          "name": {
            "en": "Computer Related Projects"
          },
          "description": {},
          "slug": "computer-related-projects",
          "keywords": { "en": [], "ar": []},
          "children": []
        },
        {
          "name": {
            "en": "Construction Projects"
          },
          "description": {},
          "slug": "construction-projects",
          "keywords": { "en": [], "ar": []},
          "children": []
        },
        {
          "name": {
            "en": "Electronics Projects"
          },
          "description": {},
          "slug": "electronics-projects",
          "keywords": { "en": [], "ar": []},
          "children": []
        },
        {
          "name": {
            "en": "Energy Projects"
          },
          "description": {},
          "slug": "energy-projects",
          "keywords": { "en": [], "ar": []},
          "children": []
        },
        {
          "name": {
            "en": "Entertainment Projects"
          },
          "description": {},
          "slug": "entertainment-projects",
          "keywords": { "en": [], "ar": []},
          "children": []
        },
        {
          "name": {
            "en": "Environment Projects"
          },
          "description": {},
          "slug": "environment-projects",
          "keywords": { "en": [], "ar": []},
          "children": []
        },
        {
          "name": {
            "en": "Food Projects"
          },
          "description": {},
          "slug": "food-projects",
          "keywords": { "en": [], "ar": []},
          "children": []
        },
        {
          "name": {
            "en": "Health Projects"
          },
          "description": {},
          "slug": "health-projects",
          "keywords": { "en": [], "ar": []},
          "children": []
        },
        {
          "name": {
            "en": "Home Appliances Projects"
          },
          "description": {},
          "slug": "home-appliances-projects",
          "keywords": { "en": [], "ar": []},
          "children": []
        },
        {
          "name": {
            "en": "Home Supplies Projects"
          },
          "description": {},
          "slug": "home-supplies-projects",
          "keywords": { "en": [], "ar": []},
          "children": []
        },
        {
          "name": {
            "en": "Industrial Supplies Projects"
          },
          "description": {},
          "slug": "industrial-supplies-projects",
          "keywords": { "en": [], "ar": []},
          "children": []
        },
        {
          "name": {
            "en": "Mining and Metallurgy Projects"
          },
          "description": {},
          "slug": "mining-and-metallurgy-projects",
          "keywords": { "en": [], "ar": []},
          "children": []
        },
        {
          "name": {
            "en": "Other Project Cooperation"
          },
          "description": {},
          "slug": "other-project-cooperation",
          "keywords": { "en": [], "ar": []},
          "children": []
        },
        {
          "name": {
            "en": "Real Estate Projects"
          },
          "description": {},
          "slug": "real-estate-projects",
          "keywords": { "en": [], "ar": []},
          "children": []
        },
        {
          "name": {
            "en": "Regional Investment"
          },
          "description": {},
          "slug": "regional-investment",
          "keywords": { "en": [], "ar": []},
          "children": []
        },
        {
          "name": {
            "en": "Service Projects"
          },
          "description": {},
          "slug": "service-projects",
          "keywords": { "en": [], "ar": []},
          "children": []
        },
        {
          "name": {
            "en": "Textile Projects"
          },
          "description": {},
          "slug": "textile-projects",
          "keywords": { "en": [], "ar": []},
          "children": []
        },
        {
          "name": {
            "en": "Tourism Projects"
          },
          "description": {},
          "slug": "tourism-projects",
          "keywords": { "en": [], "ar": []},
          "children": []
        },
        {
          "name": {
            "en": "Transportation Projects"
          },
          "description": {},
          "slug": "transportation-projects",
          "keywords": { "en": [], "ar": []},
          "children": []
        }
      ]
    },
    {
      "name": {
        "en": "Public Relations Services"
      },
      "description": {},
      "slug": "public-relations-services",
      "keywords": { "en": [], "ar": []},
      "children": []
    },
    {
      "name": {
        "en": "Repairs & Maintenance"
      },
      "description": {},
      "slug": "repairs-and-maintenance",
      "keywords": { "en": [], "ar": []},
      "children": []
    },
    {
      "name": {
        "en": "Research & Development Services"
      },
      "description": {},
      "slug": "research-and-development-services",
      "keywords": { "en": [], "ar": []},
      "children": []
    },
    {
      "name": {
        "en": "Royalties & License Services"
      },
      "description": {},
      "slug": "royalties-and-license-services",
      "keywords": { "en": [], "ar": []},
      "children": [
        {
          "name": {
            "en": "Copyrights"
          },
          "description": {},
          "slug": "copyrights",
          "keywords": { "en": [], "ar": []},
          "children": []
        },
        {
          "name": {
            "en": "Other Royalties & License Services"
          },
          "description": {},
          "slug": "other-royalties-and-license-services",
          "keywords": { "en": [], "ar": []},
          "children": []
        },
        {
          "name": {
            "en": "Patents"
          },
          "description": {},
          "slug": "patents",
          "keywords": { "en": [], "ar": []},
          "children": []
        },
        {
          "name": {
            "en": "Trademarks"
          },
          "description": {},
          "slug": "trademarks",
          "keywords": { "en": [], "ar": []},
          "children": []
        }
      ]
    },
    {
      "name": {
        "en": "Supply Chain Management"
      },
      "description": {},
      "slug": "supply-chain-management",
      "keywords": { "en": [], "ar": []},
      "children": []
    },
    {
      "name": {
        "en": "Telecommunication Services"
      },
      "description": {},
      "slug": "telecommunication-services",
      "keywords": { "en": [], "ar": []},
      "children": []
    },
    {
      "name": {
        "en": "Trade Show Services"
      },
      "description": {},
      "slug": "trade-show-services",
      "keywords": { "en": [], "ar": []},
      "children": [
        {
          "name": {
            "en": "Booths Design & Executing"
          },
          "description": {},
          "slug": "booths-design-and-executing",
          "keywords": { "en": [], "ar": []},
          "children": []
        },
        {
          "name": {
            "en": "Exhibiting Services"
          },
          "description": {},
          "slug": "exhibiting-services",
          "keywords": { "en": [], "ar": []},
          "children": []
        },
        {
          "name": {
            "en": "Exhibition Invitation"
          },
          "description": {},
          "slug": "exhibition-invitation",
          "keywords": { "en": [], "ar": []},
          "children": []
        },
        {
          "name": {
            "en": "Other Trade Show Services"
          },
          "description": {},
          "slug": "other-trade-show-services",
          "keywords": { "en": [], "ar": []},
          "children": []
        },
        {
          "name": {
            "en": "Trade Show Planning"
          },
          "description": {},
          "slug": "trade-show-planning",
          "keywords": { "en": [], "ar": []},
          "children": []
        },
        {
          "name": {
            "en": "Trade Show Training"
          },
          "description": {},
          "slug": "trade-show-training",
          "keywords": { "en": [], "ar": []},
          "children": []
        }
      ]
    },
    {
      "name": {
        "en": "Translation Services"
      },
      "description": {},
      "slug": "translation-services",
      "keywords": { "en": [], "ar": []},
      "children": []
    }
  ]
}
