{
  "name": {
    "en": "Chemicals"
  },
  "description": {},
  "slug": "chemicals",
  "keywords": { "en": [], "ar": []},
  "children": [
    {
      "name": {
        "en": "Adhesives & Sealants"
      },
      "description": {},
      "slug": "adhesives-and-sealants",
      "keywords": { "en": [], "ar": []},
      "children": []
    },
    {
      "name": {
        "en": "Admixture & Additives"
      },
      "description": {},
      "slug": "admixture-and-additives",
      "keywords": { "en": [], "ar": []},
      "children": [
        {
          "name": {
            "en": "Construction Admixture"
          },
          "description": {},
          "slug": "construction-admixture",
          "keywords": { "en": [], "ar": []},
          "children": [
            {
              "name": {
                "en": "Polycarboxylate Superplasticizer"
              },
              "description": {},
              "slug": "polycarboxylate-superplasticizer",
              "keywords": { "en": [], "ar": []},
              "children": []
            }
          ]
        },
        {
          "name": {
            "en": "Feed Additives"
          },
          "description": {},
          "slug": "feed-additives",
          "keywords": { "en": [], "ar": []},
          "children": []
        }
      ]
    },
    {
      "name": {
        "en": "Agrochemicals"
      },
      "description": {},
      "slug": "agrochemicals",
      "keywords": { "en": [], "ar": []},
      "children": [
        {
          "name": {
            "en": "Fertilizer"
          },
          "description": {},
          "slug": "fertilizer",
          "keywords": { "en": [], "ar": []},
          "children": [
            {
              "name": {
                "en": "Biological Fertilizer"
              },
              "description": {},
              "slug": "biological-fertilizer",
              "keywords": { "en": [], "ar": []},
              "children": []
            },
            {
              "name": {
                "en": "Compound Fertilizer"
              },
              "description": {},
              "slug": "compound-fertilizer",
              "keywords": { "en": [], "ar": []},
              "children": []
            },
            {
              "name": {
                "en": "Nitrogen Fertilizer"
              },
              "description": {},
              "slug": "nitrogen-fertilizer",
              "keywords": { "en": [], "ar": []},
              "children": []
            },
            {
              "name": {
                "en": "Organic Fertilizer"
              },
              "description": {},
              "slug": "organic-fertilizer",
              "keywords": { "en": [], "ar": []},
              "children": []
            },
            {
              "name": {
                "en": "Other Fertilizers"
              },
              "description": {},
              "slug": "other-fertilizers",
              "keywords": { "en": [], "ar": []},
              "children": []
            },
            {
              "name": {
                "en": "Phosphate Fertilizer"
              },
              "description": {},
              "slug": "phosphate-fertilizer",
              "keywords": { "en": [], "ar": []},
              "children": []
            },
            {
              "name": {
                "en": "Plant Food"
              },
              "description": {},
              "slug": "plant-food",
              "keywords": { "en": [], "ar": []},
              "children": []
            },
            {
              "name": {
                "en": "Potassium Fertilizer"
              },
              "description": {},
              "slug": "potassium-fertilizer",
              "keywords": { "en": [], "ar": []},
              "children": []
            }
          ]
        },
        {
          "name": {
            "en": "Fungicide"
          },
          "description": {},
          "slug": "fungicide",
          "keywords": { "en": [], "ar": []},
          "children": []
        },
        {
          "name": {
            "en": "Herbicides"
          },
          "description": {},
          "slug": "herbicides",
          "keywords": { "en": [], "ar": []},
          "children": []
        },
        {
          "name": {
            "en": "Other Agrochemicals"
          },
          "description": {},
          "slug": "other-agrochemicals",
          "keywords": { "en": [], "ar": []},
          "children": []
        },
        {
          "name": {
            "en": "Pesticides"
          },
          "description": {},
          "slug": "pesticides",
          "keywords": { "en": [], "ar": []},
          "children": []
        },
        {
          "name": {
            "en": "Plant Growth Regulator"
          },
          "description": {},
          "slug": "plant-growth-regulator",
          "keywords": { "en": [], "ar": []},
          "children": []
        },
        {
          "name": {
            "en": "Rodenticide"
          },
          "description": {},
          "slug": "rodenticide",
          "keywords": { "en": [], "ar": []},
          "children": []
        }
      ]
    },
    {
      "name": {
        "en": "Basic Organic Chemicals"
      },
      "description": {},
      "slug": "basic-organic-chemicals",
      "keywords": { "en": [], "ar": []},
      "children": [
        {
          "name": {
            "en": "Alcohol & Hydroxybenzene & Ether"
          },
          "description": {},
          "slug": "alcohol-and-hydroxybenzene-and-ether",
          "keywords": { "en": [], "ar": []},
          "children": []
        },
        {
          "name": {
            "en": "Aldehyde & Ketone & Chinone"
          },
          "description": {},
          "slug": "aldehyde-and-ketone-and-chinone",
          "keywords": { "en": [], "ar": []},
          "children": []
        },
        {
          "name": {
            "en": "Amine"
          },
          "description": {},
          "slug": "amine",
          "keywords": { "en": [], "ar": []},
          "children": []
        },
        {
          "name": {
            "en": "Benzene & Derivatives"
          },
          "description": {},
          "slug": "benzene-and-derivatives",
          "keywords": { "en": [], "ar": []},
          "children": []
        },
        {
          "name": {
            "en": "Carbohydrate"
          },
          "description": {},
          "slug": "carbohydrate",
          "keywords": { "en": [], "ar": []},
          "children": []
        },
        {
          "name": {
            "en": "Ester & Derivatives"
          },
          "description": {},
          "slug": "ester-and-derivatives",
          "keywords": { "en": [], "ar": []},
          "children": []
        },
        {
          "name": {
            "en": "Hydrocarbon & Derivatives"
          },
          "description": {},
          "slug": "hydrocarbon-and-derivatives",
          "keywords": { "en": [], "ar": []},
          "children": []
        },
        {
          "name": {
            "en": "Organic Acid"
          },
          "description": {},
          "slug": "organic-acid",
          "keywords": { "en": [], "ar": []},
          "children": []
        },
        {
          "name": {
            "en": "Organic Salt"
          },
          "description": {},
          "slug": "organic-salt",
          "keywords": { "en": [], "ar": []},
          "children": []
        },
        {
          "name": {
            "en": "Other Organic Chemical"
          },
          "description": {},
          "slug": "other-organic-chemical",
          "keywords": { "en": [], "ar": []},
          "children": []
        }
      ]
    },
    {
      "name": {
        "en": "Biological Chemical Products"
      },
      "description": {},
      "slug": "biological-chemical-products",
      "keywords": { "en": [], "ar": []},
      "children": [
        {
          "name": {
            "en": "Enzymes"
          },
          "description": {},
          "slug": "enzymes",
          "keywords": { "en": [], "ar": []},
          "children": [
            {
              "name": {
                "en": "Feed Enzymes"
              },
              "description": {},
              "slug": "feed-enzymes",
              "keywords": { "en": [], "ar": []},
              "children": []
            },
            {
              "name": {
                "en": "Food Enzymes"
              },
              "description": {},
              "slug": "food-enzymes",
              "keywords": { "en": [], "ar": []},
              "children": []
            },
            {
              "name": {
                "en": "Industrial Enzymes"
              },
              "description": {},
              "slug": "industrial-enzymes",
              "keywords": { "en": [], "ar": []},
              "children": []
            }
          ]
        },
        {
          "name": {
            "en": "Microecology"
          },
          "description": {},
          "slug": "microecology",
          "keywords": { "en": [], "ar": []},
          "children": [
            {
              "name": {
                "en": "Probiotics"
              },
              "description": {},
              "slug": "probiotics",
              "keywords": { "en": [], "ar": []},
              "children": []
            }
          ]
        }
      ]
    },
    {
      "name": {
        "en": "Catalysts & Chemical Auxiliary Agents"
      },
      "description": {},
      "slug": "catalysts-and-chemical-auxiliary-agents",
      "keywords": { "en": [], "ar": []},
      "children": [
        {
          "name": {
            "en": "Catalyst"
          },
          "description": {},
          "slug": "catalyst",
          "keywords": { "en": [], "ar": []},
          "children": []
        },
        {
          "name": {
            "en": "Chemical Auxiliary Agent"
          },
          "description": {},
          "slug": "chemical-auxiliary-agent",
          "keywords": { "en": [], "ar": []},
          "children": []
        }
      ]
    },
    {
      "name": {
        "en": "Chemical Reagents"
      },
      "description": {},
      "slug": "chemical-reagents",
      "keywords": { "en": [], "ar": []},
      "children": []
    },
    {
      "name": {
        "en": "Coating & Paint"
      },
      "description": {},
      "slug": "coating-and-paint",
      "keywords": { "en": [], "ar": []},
      "children": []
    },
    {
      "name": {
        "en": "Custom Chemical Services"
      },
      "description": {},
      "slug": "custom-chemical-services",
      "keywords": { "en": [], "ar": []},
      "children": []
    },
    {
      "name": {
        "en": "Daily Chemicals"
      },
      "description": {},
      "slug": "daily-chemicals",
      "keywords": { "en": [], "ar": []},
      "children": []
    },
    {
      "name": {
        "en": "Flavour & Fragrance"
      },
      "description": {},
      "slug": "flavour-and-fragrance",
      "keywords": { "en": [], "ar": []},
      "children": []
    },
    {
      "name": {
        "en": "Inorganic Chemicals"
      },
      "description": {},
      "slug": "inorganic-chemicals",
      "keywords": { "en": [], "ar": []},
      "children": [
        {
          "name": {
            "en": "Alkali"
          },
          "description": {},
          "slug": "alkali",
          "keywords": { "en": [], "ar": []},
          "children": []
        },
        {
          "name": {
            "en": "Elementary Substances"
          },
          "description": {},
          "slug": "elementary-substances",
          "keywords": { "en": [], "ar": []},
          "children": []
        },
        {
          "name": {
            "en": "Inorganic Acids"
          },
          "description": {},
          "slug": "inorganic-acids",
          "keywords": { "en": [], "ar": []},
          "children": []
        },
        {
          "name": {
            "en": "Inorganic Salts"
          },
          "description": {},
          "slug": "inorganic-salts",
          "keywords": { "en": [], "ar": []},
          "children": [
            {
              "name": {
                "en": "Borate"
              },
              "description": {},
              "slug": "borate",
              "keywords": { "en": [], "ar": []},
              "children": []
            },
            {
              "name": {
                "en": "Carbonate"
              },
              "description": {},
              "slug": "carbonate",
              "keywords": { "en": [], "ar": []},
              "children": []
            },
            {
              "name": {
                "en": "Chlorate"
              },
              "description": {},
              "slug": "chlorate",
              "keywords": { "en": [], "ar": []},
              "children": []
            },
            {
              "name": {
                "en": "Chloride"
              },
              "description": {},
              "slug": "chloride",
              "keywords": { "en": [], "ar": []},
              "children": []
            },
            {
              "name": {
                "en": "Cyanide & Cyanate"
              },
              "description": {},
              "slug": "cyanide-and-cyanate",
              "keywords": { "en": [], "ar": []},
              "children": []
            },
            {
              "name": {
                "en": "Halide ( Except Chloride )"
              },
              "description": {},
              "slug": "halide-except-chloride-",
              "keywords": { "en": [], "ar": []},
              "children": []
            },
            {
              "name": {
                "en": "Nitrate"
              },
              "description": {},
              "slug": "nitrate",
              "keywords": { "en": [], "ar": []},
              "children": []
            },
            {
              "name": {
                "en": "Other Inorganic Salts"
              },
              "description": {},
              "slug": "other-inorganic-salts",
              "keywords": { "en": [], "ar": []},
              "children": []
            },
            {
              "name": {
                "en": "Permanganate"
              },
              "description": {},
              "slug": "permanganate",
              "keywords": { "en": [], "ar": []},
              "children": []
            },
            {
              "name": {
                "en": "Phosphate"
              },
              "description": {},
              "slug": "phosphate",
              "keywords": { "en": [], "ar": []},
              "children": []
            },
            {
              "name": {
                "en": "Silicate"
              },
              "description": {},
              "slug": "silicate",
              "keywords": { "en": [], "ar": []},
              "children": []
            },
            {
              "name": {
                "en": "Sulfide"
              },
              "description": {},
              "slug": "sulfide",
              "keywords": { "en": [], "ar": []},
              "children": []
            },
            {
              "name": {
                "en": "Sulphate"
              },
              "description": {},
              "slug": "sulphate",
              "keywords": { "en": [], "ar": []},
              "children": []
            }
          ]
        },
        {
          "name": {
            "en": "Other Inorganic Chemicals"
          },
          "description": {},
          "slug": "other-inorganic-chemicals",
          "keywords": { "en": [], "ar": []},
          "children": []
        },
        {
          "name": {
            "en": "Oxide"
          },
          "description": {},
          "slug": "oxide",
          "keywords": { "en": [], "ar": []},
          "children": []
        }
      ]
    },
    {
      "name": {
        "en": "Non-Explosive Demolition Agents"
      },
      "description": {},
      "slug": "non-explosive-demolition-agents",
      "keywords": { "en": [], "ar": []},
      "children": []
    },
    {
      "name": {
        "en": "Organic Intermediate"
      },
      "description": {},
      "slug": "organic-intermediate",
      "keywords": { "en": [], "ar": []},
      "children": []
    },
    {
      "name": {
        "en": "Other Chemicals"
      },
      "description": {},
      "slug": "other-chemicals",
      "keywords": { "en": [], "ar": []},
      "children": []
    },
    {
      "name": {
        "en": "Painting & Coating"
      },
      "description": {},
      "slug": "painting-and-coating",
      "keywords": { "en": [], "ar": []},
      "children": [
        {
          "name": {
            "en": "Epoxy Floor Coating"
          },
          "description": {},
          "slug": "epoxy-floor-coating",
          "keywords": { "en": [], "ar": []},
          "children": []
        }
      ]
    },
    {
      "name": {
        "en": "Pigment & Dyestuff"
      },
      "description": {},
      "slug": "pigment-and-dyestuff",
      "keywords": { "en": [], "ar": []},
      "children": [
        {
          "name": {
            "en": "Dyestuffs"
          },
          "description": {},
          "slug": "dyestuffs",
          "keywords": { "en": [], "ar": []},
          "children": []
        },
        {
          "name": {
            "en": "Pigment"
          },
          "description": {},
          "slug": "pigment",
          "keywords": { "en": [], "ar": []},
          "children": []
        }
      ]
    },
    {
      "name": {
        "en": "Polymer"
      },
      "description": {},
      "slug": "polymer",
      "keywords": { "en": [], "ar": []},
      "children": []
    },
    {
      "name": {
        "en": "Surface Treatment Chemicals"
      },
      "description": {},
      "slug": "surface-treatment-chemicals",
      "keywords": { "en": [], "ar": []},
      "children": [
        {
          "name": {
            "en": "Cutting Fluid"
          },
          "description": {},
          "slug": "cutting-fluid",
          "keywords": { "en": [], "ar": []},
          "children": []
        },
        {
          "name": {
            "en": "Degreasers"
          },
          "description": {},
          "slug": "degreasers",
          "keywords": { "en": [], "ar": []},
          "children": []
        },
        {
          "name": {
            "en": "Oxidizing Chemicals"
          },
          "description": {},
          "slug": "oxidizing-chemicals",
          "keywords": { "en": [], "ar": []},
          "children": []
        },
        {
          "name": {
            "en": "Phosphate Coating Chemicals"
          },
          "description": {},
          "slug": "phosphate-coating-chemicals",
          "keywords": { "en": [], "ar": []},
          "children": []
        },
        {
          "name": {
            "en": "Rust Protection Chemicals"
          },
          "description": {},
          "slug": "rust-protection-chemicals",
          "keywords": { "en": [], "ar": []},
          "children": []
        }
      ]
    }
  ]
}
