{
  "name": {
    "en": "Consumer Electronics"
  },
  "description": {},
  "slug": "consumer-electronics",
  "keywords": { "en": [], "ar": []},
  "children": [
    {
      "name": {
        "en": "Blockchain Miners"
      },
      "description": {},
      "slug": "blockchain-miners",
      "keywords": { "en": [], "ar": []},
      "children": [
        {
          "name": {
            "en": "Blockchain Miner Accessories"
          },
          "description": {},
          "slug": "blockchain-miner-accessories",
          "keywords": { "en": [], "ar": []},
          "children": []
        },
        {
          "name": {
            "en": "Blockchain Miners"
          },
          "description": {},
          "slug": "blockchain-miners-blockchain-miners",
          "keywords": { "en": [], "ar": []},
          "children": []
        }
      ]
    },
    {
      "name": {
        "en": "Camera, Photo & Accessories"
      },
      "description": {},
      "slug": "camera-photo-and-accessories",
      "keywords": { "en": [], "ar": []},
      "children": [
        {
          "name": {
            "en": "Backgrounds"
          },
          "description": {},
          "slug": "backgrounds",
          "keywords": { "en": [], "ar": []},
          "children": []
        },
        {
          "name": {
            "en": "Battery Grip"
          },
          "description": {},
          "slug": "battery-grip",
          "keywords": { "en": [], "ar": []},
          "children": []
        },
        {
          "name": {
            "en": "Camera Filters"
          },
          "description": {},
          "slug": "camera-filters",
          "keywords": { "en": [], "ar": []},
          "children": []
        },
        {
          "name": {
            "en": "Camera Flash Lights"
          },
          "description": {},
          "slug": "camera-flash-lights",
          "keywords": { "en": [], "ar": []},
          "children": []
        },
        {
          "name": {
            "en": "Camera Lens Hoods"
          },
          "description": {},
          "slug": "camera-lens-hoods",
          "keywords": { "en": [], "ar": []},
          "children": []
        },
        {
          "name": {
            "en": "Camera Lenses"
          },
          "description": {},
          "slug": "camera-lenses",
          "keywords": { "en": [], "ar": []},
          "children": []
        },
        {
          "name": {
            "en": "Camera Straps"
          },
          "description": {},
          "slug": "camera-straps",
          "keywords": { "en": [], "ar": []},
          "children": []
        },
        {
          "name": {
            "en": "Camera, Video Bags"
          },
          "description": {},
          "slug": "camera-video-bags",
          "keywords": { "en": [], "ar": []},
          "children": []
        },
        {
          "name": {
            "en": "Digital Cameras"
          },
          "description": {},
          "slug": "digital-cameras",
          "keywords": { "en": [], "ar": []},
          "children": []
        },
        {
          "name": {
            "en": "Digital Photo Frames"
          },
          "description": {},
          "slug": "digital-photo-frames",
          "keywords": { "en": [], "ar": []},
          "children": []
        },
        {
          "name": {
            "en": "Drones"
          },
          "description": {},
          "slug": "drones",
          "keywords": { "en": [], "ar": []},
          "children": []
        },
        {
          "name": {
            "en": "Film Cameras"
          },
          "description": {},
          "slug": "film-cameras",
          "keywords": { "en": [], "ar": []},
          "children": []
        },
        {
          "name": {
            "en": "Films"
          },
          "description": {},
          "slug": "films",
          "keywords": { "en": [], "ar": []},
          "children": []
        },
        {
          "name": {
            "en": "Flash Diffusers"
          },
          "description": {},
          "slug": "flash-diffusers",
          "keywords": { "en": [], "ar": []},
          "children": []
        },
        {
          "name": {
            "en": "Len Caps"
          },
          "description": {},
          "slug": "len-caps",
          "keywords": { "en": [], "ar": []},
          "children": []
        },
        {
          "name": {
            "en": "Lens Adapters"
          },
          "description": {},
          "slug": "lens-adapters",
          "keywords": { "en": [], "ar": []},
          "children": []
        },
        {
          "name": {
            "en": "Mini Camcorders"
          },
          "description": {},
          "slug": "mini-camcorders",
          "keywords": { "en": [], "ar": []},
          "children": []
        },
        {
          "name": {
            "en": "Monopod"
          },
          "description": {},
          "slug": "monopod",
          "keywords": { "en": [], "ar": []},
          "children": []
        },
        {
          "name": {
            "en": "Other Camera Accessories"
          },
          "description": {},
          "slug": "other-camera-accessories",
          "keywords": { "en": [], "ar": []},
          "children": []
        },
        {
          "name": {
            "en": "Photo Studio Accessories"
          },
          "description": {},
          "slug": "photo-studio-accessories",
          "keywords": { "en": [], "ar": []},
          "children": []
        },
        {
          "name": {
            "en": "Photographic Lighting"
          },
          "description": {},
          "slug": "photographic-lighting",
          "keywords": { "en": [], "ar": []},
          "children": []
        },
        {
          "name": {
            "en": "Shutter Release"
          },
          "description": {},
          "slug": "shutter-release",
          "keywords": { "en": [], "ar": []},
          "children": []
        },
        {
          "name": {
            "en": "Stabilizers"
          },
          "description": {},
          "slug": "stabilizers",
          "keywords": { "en": [], "ar": []},
          "children": []
        },
        {
          "name": {
            "en": "Tripod"
          },
          "description": {},
          "slug": "tripod",
          "keywords": { "en": [], "ar": []},
          "children": []
        },
        {
          "name": {
            "en": "Tripods"
          },
          "description": {},
          "slug": "tripods",
          "keywords": { "en": [], "ar": []},
          "children": []
        },
        {
          "name": {
            "en": "Video Cameras"
          },
          "description": {},
          "slug": "video-cameras",
          "keywords": { "en": [], "ar": []},
          "children": []
        }
      ]
    },
    {
      "name": {
        "en": "Commonly Used Accessories & Parts"
      },
      "description": {},
      "slug": "commonly-used-accessories-and-parts",
      "keywords": { "en": [], "ar": []},
      "children": [
        {
          "name": {
            "en": "Adapters"
          },
          "description": {},
          "slug": "adapters",
          "keywords": { "en": [], "ar": []},
          "children": []
        },
        {
          "name": {
            "en": "Cable"
          },
          "description": {},
          "slug": "cable",
          "keywords": { "en": [], "ar": []},
          "children": [
            {
              "name": {
                "en": "Audio & Video Cables"
              },
              "description": {},
              "slug": "audio-and-video-cables",
              "keywords": { "en": [], "ar": []},
              "children": []
            },
            {
              "name": {
                "en": "Data Cables"
              },
              "description": {},
              "slug": "data-cables",
              "keywords": { "en": [], "ar": []},
              "children": []
            },
            {
              "name": {
                "en": "Other Cables"
              },
              "description": {},
              "slug": "other-cables",
              "keywords": { "en": [], "ar": []},
              "children": []
            },
            {
              "name": {
                "en": "Power Cables"
              },
              "description": {},
              "slug": "power-cables",
              "keywords": { "en": [], "ar": []},
              "children": []
            }
          ]
        },
        {
          "name": {
            "en": "Cable Winders"
          },
          "description": {},
          "slug": "cable-winders",
          "keywords": { "en": [], "ar": []},
          "children": []
        },
        {
          "name": {
            "en": "Card Readers"
          },
          "description": {},
          "slug": "card-readers",
          "keywords": { "en": [], "ar": []},
          "children": []
        },
        {
          "name": {
            "en": "Chargers"
          },
          "description": {},
          "slug": "chargers",
          "keywords": { "en": [], "ar": []},
          "children": []
        },
        {
          "name": {
            "en": "Cleaners"
          },
          "description": {},
          "slug": "cleaners",
          "keywords": { "en": [], "ar": []},
          "children": []
        },
        {
          "name": {
            "en": "Digital Batteries"
          },
          "description": {},
          "slug": "digital-batteries",
          "keywords": { "en": [], "ar": []},
          "children": []
        },
        {
          "name": {
            "en": "Earphone Accessories"
          },
          "description": {},
          "slug": "earphone-accessories",
          "keywords": { "en": [], "ar": []},
          "children": []
        },
        {
          "name": {
            "en": "Memory Cards"
          },
          "description": {},
          "slug": "memory-cards",
          "keywords": { "en": [], "ar": []},
          "children": []
        },
        {
          "name": {
            "en": "Microphones"
          },
          "description": {},
          "slug": "microphones",
          "keywords": { "en": [], "ar": []},
          "children": []
        },
        {
          "name": {
            "en": "Other Accessories & Parts"
          },
          "description": {},
          "slug": "other-accessories-and-parts",
          "keywords": { "en": [], "ar": []},
          "children": []
        },
        {
          "name": {
            "en": "Power Banks"
          },
          "description": {},
          "slug": "power-banks",
          "keywords": { "en": [], "ar": []},
          "children": []
        },
        {
          "name": {
            "en": "Remote Control"
          },
          "description": {},
          "slug": "remote-control",
          "keywords": { "en": [], "ar": []},
          "children": []
        },
        {
          "name": {
            "en": "Screen Protectors"
          },
          "description": {},
          "slug": "screen-protectors",
          "keywords": { "en": [], "ar": []},
          "children": []
        },
        {
          "name": {
            "en": "Stickers & Skins"
          },
          "description": {},
          "slug": "stickers-and-skins",
          "keywords": { "en": [], "ar": []},
          "children": []
        },
        {
          "name": {
            "en": "Stylus Pens"
          },
          "description": {},
          "slug": "stylus-pens",
          "keywords": { "en": [], "ar": []},
          "children": []
        }
      ]
    },
    {
      "name": {
        "en": "Computer Hardware & Software"
      },
      "description": {},
      "slug": "computer-hardware-and-software",
      "keywords": { "en": [], "ar": []},
      "children": [
        {
          "name": {
            "en": "Blank Disks"
          },
          "description": {},
          "slug": "blank-disks",
          "keywords": { "en": [], "ar": []},
          "children": []
        },
        {
          "name": {
            "en": "Computer Cases & Towers"
          },
          "description": {},
          "slug": "computer-cases-and-towers",
          "keywords": { "en": [], "ar": []},
          "children": []
        },
        {
          "name": {
            "en": "CPUs"
          },
          "description": {},
          "slug": "cpus",
          "keywords": { "en": [], "ar": []},
          "children": []
        },
        {
          "name": {
            "en": "Desktops & All-In-Ones"
          },
          "description": {},
          "slug": "desktops-and-all-in-ones",
          "keywords": { "en": [], "ar": []},
          "children": []
        },
        {
          "name": {
            "en": "Fans & Cooling"
          },
          "description": {},
          "slug": "fans-and-cooling",
          "keywords": { "en": [], "ar": []},
          "children": []
        },
        {
          "name": {
            "en": "Firewall & VPN"
          },
          "description": {},
          "slug": "firewall-and-vpn",
          "keywords": { "en": [], "ar": []},
          "children": []
        },
        {
          "name": {
            "en": "Floppy Drives"
          },
          "description": {},
          "slug": "floppy-drives",
          "keywords": { "en": [], "ar": []},
          "children": []
        },
        {
          "name": {
            "en": "Graphics Cards"
          },
          "description": {},
          "slug": "graphics-cards",
          "keywords": { "en": [], "ar": []},
          "children": []
        },
        {
          "name": {
            "en": "Hard Drives"
          },
          "description": {},
          "slug": "hard-drives",
          "keywords": { "en": [], "ar": []},
          "children": []
        },
        {
          "name": {
            "en": "HDD Enclosure"
          },
          "description": {},
          "slug": "hdd-enclosure",
          "keywords": { "en": [], "ar": []},
          "children": []
        },
        {
          "name": {
            "en": "Industrial Computer & Accessories"
          },
          "description": {},
          "slug": "industrial-computer-and-accessories",
          "keywords": { "en": [], "ar": []},
          "children": []
        },
        {
          "name": {
            "en": "Keyboard Covers"
          },
          "description": {},
          "slug": "keyboard-covers",
          "keywords": { "en": [], "ar": []},
          "children": []
        },
        {
          "name": {
            "en": "Keyboard Mouse Combos"
          },
          "description": {},
          "slug": "keyboard-mouse-combos",
          "keywords": { "en": [], "ar": []},
          "children": []
        },
        {
          "name": {
            "en": "Keyboards"
          },
          "description": {},
          "slug": "keyboards",
          "keywords": { "en": [], "ar": []},
          "children": []
        },
        {
          "name": {
            "en": "KVM Switches"
          },
          "description": {},
          "slug": "kvm-switches",
          "keywords": { "en": [], "ar": []},
          "children": []
        },
        {
          "name": {
            "en": "Laptop Cooling Pads"
          },
          "description": {},
          "slug": "laptop-cooling-pads",
          "keywords": { "en": [], "ar": []},
          "children": []
        },
        {
          "name": {
            "en": "Laptop Power Supply"
          },
          "description": {},
          "slug": "laptop-power-supply",
          "keywords": { "en": [], "ar": []},
          "children": []
        },
        {
          "name": {
            "en": "Laptops"
          },
          "description": {},
          "slug": "laptops",
          "keywords": { "en": [], "ar": []},
          "children": []
        },
        {
          "name": {
            "en": "Modems"
          },
          "description": {},
          "slug": "modems",
          "keywords": { "en": [], "ar": []},
          "children": []
        },
        {
          "name": {
            "en": "Monitors"
          },
          "description": {},
          "slug": "monitors",
          "keywords": { "en": [], "ar": []},
          "children": [
            {
              "name": {
                "en": "LCD Monitors"
              },
              "description": {},
              "slug": "lcd-monitors",
              "keywords": { "en": [], "ar": []},
              "children": []
            },
            {
              "name": {
                "en": "Other Monitors"
              },
              "description": {},
              "slug": "other-monitors",
              "keywords": { "en": [], "ar": []},
              "children": []
            },
            {
              "name": {
                "en": "Touch Screen Monitors"
              },
              "description": {},
              "slug": "touch-screen-monitors",
              "keywords": { "en": [], "ar": []},
              "children": []
            }
          ]
        },
        {
          "name": {
            "en": "Motherboards"
          },
          "description": {},
          "slug": "motherboards",
          "keywords": { "en": [], "ar": []},
          "children": []
        },
        {
          "name": {
            "en": "Mouse"
          },
          "description": {},
          "slug": "mouse",
          "keywords": { "en": [], "ar": []},
          "children": []
        },
        {
          "name": {
            "en": "Mouse Pads"
          },
          "description": {},
          "slug": "mouse-pads",
          "keywords": { "en": [], "ar": []},
          "children": []
        },
        {
          "name": {
            "en": "Network Cabinets"
          },
          "description": {},
          "slug": "network-cabinets",
          "keywords": { "en": [], "ar": []},
          "children": []
        },
        {
          "name": {
            "en": "Network Cards"
          },
          "description": {},
          "slug": "network-cards",
          "keywords": { "en": [], "ar": []},
          "children": []
        },
        {
          "name": {
            "en": "Network Hubs"
          },
          "description": {},
          "slug": "network-hubs",
          "keywords": { "en": [], "ar": []},
          "children": []
        },
        {
          "name": {
            "en": "Network Switches"
          },
          "description": {},
          "slug": "network-switches",
          "keywords": { "en": [], "ar": []},
          "children": []
        },
        {
          "name": {
            "en": "Networking Storage"
          },
          "description": {},
          "slug": "networking-storage",
          "keywords": { "en": [], "ar": []},
          "children": []
        },
        {
          "name": {
            "en": "Optical Drives"
          },
          "description": {},
          "slug": "optical-drives",
          "keywords": { "en": [], "ar": []},
          "children": []
        },
        {
          "name": {
            "en": "Other Computer Accessories"
          },
          "description": {},
          "slug": "other-computer-accessories",
          "keywords": { "en": [], "ar": []},
          "children": []
        },
        {
          "name": {
            "en": "Other Computer Parts"
          },
          "description": {},
          "slug": "other-computer-parts",
          "keywords": { "en": [], "ar": []},
          "children": []
        },
        {
          "name": {
            "en": "Other Computer Products"
          },
          "description": {},
          "slug": "other-computer-products",
          "keywords": { "en": [], "ar": []},
          "children": []
        },
        {
          "name": {
            "en": "Other Drive & Storage Devices"
          },
          "description": {},
          "slug": "other-drive-and-storage-devices",
          "keywords": { "en": [], "ar": []},
          "children": []
        },
        {
          "name": {
            "en": "Other Networking Devices"
          },
          "description": {},
          "slug": "other-networking-devices",
          "keywords": { "en": [], "ar": []},
          "children": []
        },
        {
          "name": {
            "en": "PC Power Supplies"
          },
          "description": {},
          "slug": "pc-power-supplies",
          "keywords": { "en": [], "ar": []},
          "children": []
        },
        {
          "name": {
            "en": "PC Stations"
          },
          "description": {},
          "slug": "pc-stations",
          "keywords": { "en": [], "ar": []},
          "children": []
        },
        {
          "name": {
            "en": "PDA Bags & Cases"
          },
          "description": {},
          "slug": "pda-bags-and-cases",
          "keywords": { "en": [], "ar": []},
          "children": []
        },
        {
          "name": {
            "en": "PDAs"
          },
          "description": {},
          "slug": "pdas",
          "keywords": { "en": [], "ar": []},
          "children": []
        },
        {
          "name": {
            "en": "Printers"
          },
          "description": {},
          "slug": "printers",
          "keywords": { "en": [], "ar": []},
          "children": []
        },
        {
          "name": {
            "en": "RAMs"
          },
          "description": {},
          "slug": "rams",
          "keywords": { "en": [], "ar": []},
          "children": []
        },
        {
          "name": {
            "en": "Routers"
          },
          "description": {},
          "slug": "routers",
          "keywords": { "en": [], "ar": []},
          "children": []
        },
        {
          "name": {
            "en": "Scanners"
          },
          "description": {},
          "slug": "scanners",
          "keywords": { "en": [], "ar": []},
          "children": []
        },
        {
          "name": {
            "en": "Servers"
          },
          "description": {},
          "slug": "servers",
          "keywords": { "en": [], "ar": []},
          "children": []
        },
        {
          "name": {
            "en": "Software"
          },
          "description": {},
          "slug": "software",
          "keywords": { "en": [], "ar": []},
          "children": []
        },
        {
          "name": {
            "en": "Sound Cards"
          },
          "description": {},
          "slug": "sound-cards",
          "keywords": { "en": [], "ar": []},
          "children": []
        },
        {
          "name": {
            "en": "Tablet Covers & Cases"
          },
          "description": {},
          "slug": "tablet-covers-and-cases",
          "keywords": { "en": [], "ar": []},
          "children": []
        },
        {
          "name": {
            "en": "Tablet PC"
          },
          "description": {},
          "slug": "tablet-pc",
          "keywords": { "en": [], "ar": []},
          "children": []
        },
        {
          "name": {
            "en": "Tablet PC Stands"
          },
          "description": {},
          "slug": "tablet-pc-stands",
          "keywords": { "en": [], "ar": []},
          "children": []
        },
        {
          "name": {
            "en": "USB Flash Drives"
          },
          "description": {},
          "slug": "usb-flash-drives",
          "keywords": { "en": [], "ar": []},
          "children": []
        },
        {
          "name": {
            "en": "USB Gadgets"
          },
          "description": {},
          "slug": "usb-gadgets",
          "keywords": { "en": [], "ar": []},
          "children": []
        },
        {
          "name": {
            "en": "USB Hubs"
          },
          "description": {},
          "slug": "usb-hubs",
          "keywords": { "en": [], "ar": []},
          "children": []
        },
        {
          "name": {
            "en": "Webcams"
          },
          "description": {},
          "slug": "webcams",
          "keywords": { "en": [], "ar": []},
          "children": []
        },
        {
          "name": {
            "en": "Workstations"
          },
          "description": {},
          "slug": "workstations",
          "keywords": { "en": [], "ar": []},
          "children": []
        }
      ]
    },
    {
      "name": {
        "en": "Earphone & Headphone"
      },
      "description": {},
      "slug": "earphone-and-headphone",
      "keywords": { "en": [], "ar": []},
      "children": [
        {
          "name": {
            "en": "Earphones & Headphones"
          },
          "description": {},
          "slug": "earphones-and-headphones",
          "keywords": { "en": [], "ar": []},
          "children": []
        }
      ]
    },
    {
      "name": {
        "en": "Electronic Cigarettes"
      },
      "description": {},
      "slug": "electronic-cigarettes",
      "keywords": { "en": [], "ar": []},
      "children": [
        {
          "name": {
            "en": "Box Mod"
          },
          "description": {},
          "slug": "box-mod",
          "keywords": { "en": [], "ar": []},
          "children": [
            {
              "name": {
                "en": "Box Mod Accessories"
              },
              "description": {},
              "slug": "box-mod-accessories",
              "keywords": { "en": [], "ar": []},
              "children": []
            },
            {
              "name": {
                "en": "Box Mod Atomizers"
              },
              "description": {},
              "slug": "box-mod-atomizers",
              "keywords": { "en": [], "ar": []},
              "children": []
            },
            {
              "name": {
                "en": "Box Mod Kits"
              },
              "description": {},
              "slug": "box-mod-kits",
              "keywords": { "en": [], "ar": []},
              "children": []
            },
            {
              "name": {
                "en": "Box Mod Mods"
              },
              "description": {},
              "slug": "box-mod-mods",
              "keywords": { "en": [], "ar": []},
              "children": []
            },
            {
              "name": {
                "en": "Other Box Mod"
              },
              "description": {},
              "slug": "other-box-mod",
              "keywords": { "en": [], "ar": []},
              "children": []
            }
          ]
        },
        {
          "name": {
            "en": "Electronic Cigarette Accessories"
          },
          "description": {},
          "slug": "electronic-cigarette-accessories",
          "keywords": { "en": [], "ar": []},
          "children": [
            {
              "name": {
                "en": "Battery"
              },
              "description": {},
              "slug": "battery",
              "keywords": { "en": [], "ar": []},
              "children": []
            },
            {
              "name": {
                "en": "Cases & Bags"
              },
              "description": {},
              "slug": "cases-and-bags",
              "keywords": { "en": [], "ar": []},
              "children": []
            },
            {
              "name": {
                "en": "Chargers"
              },
              "description": {},
              "slug": "electronic-cigarette-accessories-chargers",
              "keywords": { "en": [], "ar": []},
              "children": []
            },
            {
              "name": {
                "en": "Coils"
              },
              "description": {},
              "slug": "coils",
              "keywords": { "en": [], "ar": []},
              "children": []
            },
            {
              "name": {
                "en": "Drip Tips"
              },
              "description": {},
              "slug": "drip-tips",
              "keywords": { "en": [], "ar": []},
              "children": []
            },
            {
              "name": {
                "en": "Empty Bottles"
              },
              "description": {},
              "slug": "empty-bottles",
              "keywords": { "en": [], "ar": []},
              "children": []
            },
            {
              "name": {
                "en": "Heating Wires"
              },
              "description": {},
              "slug": "heating-wires",
              "keywords": { "en": [], "ar": []},
              "children": []
            },
            {
              "name": {
                "en": "Lanyards"
              },
              "description": {},
              "slug": "lanyards",
              "keywords": { "en": [], "ar": []},
              "children": []
            },
            {
              "name": {
                "en": "Other Electronic Cigarette Accessories"
              },
              "description": {},
              "slug": "other-electronic-cigarette-accessories",
              "keywords": { "en": [], "ar": []},
              "children": []
            }
          ]
        },
        {
          "name": {
            "en": "Heat not burn"
          },
          "description": {},
          "slug": "heat-not-burn",
          "keywords": { "en": [], "ar": []},
          "children": [
            {
              "name": {
                "en": "Heat not burn Accessories"
              },
              "description": {},
              "slug": "heat-not-burn-accessories",
              "keywords": { "en": [], "ar": []},
              "children": []
            },
            {
              "name": {
                "en": "Heat not burn Kits"
              },
              "description": {},
              "slug": "heat-not-burn-kits",
              "keywords": { "en": [], "ar": []},
              "children": []
            },
            {
              "name": {
                "en": "Other Heat not burn"
              },
              "description": {},
              "slug": "other-heat-not-burn",
              "keywords": { "en": [], "ar": []},
              "children": []
            }
          ]
        },
        {
          "name": {
            "en": "Herb Vaporizers"
          },
          "description": {},
          "slug": "herb-vaporizers",
          "keywords": { "en": [], "ar": []},
          "children": [
            {
              "name": {
                "en": "CBD Vaporizers"
              },
              "description": {},
              "slug": "cbd-vaporizers",
              "keywords": { "en": [], "ar": []},
              "children": []
            },
            {
              "name": {
                "en": "Dry Herb Vaporizers"
              },
              "description": {},
              "slug": "dry-herb-vaporizers",
              "keywords": { "en": [], "ar": []},
              "children": []
            },
            {
              "name": {
                "en": "Herb Vaporizers Accessories"
              },
              "description": {},
              "slug": "herb-vaporizers-accessories",
              "keywords": { "en": [], "ar": []},
              "children": []
            },
            {
              "name": {
                "en": "Other Herb Vaporizers"
              },
              "description": {},
              "slug": "other-herb-vaporizers",
              "keywords": { "en": [], "ar": []},
              "children": []
            },
            {
              "name": {
                "en": "Vape Cartridge"
              },
              "description": {},
              "slug": "vape-cartridge",
              "keywords": { "en": [], "ar": []},
              "children": []
            }
          ]
        },
        {
          "name": {
            "en": "Other Electronic Cigarettes"
          },
          "description": {},
          "slug": "other-electronic-cigarettes",
          "keywords": { "en": [], "ar": []},
          "children": []
        },
        {
          "name": {
            "en": "Vape pen"
          },
          "description": {},
          "slug": "vape-pen",
          "keywords": { "en": [], "ar": []},
          "children": [
            {
              "name": {
                "en": "Other vape pen"
              },
              "description": {},
              "slug": "other-vape-pen",
              "keywords": { "en": [], "ar": []},
              "children": []
            },
            {
              "name": {
                "en": "Vape pen Accessories"
              },
              "description": {},
              "slug": "vape-pen-accessories",
              "keywords": { "en": [], "ar": []},
              "children": []
            },
            {
              "name": {
                "en": "Vape pen Atomizers"
              },
              "description": {},
              "slug": "vape-pen-atomizers",
              "keywords": { "en": [], "ar": []},
              "children": []
            },
            {
              "name": {
                "en": "Vape pen Kits"
              },
              "description": {},
              "slug": "vape-pen-kits",
              "keywords": { "en": [], "ar": []},
              "children": []
            },
            {
              "name": {
                "en": "Vape pen Mods"
              },
              "description": {},
              "slug": "vape-pen-mods",
              "keywords": { "en": [], "ar": []},
              "children": []
            }
          ]
        }
      ]
    },
    {
      "name": {
        "en": "Electronic Publications"
      },
      "description": {},
      "slug": "electronic-publications",
      "keywords": { "en": [], "ar": []},
      "children": [
        {
          "name": {
            "en": "Electronic Books"
          },
          "description": {},
          "slug": "electronic-books",
          "keywords": { "en": [], "ar": []},
          "children": []
        },
        {
          "name": {
            "en": "Music"
          },
          "description": {},
          "slug": "music",
          "keywords": { "en": [], "ar": []},
          "children": []
        }
      ]
    },
    {
      "name": {
        "en": "Home Audio, Video & Accessories"
      },
      "description": {},
      "slug": "home-audio-video-and-accessories",
      "keywords": { "en": [], "ar": []},
      "children": [
        {
          "name": {
            "en": "Amplifiers"
          },
          "description": {},
          "slug": "amplifiers",
          "keywords": { "en": [], "ar": []},
          "children": []
        },
        {
          "name": {
            "en": "Blu-ray Players"
          },
          "description": {},
          "slug": "blu-ray-players",
          "keywords": { "en": [], "ar": []},
          "children": []
        },
        {
          "name": {
            "en": "HDD Players"
          },
          "description": {},
          "slug": "hdd-players",
          "keywords": { "en": [], "ar": []},
          "children": []
        },
        {
          "name": {
            "en": "Home CD Players"
          },
          "description": {},
          "slug": "home-cd-players",
          "keywords": { "en": [], "ar": []},
          "children": []
        },
        {
          "name": {
            "en": "Home DVD, VCD Players"
          },
          "description": {},
          "slug": "home-dvd-vcd-players",
          "keywords": { "en": [], "ar": []},
          "children": []
        },
        {
          "name": {
            "en": "Home Radio"
          },
          "description": {},
          "slug": "home-radio",
          "keywords": { "en": [], "ar": []},
          "children": []
        },
        {
          "name": {
            "en": "Home Theatre System"
          },
          "description": {},
          "slug": "home-theatre-system",
          "keywords": { "en": [], "ar": []},
          "children": []
        },
        {
          "name": {
            "en": "Karaoke Players"
          },
          "description": {},
          "slug": "karaoke-players",
          "keywords": { "en": [], "ar": []},
          "children": []
        },
        {
          "name": {
            "en": "Other Audio & Video Equipments"
          },
          "description": {},
          "slug": "other-audio-and-video-equipments",
          "keywords": { "en": [], "ar": []},
          "children": []
        },
        {
          "name": {
            "en": "Televisions"
          },
          "description": {},
          "slug": "televisions",
          "keywords": { "en": [], "ar": []},
          "children": []
        },
        {
          "name": {
            "en": "TV Mounts"
          },
          "description": {},
          "slug": "tv-mounts",
          "keywords": { "en": [], "ar": []},
          "children": []
        }
      ]
    },
    {
      "name": {
        "en": "Mobile Phone & Accessories"
      },
      "description": {},
      "slug": "mobile-phone-and-accessories",
      "keywords": { "en": [], "ar": []},
      "children": [
        {
          "name": {
            "en": "Mobile Phone Bags & Cases"
          },
          "description": {},
          "slug": "mobile-phone-bags-and-cases",
          "keywords": { "en": [], "ar": []},
          "children": []
        },
        {
          "name": {
            "en": "Mobile Phone Holders"
          },
          "description": {},
          "slug": "mobile-phone-holders",
          "keywords": { "en": [], "ar": []},
          "children": []
        },
        {
          "name": {
            "en": "Mobile Phone Straps"
          },
          "description": {},
          "slug": "mobile-phone-straps",
          "keywords": { "en": [], "ar": []},
          "children": []
        },
        {
          "name": {
            "en": "Mobile Phones"
          },
          "description": {},
          "slug": "mobile-phones",
          "keywords": { "en": [], "ar": []},
          "children": []
        },
        {
          "name": {
            "en": "Other Mobile Phone Accessories"
          },
          "description": {},
          "slug": "other-mobile-phone-accessories",
          "keywords": { "en": [], "ar": []},
          "children": []
        },
        {
          "name": {
            "en": "Pagers"
          },
          "description": {},
          "slug": "pagers",
          "keywords": { "en": [], "ar": []},
          "children": []
        },
        {
          "name": {
            "en": "Walkie Talkie"
          },
          "description": {},
          "slug": "walkie-talkie",
          "keywords": { "en": [], "ar": []},
          "children": []
        }
      ]
    },
    {
      "name": {
        "en": "Mobile Phone Parts"
      },
      "description": {},
      "slug": "mobile-phone-parts",
      "keywords": { "en": [], "ar": []},
      "children": [
        {
          "name": {
            "en": "Mobile Phone Antenna"
          },
          "description": {},
          "slug": "mobile-phone-antenna",
          "keywords": { "en": [], "ar": []},
          "children": []
        },
        {
          "name": {
            "en": "Mobile Phone Flex Cables"
          },
          "description": {},
          "slug": "mobile-phone-flex-cables",
          "keywords": { "en": [], "ar": []},
          "children": []
        },
        {
          "name": {
            "en": "Mobile Phone Housings"
          },
          "description": {},
          "slug": "mobile-phone-housings",
          "keywords": { "en": [], "ar": []},
          "children": []
        },
        {
          "name": {
            "en": "Mobile Phone Keypads"
          },
          "description": {},
          "slug": "mobile-phone-keypads",
          "keywords": { "en": [], "ar": []},
          "children": []
        },
        {
          "name": {
            "en": "Mobile Phone LCDs"
          },
          "description": {},
          "slug": "mobile-phone-lcds",
          "keywords": { "en": [], "ar": []},
          "children": []
        },
        {
          "name": {
            "en": "Mobile Phone SIM Cards"
          },
          "description": {},
          "slug": "mobile-phone-sim-cards",
          "keywords": { "en": [], "ar": []},
          "children": []
        }
      ]
    },
    {
      "name": {
        "en": "Other Consumer Electronics"
      },
      "description": {},
      "slug": "other-consumer-electronics",
      "keywords": { "en": [], "ar": []},
      "children": []
    },
    {
      "name": {
        "en": "Portable Audio, Video & Accessories"
      },
      "description": {},
      "slug": "portable-audio-video-and-accessories",
      "keywords": { "en": [], "ar": []},
      "children": [
        {
          "name": {
            "en": "Blank Records & Tapes"
          },
          "description": {},
          "slug": "blank-records-and-tapes",
          "keywords": { "en": [], "ar": []},
          "children": []
        },
        {
          "name": {
            "en": "Cassette Recorders & Players"
          },
          "description": {},
          "slug": "cassette-recorders-and-players",
          "keywords": { "en": [], "ar": []},
          "children": []
        },
        {
          "name": {
            "en": "CD/DVD Player Bags & Cases"
          },
          "description": {},
          "slug": "cddvd-player-bags-and-cases",
          "keywords": { "en": [], "ar": []},
          "children": []
        },
        {
          "name": {
            "en": "Digital Voice Recorders"
          },
          "description": {},
          "slug": "digital-voice-recorders",
          "keywords": { "en": [], "ar": []},
          "children": []
        },
        {
          "name": {
            "en": "Ebook Readers"
          },
          "description": {},
          "slug": "ebook-readers",
          "keywords": { "en": [], "ar": []},
          "children": []
        },
        {
          "name": {
            "en": "MP3 Bags & Cases"
          },
          "description": {},
          "slug": "mp3-bags-and-cases",
          "keywords": { "en": [], "ar": []},
          "children": []
        },
        {
          "name": {
            "en": "MP3 Players"
          },
          "description": {},
          "slug": "mp3-players",
          "keywords": { "en": [], "ar": []},
          "children": []
        },
        {
          "name": {
            "en": "MP4 Players"
          },
          "description": {},
          "slug": "mp4-players",
          "keywords": { "en": [], "ar": []},
          "children": []
        },
        {
          "name": {
            "en": "Portable CD Player"
          },
          "description": {},
          "slug": "portable-cd-player",
          "keywords": { "en": [], "ar": []},
          "children": []
        },
        {
          "name": {
            "en": "Portable DVD, VCD Players"
          },
          "description": {},
          "slug": "portable-dvd-vcd-players",
          "keywords": { "en": [], "ar": []},
          "children": []
        },
        {
          "name": {
            "en": "Portable Radio"
          },
          "description": {},
          "slug": "portable-radio",
          "keywords": { "en": [], "ar": []},
          "children": []
        },
        {
          "name": {
            "en": "Quran Players"
          },
          "description": {},
          "slug": "quran-players",
          "keywords": { "en": [], "ar": []},
          "children": []
        }
      ]
    },
    {
      "name": {
        "en": "Presentation Equipment"
      },
      "description": {},
      "slug": "presentation-equipment",
      "keywords": { "en": [], "ar": []},
      "children": [
        {
          "name": {
            "en": "Laser Pointers"
          },
          "description": {},
          "slug": "laser-pointers",
          "keywords": { "en": [], "ar": []},
          "children": []
        },
        {
          "name": {
            "en": "Other Presentation Equipment"
          },
          "description": {},
          "slug": "other-presentation-equipment",
          "keywords": { "en": [], "ar": []},
          "children": []
        },
        {
          "name": {
            "en": "Projection Screens"
          },
          "description": {},
          "slug": "projection-screens",
          "keywords": { "en": [], "ar": []},
          "children": []
        },
        {
          "name": {
            "en": "Projectors"
          },
          "description": {},
          "slug": "projectors",
          "keywords": { "en": [], "ar": []},
          "children": []
        },
        {
          "name": {
            "en": "Visual Presenter"
          },
          "description": {},
          "slug": "visual-presenter",
          "keywords": { "en": [], "ar": []},
          "children": []
        }
      ]
    },
    {
      "name": {
        "en": "Smart Electronics"
      },
      "description": {},
      "slug": "smart-electronics",
      "keywords": { "en": [], "ar": []},
      "children": [
        {
          "name": {
            "en": "Smart Accessories"
          },
          "description": {},
          "slug": "smart-accessories",
          "keywords": { "en": [], "ar": []},
          "children": []
        },
        {
          "name": {
            "en": "Smart Home"
          },
          "description": {},
          "slug": "smart-home",
          "keywords": { "en": [], "ar": []},
          "children": [
            {
              "name": {
                "en": "Home Automation Kits"
              },
              "description": {},
              "slug": "home-automation-kits",
              "keywords": { "en": [], "ar": []},
              "children": []
            },
            {
              "name": {
                "en": "Home Automation Modules"
              },
              "description": {},
              "slug": "home-automation-modules",
              "keywords": { "en": [], "ar": []},
              "children": []
            },
            {
              "name": {
                "en": "Other Smart Home"
              },
              "description": {},
              "slug": "other-smart-home",
              "keywords": { "en": [], "ar": []},
              "children": []
            },
            {
              "name": {
                "en": "Smart Power Socket Plug"
              },
              "description": {},
              "slug": "smart-power-socket-plug",
              "keywords": { "en": [], "ar": []},
              "children": []
            }
          ]
        },
        {
          "name": {
            "en": "Smart Remote Control"
          },
          "description": {},
          "slug": "smart-remote-control",
          "keywords": { "en": [], "ar": []},
          "children": []
        },
        {
          "name": {
            "en": "Wearable Devices"
          },
          "description": {},
          "slug": "wearable-devices",
          "keywords": { "en": [], "ar": []},
          "children": [
            {
              "name": {
                "en": "Smart Watches"
              },
              "description": {},
              "slug": "smart-watches",
              "keywords": { "en": [], "ar": []},
              "children": []
            },
            {
              "name": {
                "en": "Smart Wristbands"
              },
              "description": {},
              "slug": "smart-wristbands",
              "keywords": { "en": [], "ar": []},
              "children": []
            },
            {
              "name": {
                "en": "Video Glasses"
              },
              "description": {},
              "slug": "video-glasses",
              "keywords": { "en": [], "ar": []},
              "children": []
            },
            {
              "name": {
                "en": "VR & AR"
              },
              "description": {},
              "slug": "vr-and-ar",
              "keywords": { "en": [], "ar": []},
              "children": []
            }
          ]
        }
      ]
    },
    {
      "name": {
        "en": "Speakers & Accessories"
      },
      "description": {},
      "slug": "speakers-and-accessories",
      "keywords": { "en": [], "ar": []},
      "children": [
        {
          "name": {
            "en": "Speaker Accessories"
          },
          "description": {},
          "slug": "speaker-accessories",
          "keywords": { "en": [], "ar": []},
          "children": []
        },
        {
          "name": {
            "en": "Speakers"
          },
          "description": {},
          "slug": "speakers",
          "keywords": { "en": [], "ar": []},
          "children": []
        }
      ]
    },
    {
      "name": {
        "en": "TV Receivers & Accessories"
      },
      "description": {},
      "slug": "tv-receivers-and-accessories",
      "keywords": { "en": [], "ar": []},
      "children": [
        {
          "name": {
            "en": "IPTV"
          },
          "description": {},
          "slug": "iptv",
          "keywords": { "en": [], "ar": []},
          "children": []
        },
        {
          "name": {
            "en": "Other Radio & TV Accessories"
          },
          "description": {},
          "slug": "other-radio-and-tv-accessories",
          "keywords": { "en": [], "ar": []},
          "children": []
        },
        {
          "name": {
            "en": "Radio & TV Broadcasting Equipment"
          },
          "description": {},
          "slug": "radio-and-tv-broadcasting-equipment",
          "keywords": { "en": [], "ar": []},
          "children": []
        },
        {
          "name": {
            "en": "Satellite TV Receiver"
          },
          "description": {},
          "slug": "satellite-tv-receiver",
          "keywords": { "en": [], "ar": []},
          "children": []
        },
        {
          "name": {
            "en": "Set Top Box"
          },
          "description": {},
          "slug": "set-top-box",
          "keywords": { "en": [], "ar": []},
          "children": []
        },
        {
          "name": {
            "en": "Set-top Box"
          },
          "description": {},
          "slug": "tv-receivers-and-accessories-set-top-box",
          "keywords": { "en": [], "ar": []},
          "children": []
        },
        {
          "name": {
            "en": "TV Antenna"
          },
          "description": {},
          "slug": "tv-antenna",
          "keywords": { "en": [], "ar": []},
          "children": []
        },
        {
          "name": {
            "en": "TV Stick"
          },
          "description": {},
          "slug": "tv-stick",
          "keywords": { "en": [], "ar": []},
          "children": []
        }
      ]
    },
    {
      "name": {
        "en": "Video Games & Accessories"
      },
      "description": {},
      "slug": "video-games-and-accessories",
      "keywords": { "en": [], "ar": []},
      "children": [
        {
          "name": {
            "en": "Fitness Accessories"
          },
          "description": {},
          "slug": "fitness-accessories",
          "keywords": { "en": [], "ar": []},
          "children": []
        },
        {
          "name": {
            "en": "Game Softwares"
          },
          "description": {},
          "slug": "game-softwares",
          "keywords": { "en": [], "ar": []},
          "children": []
        },
        {
          "name": {
            "en": "Handheld Game Players"
          },
          "description": {},
          "slug": "handheld-game-players",
          "keywords": { "en": [], "ar": []},
          "children": []
        },
        {
          "name": {
            "en": "Holders"
          },
          "description": {},
          "slug": "holders",
          "keywords": { "en": [], "ar": []},
          "children": []
        },
        {
          "name": {
            "en": "Joysticks & Game Controllers"
          },
          "description": {},
          "slug": "joysticks-and-game-controllers",
          "keywords": { "en": [], "ar": []},
          "children": []
        },
        {
          "name": {
            "en": "Light Guns"
          },
          "description": {},
          "slug": "light-guns",
          "keywords": { "en": [], "ar": []},
          "children": []
        },
        {
          "name": {
            "en": "Memories"
          },
          "description": {},
          "slug": "memories",
          "keywords": { "en": [], "ar": []},
          "children": []
        },
        {
          "name": {
            "en": "Other Game Accessories"
          },
          "description": {},
          "slug": "other-game-accessories",
          "keywords": { "en": [], "ar": []},
          "children": []
        },
        {
          "name": {
            "en": "Sensor Bars"
          },
          "description": {},
          "slug": "sensor-bars",
          "keywords": { "en": [], "ar": []},
          "children": []
        },
        {
          "name": {
            "en": "Shell Cases"
          },
          "description": {},
          "slug": "shell-cases",
          "keywords": { "en": [], "ar": []},
          "children": []
        },
        {
          "name": {
            "en": "Video Game Consoles"
          },
          "description": {},
          "slug": "video-game-consoles",
          "keywords": { "en": [], "ar": []},
          "children": []
        },
        {
          "name": {
            "en": "Video Game Player Cases"
          },
          "description": {},
          "slug": "video-game-player-cases",
          "keywords": { "en": [], "ar": []},
          "children": []
        }
      ]
    }
  ]
}
