{
  "name": {
    "en": "Construction & Real Estate"
  },
  "description": {},
  "slug": "construction-and-real-estate",
  "keywords": { "en": [], "ar": []},
  "children": [
    {
      "name": {
        "en": "Balustrades & Handrails"
      },
      "description": {},
      "slug": "balustrades-and-handrails",
      "keywords": { "en": [], "ar": []},
      "children": []
    },
    {
      "name": {
        "en": "Bathroom & Kitchen"
      },
      "description": {},
      "slug": "bathroom-and-kitchen",
      "keywords": { "en": [], "ar": []},
      "children": [
        {
          "name": {
            "en": "Bathroom Accessories"
          },
          "description": {},
          "slug": "bathroom-accessories",
          "keywords": { "en": [], "ar": []},
          "children": [
            {
              "name": {
                "en": "Bath Hardware Sets"
              },
              "description": {},
              "slug": "bath-hardware-sets",
              "keywords": { "en": [], "ar": []},
              "children": []
            },
            {
              "name": {
                "en": "Bath Mirrors"
              },
              "description": {},
              "slug": "bath-mirrors",
              "keywords": { "en": [], "ar": []},
              "children": []
            },
            {
              "name": {
                "en": "Bathroom Shelves"
              },
              "description": {},
              "slug": "bathroom-shelves",
              "keywords": { "en": [], "ar": []},
              "children": []
            },
            {
              "name": {
                "en": "Cup & Tumbler Holders"
              },
              "description": {},
              "slug": "cup-and-tumbler-holders",
              "keywords": { "en": [], "ar": []},
              "children": []
            },
            {
              "name": {
                "en": "Grab Bars"
              },
              "description": {},
              "slug": "grab-bars",
              "keywords": { "en": [], "ar": []},
              "children": []
            },
            {
              "name": {
                "en": "Liquid Soap Dispensers"
              },
              "description": {},
              "slug": "liquid-soap-dispensers",
              "keywords": { "en": [], "ar": []},
              "children": []
            },
            {
              "name": {
                "en": "Paper Holders"
              },
              "description": {},
              "slug": "paper-holders",
              "keywords": { "en": [], "ar": []},
              "children": []
            },
            {
              "name": {
                "en": "Robe Hooks"
              },
              "description": {},
              "slug": "robe-hooks",
              "keywords": { "en": [], "ar": []},
              "children": []
            },
            {
              "name": {
                "en": "Soap Dishes"
              },
              "description": {},
              "slug": "soap-dishes",
              "keywords": { "en": [], "ar": []},
              "children": []
            },
            {
              "name": {
                "en": "Toilet Brush Holders"
              },
              "description": {},
              "slug": "toilet-brush-holders",
              "keywords": { "en": [], "ar": []},
              "children": []
            },
            {
              "name": {
                "en": "Towel Bars"
              },
              "description": {},
              "slug": "towel-bars",
              "keywords": { "en": [], "ar": []},
              "children": []
            },
            {
              "name": {
                "en": "Towel Racks"
              },
              "description": {},
              "slug": "towel-racks",
              "keywords": { "en": [], "ar": []},
              "children": []
            },
            {
              "name": {
                "en": "Towel Rings"
              },
              "description": {},
              "slug": "towel-rings",
              "keywords": { "en": [], "ar": []},
              "children": []
            }
          ]
        },
        {
          "name": {
            "en": "Bathroom Sinks"
          },
          "description": {},
          "slug": "bathroom-sinks",
          "keywords": { "en": [], "ar": []},
          "children": []
        },
        {
          "name": {
            "en": "Bathroom Vanities"
          },
          "description": {},
          "slug": "bathroom-vanities",
          "keywords": { "en": [], "ar": []},
          "children": []
        },
        {
          "name": {
            "en": "Bathtubs & Whirlpools"
          },
          "description": {},
          "slug": "bathtubs-and-whirlpools",
          "keywords": { "en": [], "ar": []},
          "children": []
        },
        {
          "name": {
            "en": "Faucets,Mixers & Taps"
          },
          "description": {},
          "slug": "faucetsmixers-and-taps",
          "keywords": { "en": [], "ar": []},
          "children": [
            {
              "name": {
                "en": "Aerators"
              },
              "description": {},
              "slug": "aerators",
              "keywords": { "en": [], "ar": []},
              "children": []
            },
            {
              "name": {
                "en": "Basin Faucets"
              },
              "description": {},
              "slug": "basin-faucets",
              "keywords": { "en": [], "ar": []},
              "children": []
            },
            {
              "name": {
                "en": "Bath & Shower Faucets"
              },
              "description": {},
              "slug": "bath-and-shower-faucets",
              "keywords": { "en": [], "ar": []},
              "children": []
            },
            {
              "name": {
                "en": "Bathroom Faucet Accessories"
              },
              "description": {},
              "slug": "bathroom-faucet-accessories",
              "keywords": { "en": [], "ar": []},
              "children": []
            },
            {
              "name": {
                "en": "Bibcocks"
              },
              "description": {},
              "slug": "bibcocks",
              "keywords": { "en": [], "ar": []},
              "children": []
            },
            {
              "name": {
                "en": "Bidet Faucets"
              },
              "description": {},
              "slug": "bidet-faucets",
              "keywords": { "en": [], "ar": []},
              "children": []
            },
            {
              "name": {
                "en": "Faucet Cartridges"
              },
              "description": {},
              "slug": "faucet-cartridges",
              "keywords": { "en": [], "ar": []},
              "children": []
            },
            {
              "name": {
                "en": "Kitchen Faucet Accessories"
              },
              "description": {},
              "slug": "kitchen-faucet-accessories",
              "keywords": { "en": [], "ar": []},
              "children": []
            },
            {
              "name": {
                "en": "Kitchen Faucets"
              },
              "description": {},
              "slug": "kitchen-faucets",
              "keywords": { "en": [], "ar": []},
              "children": []
            },
            {
              "name": {
                "en": "Other Faucet Accessories"
              },
              "description": {},
              "slug": "other-faucet-accessories",
              "keywords": { "en": [], "ar": []},
              "children": []
            }
          ]
        },
        {
          "name": {
            "en": "Kitchen Cabinets & Accessories"
          },
          "description": {},
          "slug": "kitchen-cabinets-and-accessories",
          "keywords": { "en": [], "ar": []},
          "children": [
            {
              "name": {
                "en": "Kitchen Cabinet Parts & Accessories"
              },
              "description": {},
              "slug": "kitchen-cabinet-parts-and-accessories",
              "keywords": { "en": [], "ar": []},
              "children": []
            },
            {
              "name": {
                "en": "Kitchen Cabinets"
              },
              "description": {},
              "slug": "kitchen-cabinets",
              "keywords": { "en": [], "ar": []},
              "children": []
            }
          ]
        },
        {
          "name": {
            "en": "Kitchen Sinks"
          },
          "description": {},
          "slug": "kitchen-sinks",
          "keywords": { "en": [], "ar": []},
          "children": []
        },
        {
          "name": {
            "en": "Kitchen Storage"
          },
          "description": {},
          "slug": "kitchen-storage",
          "keywords": { "en": [], "ar": []},
          "children": []
        },
        {
          "name": {
            "en": "Other Bathroom Parts & Accessories"
          },
          "description": {},
          "slug": "other-bathroom-parts-and-accessories",
          "keywords": { "en": [], "ar": []},
          "children": [
            {
              "name": {
                "en": "Bathtub Handrails"
              },
              "description": {},
              "slug": "bathtub-handrails",
              "keywords": { "en": [], "ar": []},
              "children": []
            },
            {
              "name": {
                "en": "Bathtub Pillows"
              },
              "description": {},
              "slug": "bathtub-pillows",
              "keywords": { "en": [], "ar": []},
              "children": []
            },
            {
              "name": {
                "en": "Drains"
              },
              "description": {},
              "slug": "drains",
              "keywords": { "en": [], "ar": []},
              "children": []
            },
            {
              "name": {
                "en": "Filling Valves"
              },
              "description": {},
              "slug": "filling-valves",
              "keywords": { "en": [], "ar": []},
              "children": []
            },
            {
              "name": {
                "en": "Flush Valves"
              },
              "description": {},
              "slug": "flush-valves",
              "keywords": { "en": [], "ar": []},
              "children": []
            },
            {
              "name": {
                "en": "Other Accessories"
              },
              "description": {},
              "slug": "other-accessories",
              "keywords": { "en": [], "ar": []},
              "children": []
            },
            {
              "name": {
                "en": "Plumbing Hoses"
              },
              "description": {},
              "slug": "plumbing-hoses",
              "keywords": { "en": [], "ar": []},
              "children": []
            },
            {
              "name": {
                "en": "Plumbing Nozzles"
              },
              "description": {},
              "slug": "plumbing-nozzles",
              "keywords": { "en": [], "ar": []},
              "children": []
            },
            {
              "name": {
                "en": "Plumbing Traps"
              },
              "description": {},
              "slug": "plumbing-traps",
              "keywords": { "en": [], "ar": []},
              "children": []
            }
          ]
        },
        {
          "name": {
            "en": "Sanitary Ware Suite"
          },
          "description": {},
          "slug": "sanitary-ware-suite",
          "keywords": { "en": [], "ar": []},
          "children": []
        },
        {
          "name": {
            "en": "Shower Rooms & Accessories"
          },
          "description": {},
          "slug": "shower-rooms-and-accessories",
          "keywords": { "en": [], "ar": []},
          "children": [
            {
              "name": {
                "en": "Bath Screens"
              },
              "description": {},
              "slug": "bath-screens",
              "keywords": { "en": [], "ar": []},
              "children": []
            },
            {
              "name": {
                "en": "Other Shower Room Accessories"
              },
              "description": {},
              "slug": "other-shower-room-accessories",
              "keywords": { "en": [], "ar": []},
              "children": []
            },
            {
              "name": {
                "en": "Shower Doors"
              },
              "description": {},
              "slug": "shower-doors",
              "keywords": { "en": [], "ar": []},
              "children": []
            },
            {
              "name": {
                "en": "Shower Rooms"
              },
              "description": {},
              "slug": "shower-rooms",
              "keywords": { "en": [], "ar": []},
              "children": []
            },
            {
              "name": {
                "en": "Shower Trays"
              },
              "description": {},
              "slug": "shower-trays",
              "keywords": { "en": [], "ar": []},
              "children": []
            }
          ]
        },
        {
          "name": {
            "en": "Spa Tubs & Sauna Rooms"
          },
          "description": {},
          "slug": "spa-tubs-and-sauna-rooms",
          "keywords": { "en": [], "ar": []},
          "children": [
            {
              "name": {
                "en": "Sauna Rooms"
              },
              "description": {},
              "slug": "sauna-rooms",
              "keywords": { "en": [], "ar": []},
              "children": []
            },
            {
              "name": {
                "en": "Spa Tubs"
              },
              "description": {},
              "slug": "spa-tubs",
              "keywords": { "en": [], "ar": []},
              "children": []
            }
          ]
        },
        {
          "name": {
            "en": "Toilet & Accessories"
          },
          "description": {},
          "slug": "toilet-and-accessories",
          "keywords": { "en": [], "ar": []},
          "children": [
            {
              "name": {
                "en": "Bidets"
              },
              "description": {},
              "slug": "bidets",
              "keywords": { "en": [], "ar": []},
              "children": []
            },
            {
              "name": {
                "en": "Flappers & Tank Balls"
              },
              "description": {},
              "slug": "flappers-and-tank-balls",
              "keywords": { "en": [], "ar": []},
              "children": []
            },
            {
              "name": {
                "en": "Squat Pans"
              },
              "description": {},
              "slug": "squat-pans",
              "keywords": { "en": [], "ar": []},
              "children": []
            },
            {
              "name": {
                "en": "Tank Levers"
              },
              "description": {},
              "slug": "tank-levers",
              "keywords": { "en": [], "ar": []},
              "children": []
            },
            {
              "name": {
                "en": "Toilet Bowls"
              },
              "description": {},
              "slug": "toilet-bowls",
              "keywords": { "en": [], "ar": []},
              "children": []
            },
            {
              "name": {
                "en": "Toilet Push Buttons"
              },
              "description": {},
              "slug": "toilet-push-buttons",
              "keywords": { "en": [], "ar": []},
              "children": []
            },
            {
              "name": {
                "en": "Toilet Seats"
              },
              "description": {},
              "slug": "toilet-seats",
              "keywords": { "en": [], "ar": []},
              "children": []
            },
            {
              "name": {
                "en": "Toilet Tanks"
              },
              "description": {},
              "slug": "toilet-tanks",
              "keywords": { "en": [], "ar": []},
              "children": []
            },
            {
              "name": {
                "en": "Toilets"
              },
              "description": {},
              "slug": "toilets",
              "keywords": { "en": [], "ar": []},
              "children": []
            },
            {
              "name": {
                "en": "Urinals"
              },
              "description": {},
              "slug": "urinals",
              "keywords": { "en": [], "ar": []},
              "children": []
            }
          ]
        }
      ]
    },
    {
      "name": {
        "en": "Building Boards"
      },
      "description": {},
      "slug": "building-boards",
      "keywords": { "en": [], "ar": []},
      "children": [
        {
          "name": {
            "en": "Aluminum Composite Panels"
          },
          "description": {},
          "slug": "aluminum-composite-panels",
          "keywords": { "en": [], "ar": []},
          "children": []
        },
        {
          "name": {
            "en": "Cement Boards"
          },
          "description": {},
          "slug": "cement-boards",
          "keywords": { "en": [], "ar": []},
          "children": []
        },
        {
          "name": {
            "en": "Other Boards"
          },
          "description": {},
          "slug": "other-boards",
          "keywords": { "en": [], "ar": []},
          "children": []
        },
        {
          "name": {
            "en": "Plasterboards"
          },
          "description": {},
          "slug": "plasterboards",
          "keywords": { "en": [], "ar": []},
          "children": []
        },
        {
          "name": {
            "en": "Sandwich Panels"
          },
          "description": {},
          "slug": "sandwich-panels",
          "keywords": { "en": [], "ar": []},
          "children": []
        }
      ]
    },
    {
      "name": {
        "en": "Building Glass"
      },
      "description": {},
      "slug": "building-glass",
      "keywords": { "en": [], "ar": []},
      "children": []
    },
    {
      "name": {
        "en": "Ceilings"
      },
      "description": {},
      "slug": "ceilings",
      "keywords": { "en": [], "ar": []},
      "children": [
        {
          "name": {
            "en": "Ceiling Grid Components"
          },
          "description": {},
          "slug": "ceiling-grid-components",
          "keywords": { "en": [], "ar": []},
          "children": []
        },
        {
          "name": {
            "en": "Ceiling Tiles"
          },
          "description": {},
          "slug": "ceiling-tiles",
          "keywords": { "en": [], "ar": []},
          "children": []
        }
      ]
    },
    {
      "name": {
        "en": "Corner Guards"
      },
      "description": {},
      "slug": "corner-guards",
      "keywords": { "en": [], "ar": []},
      "children": []
    },
    {
      "name": {
        "en": "Countertops,Vanity Tops & Table Tops"
      },
      "description": {},
      "slug": "countertopsvanity-tops-and-table-tops",
      "keywords": { "en": [], "ar": []},
      "children": []
    },
    {
      "name": {
        "en": "Curtain Walls & Accessories"
      },
      "description": {},
      "slug": "curtain-walls-and-accessories",
      "keywords": { "en": [], "ar": []},
      "children": [
        {
          "name": {
            "en": "Curtain Wall Profiles"
          },
          "description": {},
          "slug": "curtain-wall-profiles",
          "keywords": { "en": [], "ar": []},
          "children": []
        },
        {
          "name": {
            "en": "Curtain Walls"
          },
          "description": {},
          "slug": "curtain-walls",
          "keywords": { "en": [], "ar": []},
          "children": []
        },
        {
          "name": {
            "en": "Other Curtain Wall Accessories"
          },
          "description": {},
          "slug": "other-curtain-wall-accessories",
          "keywords": { "en": [], "ar": []},
          "children": []
        },
        {
          "name": {
            "en": "Spiders"
          },
          "description": {},
          "slug": "spiders",
          "keywords": { "en": [], "ar": []},
          "children": []
        }
      ]
    },
    {
      "name": {
        "en": "Decorative Films"
      },
      "description": {},
      "slug": "decorative-films",
      "keywords": { "en": [], "ar": []},
      "children": []
    },
    {
      "name": {
        "en": "Door, Window & Accessories"
      },
      "description": {},
      "slug": "door-window-and-accessories",
      "keywords": { "en": [], "ar": []},
      "children": [
        {
          "name": {
            "en": "Doors"
          },
          "description": {},
          "slug": "doors",
          "keywords": { "en": [], "ar": []},
          "children": []
        },
        {
          "name": {
            "en": "Doors & Windows Accessories"
          },
          "description": {},
          "slug": "doors-and-windows-accessories",
          "keywords": { "en": [], "ar": []},
          "children": [
            {
              "name": {
                "en": "Automatic Door Operators"
              },
              "description": {},
              "slug": "automatic-door-operators",
              "keywords": { "en": [], "ar": []},
              "children": []
            },
            {
              "name": {
                "en": "Door & Window Bolts"
              },
              "description": {},
              "slug": "door-and-window-bolts",
              "keywords": { "en": [], "ar": []},
              "children": []
            },
            {
              "name": {
                "en": "Door & Window Frames"
              },
              "description": {},
              "slug": "door-and-window-frames",
              "keywords": { "en": [], "ar": []},
              "children": []
            },
            {
              "name": {
                "en": "Door & Window Grates"
              },
              "description": {},
              "slug": "door-and-window-grates",
              "keywords": { "en": [], "ar": []},
              "children": []
            },
            {
              "name": {
                "en": "Door & Window Handles"
              },
              "description": {},
              "slug": "door-and-window-handles",
              "keywords": { "en": [], "ar": []},
              "children": []
            },
            {
              "name": {
                "en": "Door & Window Hinges"
              },
              "description": {},
              "slug": "door-and-window-hinges",
              "keywords": { "en": [], "ar": []},
              "children": []
            },
            {
              "name": {
                "en": "Door & Window Rollers"
              },
              "description": {},
              "slug": "door-and-window-rollers",
              "keywords": { "en": [], "ar": []},
              "children": []
            },
            {
              "name": {
                "en": "Door & Window Screens"
              },
              "description": {},
              "slug": "door-and-window-screens",
              "keywords": { "en": [], "ar": []},
              "children": []
            },
            {
              "name": {
                "en": "Door & Window Sills"
              },
              "description": {},
              "slug": "door-and-window-sills",
              "keywords": { "en": [], "ar": []},
              "children": []
            },
            {
              "name": {
                "en": "Door Closers"
              },
              "description": {},
              "slug": "door-closers",
              "keywords": { "en": [], "ar": []},
              "children": []
            },
            {
              "name": {
                "en": "Door Plates"
              },
              "description": {},
              "slug": "door-plates",
              "keywords": { "en": [], "ar": []},
              "children": []
            },
            {
              "name": {
                "en": "Door Stops"
              },
              "description": {},
              "slug": "door-stops",
              "keywords": { "en": [], "ar": []},
              "children": []
            },
            {
              "name": {
                "en": "Door Viewers"
              },
              "description": {},
              "slug": "door-viewers",
              "keywords": { "en": [], "ar": []},
              "children": []
            },
            {
              "name": {
                "en": "Doorbells"
              },
              "description": {},
              "slug": "doorbells",
              "keywords": { "en": [], "ar": []},
              "children": []
            },
            {
              "name": {
                "en": "Garage Door Openers"
              },
              "description": {},
              "slug": "garage-door-openers",
              "keywords": { "en": [], "ar": []},
              "children": []
            },
            {
              "name": {
                "en": "Gate Operators"
              },
              "description": {},
              "slug": "gate-operators",
              "keywords": { "en": [], "ar": []},
              "children": []
            },
            {
              "name": {
                "en": "Other Door & Window Accessories"
              },
              "description": {},
              "slug": "other-door-and-window-accessories",
              "keywords": { "en": [], "ar": []},
              "children": []
            },
            {
              "name": {
                "en": "Shutters"
              },
              "description": {},
              "slug": "shutters",
              "keywords": { "en": [], "ar": []},
              "children": []
            }
          ]
        },
        {
          "name": {
            "en": "Gates"
          },
          "description": {},
          "slug": "gates",
          "keywords": { "en": [], "ar": []},
          "children": []
        },
        {
          "name": {
            "en": "Windows"
          },
          "description": {},
          "slug": "windows",
          "keywords": { "en": [], "ar": []},
          "children": []
        }
      ]
    },
    {
      "name": {
        "en": "Earthwork Products"
      },
      "description": {},
      "slug": "earthwork-products",
      "keywords": { "en": [], "ar": []},
      "children": [
        {
          "name": {
            "en": "Geocells"
          },
          "description": {},
          "slug": "geocells",
          "keywords": { "en": [], "ar": []},
          "children": []
        },
        {
          "name": {
            "en": "Geogrids"
          },
          "description": {},
          "slug": "geogrids",
          "keywords": { "en": [], "ar": []},
          "children": []
        },
        {
          "name": {
            "en": "Geomembranes"
          },
          "description": {},
          "slug": "geomembranes",
          "keywords": { "en": [], "ar": []},
          "children": []
        },
        {
          "name": {
            "en": "Geotextiles"
          },
          "description": {},
          "slug": "geotextiles",
          "keywords": { "en": [], "ar": []},
          "children": []
        },
        {
          "name": {
            "en": "Other Earthwork Products"
          },
          "description": {},
          "slug": "other-earthwork-products",
          "keywords": { "en": [], "ar": []},
          "children": []
        }
      ]
    },
    {
      "name": {
        "en": "Elevators & Escalators"
      },
      "description": {},
      "slug": "elevators-and-escalators",
      "keywords": { "en": [], "ar": []},
      "children": [
        {
          "name": {
            "en": "Elevator Parts"
          },
          "description": {},
          "slug": "elevator-parts",
          "keywords": { "en": [], "ar": []},
          "children": []
        },
        {
          "name": {
            "en": "Elevators"
          },
          "description": {},
          "slug": "elevators",
          "keywords": { "en": [], "ar": []},
          "children": []
        },
        {
          "name": {
            "en": "Escalator Parts"
          },
          "description": {},
          "slug": "escalator-parts",
          "keywords": { "en": [], "ar": []},
          "children": []
        },
        {
          "name": {
            "en": "Escalators"
          },
          "description": {},
          "slug": "escalators",
          "keywords": { "en": [], "ar": []},
          "children": []
        },
        {
          "name": {
            "en": "Moving Walks"
          },
          "description": {},
          "slug": "moving-walks",
          "keywords": { "en": [], "ar": []},
          "children": []
        }
      ]
    },
    {
      "name": {
        "en": "Fireplaces, Stoves"
      },
      "description": {},
      "slug": "fireplaces-stoves",
      "keywords": { "en": [], "ar": []},
      "children": [
        {
          "name": {
            "en": "Fireplace Parts"
          },
          "description": {},
          "slug": "fireplace-parts",
          "keywords": { "en": [], "ar": []},
          "children": []
        },
        {
          "name": {
            "en": "Fireplaces"
          },
          "description": {},
          "slug": "fireplaces",
          "keywords": { "en": [], "ar": []},
          "children": []
        },
        {
          "name": {
            "en": "Stoves"
          },
          "description": {},
          "slug": "stoves",
          "keywords": { "en": [], "ar": []},
          "children": []
        }
      ]
    },
    {
      "name": {
        "en": "Fireproofing Materials"
      },
      "description": {},
      "slug": "fireproofing-materials",
      "keywords": { "en": [], "ar": []},
      "children": [
        {
          "name": {
            "en": "Calcium Silicate Boards"
          },
          "description": {},
          "slug": "calcium-silicate-boards",
          "keywords": { "en": [], "ar": []},
          "children": []
        },
        {
          "name": {
            "en": "Magnesium Oxide Boards"
          },
          "description": {},
          "slug": "magnesium-oxide-boards",
          "keywords": { "en": [], "ar": []},
          "children": []
        },
        {
          "name": {
            "en": "Other Fireproofing Materials"
          },
          "description": {},
          "slug": "other-fireproofing-materials",
          "keywords": { "en": [], "ar": []},
          "children": []
        }
      ]
    },
    {
      "name": {
        "en": "Floor Heating Systems & Parts"
      },
      "description": {},
      "slug": "floor-heating-systems-and-parts",
      "keywords": { "en": [], "ar": []},
      "children": []
    },
    {
      "name": {
        "en": "Flooring & Accessories"
      },
      "description": {},
      "slug": "flooring-and-accessories",
      "keywords": { "en": [], "ar": []},
      "children": [
        {
          "name": {
            "en": "Anti-Static Flooring"
          },
          "description": {},
          "slug": "anti-static-flooring",
          "keywords": { "en": [], "ar": []},
          "children": []
        },
        {
          "name": {
            "en": "Bamboo Flooring"
          },
          "description": {},
          "slug": "bamboo-flooring",
          "keywords": { "en": [], "ar": []},
          "children": []
        },
        {
          "name": {
            "en": "Cork Flooring"
          },
          "description": {},
          "slug": "cork-flooring",
          "keywords": { "en": [], "ar": []},
          "children": []
        },
        {
          "name": {
            "en": "Engineered Flooring（old）"
          },
          "description": {},
          "slug": "engineered-flooringold",
          "keywords": { "en": [], "ar": []},
          "children": []
        },
        {
          "name": {
            "en": "Flooring Accessories"
          },
          "description": {},
          "slug": "flooring-accessories",
          "keywords": { "en": [], "ar": []},
          "children": []
        },
        {
          "name": {
            "en": "Other Flooring"
          },
          "description": {},
          "slug": "other-flooring",
          "keywords": { "en": [], "ar": []},
          "children": []
        },
        {
          "name": {
            "en": "Plastic Flooring"
          },
          "description": {},
          "slug": "plastic-flooring",
          "keywords": { "en": [], "ar": []},
          "children": []
        },
        {
          "name": {
            "en": "Rubber Flooring"
          },
          "description": {},
          "slug": "rubber-flooring",
          "keywords": { "en": [], "ar": []},
          "children": []
        },
        {
          "name": {
            "en": "Wood Flooring"
          },
          "description": {},
          "slug": "wood-flooring",
          "keywords": { "en": [], "ar": []},
          "children": []
        }
      ]
    },
    {
      "name": {
        "en": "Formwork"
      },
      "description": {},
      "slug": "formwork",
      "keywords": { "en": [], "ar": []},
      "children": []
    },
    {
      "name": {
        "en": "Heat Insulation Materials"
      },
      "description": {},
      "slug": "heat-insulation-materials",
      "keywords": { "en": [], "ar": []},
      "children": [
        {
          "name": {
            "en": "EPS Foam Boards"
          },
          "description": {},
          "slug": "eps-foam-boards",
          "keywords": { "en": [], "ar": []},
          "children": []
        },
        {
          "name": {
            "en": "Other Heat Insulation Materials"
          },
          "description": {},
          "slug": "other-heat-insulation-materials",
          "keywords": { "en": [], "ar": []},
          "children": []
        },
        {
          "name": {
            "en": "XPS Boards"
          },
          "description": {},
          "slug": "xps-boards",
          "keywords": { "en": [], "ar": []},
          "children": []
        }
      ]
    },
    {
      "name": {
        "en": "HVAC Systems & Parts"
      },
      "description": {},
      "slug": "hvac-systems-and-parts",
      "keywords": { "en": [], "ar": []},
      "children": []
    },
    {
      "name": {
        "en": "Ladders & Scaffoldings"
      },
      "description": {},
      "slug": "ladders-and-scaffoldings",
      "keywords": { "en": [], "ar": []},
      "children": [
        {
          "name": {
            "en": "Ladder & Scaffolding Parts"
          },
          "description": {},
          "slug": "ladder-and-scaffolding-parts",
          "keywords": { "en": [], "ar": []},
          "children": []
        },
        {
          "name": {
            "en": "Ladders"
          },
          "description": {},
          "slug": "ladders",
          "keywords": { "en": [], "ar": []},
          "children": []
        },
        {
          "name": {
            "en": "Other Ladders & Scaffoldings"
          },
          "description": {},
          "slug": "other-ladders-and-scaffoldings",
          "keywords": { "en": [], "ar": []},
          "children": []
        },
        {
          "name": {
            "en": "Scaffoldings"
          },
          "description": {},
          "slug": "scaffoldings",
          "keywords": { "en": [], "ar": []},
          "children": []
        },
        {
          "name": {
            "en": "Work Platforms"
          },
          "description": {},
          "slug": "work-platforms",
          "keywords": { "en": [], "ar": []},
          "children": []
        }
      ]
    },
    {
      "name": {
        "en": "Masonry Materials"
      },
      "description": {},
      "slug": "masonry-materials",
      "keywords": { "en": [], "ar": []},
      "children": [
        {
          "name": {
            "en": "Aggregate"
          },
          "description": {},
          "slug": "aggregate",
          "keywords": { "en": [], "ar": []},
          "children": [
            {
              "name": {
                "en": "Gravel & Crushed Stone"
              },
              "description": {},
              "slug": "gravel-and-crushed-stone",
              "keywords": { "en": [], "ar": []},
              "children": []
            },
            {
              "name": {
                "en": "Other Aggregate"
              },
              "description": {},
              "slug": "other-aggregate",
              "keywords": { "en": [], "ar": []},
              "children": []
            },
            {
              "name": {
                "en": "Sand"
              },
              "description": {},
              "slug": "sand",
              "keywords": { "en": [], "ar": []},
              "children": []
            },
            {
              "name": {
                "en": "Slag"
              },
              "description": {},
              "slug": "slag",
              "keywords": { "en": [], "ar": []},
              "children": []
            }
          ]
        },
        {
          "name": {
            "en": "Bricks"
          },
          "description": {},
          "slug": "bricks",
          "keywords": { "en": [], "ar": []},
          "children": []
        },
        {
          "name": {
            "en": "Building Blocks"
          },
          "description": {},
          "slug": "building-blocks",
          "keywords": { "en": [], "ar": []},
          "children": []
        },
        {
          "name": {
            "en": "Cement"
          },
          "description": {},
          "slug": "cement",
          "keywords": { "en": [], "ar": []},
          "children": []
        },
        {
          "name": {
            "en": "Concrete Admixtures & Mortar Admixtures"
          },
          "description": {},
          "slug": "concrete-admixtures-and-mortar-admixtures",
          "keywords": { "en": [], "ar": []},
          "children": []
        },
        {
          "name": {
            "en": "Gypsum Powder"
          },
          "description": {},
          "slug": "gypsum-powder",
          "keywords": { "en": [], "ar": []},
          "children": []
        },
        {
          "name": {
            "en": "Mortar"
          },
          "description": {},
          "slug": "mortar",
          "keywords": { "en": [], "ar": []},
          "children": []
        },
        {
          "name": {
            "en": "Other Masonry Materials"
          },
          "description": {},
          "slug": "other-masonry-materials",
          "keywords": { "en": [], "ar": []},
          "children": []
        },
        {
          "name": {
            "en": "Roof Tiles"
          },
          "description": {},
          "slug": "roof-tiles",
          "keywords": { "en": [], "ar": []},
          "children": []
        }
      ]
    },
    {
      "name": {
        "en": "Metal Building Materials"
      },
      "description": {},
      "slug": "metal-building-materials",
      "keywords": { "en": [], "ar": []},
      "children": []
    },
    {
      "name": {
        "en": "Mosaics"
      },
      "description": {},
      "slug": "mosaics",
      "keywords": { "en": [], "ar": []},
      "children": []
    },
    {
      "name": {
        "en": "Mouldings"
      },
      "description": {},
      "slug": "mouldings",
      "keywords": { "en": [], "ar": []},
      "children": []
    },
    {
      "name": {
        "en": "Multifunctional Materials"
      },
      "description": {},
      "slug": "multifunctional-materials",
      "keywords": { "en": [], "ar": []},
      "children": []
    },
    {
      "name": {
        "en": "Other Construction & Real Estate"
      },
      "description": {},
      "slug": "other-construction-and-real-estate",
      "keywords": { "en": [], "ar": []},
      "children": []
    },
    {
      "name": {
        "en": "Plastic Building Materials"
      },
      "description": {},
      "slug": "plastic-building-materials",
      "keywords": { "en": [], "ar": []},
      "children": [
        {
          "name": {
            "en": "Architecture Membrane"
          },
          "description": {},
          "slug": "architecture-membrane",
          "keywords": { "en": [], "ar": []},
          "children": []
        },
        {
          "name": {
            "en": "Other Plastic Building Materials"
          },
          "description": {},
          "slug": "other-plastic-building-materials",
          "keywords": { "en": [], "ar": []},
          "children": []
        },
        {
          "name": {
            "en": "Plastic Profiles"
          },
          "description": {},
          "slug": "plastic-profiles",
          "keywords": { "en": [], "ar": []},
          "children": []
        },
        {
          "name": {
            "en": "Sun Sheets & PC Embossed Sheets"
          },
          "description": {},
          "slug": "sun-sheets-and-pc-embossed-sheets",
          "keywords": { "en": [], "ar": []},
          "children": []
        }
      ]
    },
    {
      "name": {
        "en": "Real Estate"
      },
      "description": {},
      "slug": "real-estate",
      "keywords": { "en": [], "ar": []},
      "children": [
        {
          "name": {
            "en": "Apartments"
          },
          "description": {},
          "slug": "apartments",
          "keywords": { "en": [], "ar": []},
          "children": []
        },
        {
          "name": {
            "en": "Architectural Scale Model"
          },
          "description": {},
          "slug": "architectural-scale-model",
          "keywords": { "en": [], "ar": []},
          "children": []
        },
        {
          "name": {
            "en": "Farms"
          },
          "description": {},
          "slug": "farms",
          "keywords": { "en": [], "ar": []},
          "children": []
        },
        {
          "name": {
            "en": "Forest"
          },
          "description": {},
          "slug": "forest",
          "keywords": { "en": [], "ar": []},
          "children": []
        },
        {
          "name": {
            "en": "Hotels"
          },
          "description": {},
          "slug": "hotels",
          "keywords": { "en": [], "ar": []},
          "children": []
        },
        {
          "name": {
            "en": "Land"
          },
          "description": {},
          "slug": "land",
          "keywords": { "en": [], "ar": []},
          "children": []
        },
        {
          "name": {
            "en": "Office Buildings"
          },
          "description": {},
          "slug": "office-buildings",
          "keywords": { "en": [], "ar": []},
          "children": []
        },
        {
          "name": {
            "en": "Other Real Estate"
          },
          "description": {},
          "slug": "other-real-estate",
          "keywords": { "en": [], "ar": []},
          "children": []
        },
        {
          "name": {
            "en": "Prefab Houses"
          },
          "description": {},
          "slug": "prefab-houses",
          "keywords": { "en": [], "ar": []},
          "children": []
        },
        {
          "name": {
            "en": "Shops"
          },
          "description": {},
          "slug": "shops",
          "keywords": { "en": [], "ar": []},
          "children": []
        },
        {
          "name": {
            "en": "Villas"
          },
          "description": {},
          "slug": "villas",
          "keywords": { "en": [], "ar": []},
          "children": []
        },
        {
          "name": {
            "en": "Warehouses"
          },
          "description": {},
          "slug": "warehouses",
          "keywords": { "en": [], "ar": []},
          "children": []
        },
        {
          "name": {
            "en": "Workshops & Plants"
          },
          "description": {},
          "slug": "workshops-and-plants",
          "keywords": { "en": [], "ar": []},
          "children": []
        }
      ]
    },
    {
      "name": {
        "en": "Soundproofing Materials"
      },
      "description": {},
      "slug": "soundproofing-materials",
      "keywords": { "en": [], "ar": []},
      "children": [
        {
          "name": {
            "en": "Acoustic Panels"
          },
          "description": {},
          "slug": "acoustic-panels",
          "keywords": { "en": [], "ar": []},
          "children": []
        },
        {
          "name": {
            "en": "Other Soundproofing Materials"
          },
          "description": {},
          "slug": "other-soundproofing-materials",
          "keywords": { "en": [], "ar": []},
          "children": []
        },
        {
          "name": {
            "en": "Sound Barriers"
          },
          "description": {},
          "slug": "sound-barriers",
          "keywords": { "en": [], "ar": []},
          "children": []
        }
      ]
    },
    {
      "name": {
        "en": "Stairs & Stair Parts"
      },
      "description": {},
      "slug": "stairs-and-stair-parts",
      "keywords": { "en": [], "ar": []},
      "children": [
        {
          "name": {
            "en": "Stair Parts"
          },
          "description": {},
          "slug": "stair-parts",
          "keywords": { "en": [], "ar": []},
          "children": []
        },
        {
          "name": {
            "en": "Stairs"
          },
          "description": {},
          "slug": "stairs",
          "keywords": { "en": [], "ar": []},
          "children": []
        }
      ]
    },
    {
      "name": {
        "en": "Stone"
      },
      "description": {},
      "slug": "stone",
      "keywords": { "en": [], "ar": []},
      "children": [
        {
          "name": {
            "en": "Artificial Stone"
          },
          "description": {},
          "slug": "artificial-stone",
          "keywords": { "en": [], "ar": []},
          "children": []
        },
        {
          "name": {
            "en": "Landscaping Stone"
          },
          "description": {},
          "slug": "landscaping-stone",
          "keywords": { "en": [], "ar": []},
          "children": [
            {
              "name": {
                "en": "Cobbles & Pebbles"
              },
              "description": {},
              "slug": "cobbles-and-pebbles",
              "keywords": { "en": [], "ar": []},
              "children": []
            },
            {
              "name": {
                "en": "Curbstones"
              },
              "description": {},
              "slug": "curbstones",
              "keywords": { "en": [], "ar": []},
              "children": []
            },
            {
              "name": {
                "en": "Mushroom Stone"
              },
              "description": {},
              "slug": "mushroom-stone",
              "keywords": { "en": [], "ar": []},
              "children": []
            },
            {
              "name": {
                "en": "Other Landscaping Stone"
              },
              "description": {},
              "slug": "other-landscaping-stone",
              "keywords": { "en": [], "ar": []},
              "children": []
            },
            {
              "name": {
                "en": "Paving Stone"
              },
              "description": {},
              "slug": "paving-stone",
              "keywords": { "en": [], "ar": []},
              "children": []
            },
            {
              "name": {
                "en": "Tactile Paving"
              },
              "description": {},
              "slug": "tactile-paving",
              "keywords": { "en": [], "ar": []},
              "children": []
            }
          ]
        },
        {
          "name": {
            "en": "Natural Stone"
          },
          "description": {},
          "slug": "natural-stone",
          "keywords": { "en": [], "ar": []},
          "children": [
            {
              "name": {
                "en": "Basalt"
              },
              "description": {},
              "slug": "basalt",
              "keywords": { "en": [], "ar": []},
              "children": []
            },
            {
              "name": {
                "en": "Granite"
              },
              "description": {},
              "slug": "granite",
              "keywords": { "en": [], "ar": []},
              "children": []
            },
            {
              "name": {
                "en": "Limestone"
              },
              "description": {},
              "slug": "limestone",
              "keywords": { "en": [], "ar": []},
              "children": []
            },
            {
              "name": {
                "en": "Marble"
              },
              "description": {},
              "slug": "marble",
              "keywords": { "en": [], "ar": []},
              "children": []
            },
            {
              "name": {
                "en": "Other Natural Stone"
              },
              "description": {},
              "slug": "other-natural-stone",
              "keywords": { "en": [], "ar": []},
              "children": []
            },
            {
              "name": {
                "en": "Sandstone"
              },
              "description": {},
              "slug": "sandstone",
              "keywords": { "en": [], "ar": []},
              "children": []
            },
            {
              "name": {
                "en": "Slate"
              },
              "description": {},
              "slug": "slate",
              "keywords": { "en": [], "ar": []},
              "children": []
            }
          ]
        },
        {
          "name": {
            "en": "Stone Carvings and Sculptures"
          },
          "description": {},
          "slug": "stone-carvings-and-sculptures",
          "keywords": { "en": [], "ar": []},
          "children": [
            {
              "name": {
                "en": "Arches"
              },
              "description": {},
              "slug": "arches",
              "keywords": { "en": [], "ar": []},
              "children": []
            },
            {
              "name": {
                "en": "Other Stone Carvings & Sculptures"
              },
              "description": {},
              "slug": "other-stone-carvings-and-sculptures",
              "keywords": { "en": [], "ar": []},
              "children": []
            },
            {
              "name": {
                "en": "Pillars"
              },
              "description": {},
              "slug": "pillars",
              "keywords": { "en": [], "ar": []},
              "children": []
            },
            {
              "name": {
                "en": "Statues"
              },
              "description": {},
              "slug": "statues",
              "keywords": { "en": [], "ar": []},
              "children": []
            },
            {
              "name": {
                "en": "Stone Garden Products"
              },
              "description": {},
              "slug": "stone-garden-products",
              "keywords": { "en": [], "ar": []},
              "children": []
            },
            {
              "name": {
                "en": "Stone Reliefs"
              },
              "description": {},
              "slug": "stone-reliefs",
              "keywords": { "en": [], "ar": []},
              "children": []
            }
          ]
        },
        {
          "name": {
            "en": "Tombstones and Monuments"
          },
          "description": {},
          "slug": "tombstones-and-monuments",
          "keywords": { "en": [], "ar": []},
          "children": []
        }
      ]
    },
    {
      "name": {
        "en": "Sunrooms & Glass Houses"
      },
      "description": {},
      "slug": "sunrooms-and-glass-houses",
      "keywords": { "en": [], "ar": []},
      "children": []
    },
    {
      "name": {
        "en": "Tiles & Accessories"
      },
      "description": {},
      "slug": "tiles-and-accessories",
      "keywords": { "en": [], "ar": []},
      "children": [
        {
          "name": {
            "en": "Tile Accessories"
          },
          "description": {},
          "slug": "tile-accessories",
          "keywords": { "en": [], "ar": []},
          "children": []
        },
        {
          "name": {
            "en": "Tiles"
          },
          "description": {},
          "slug": "tiles",
          "keywords": { "en": [], "ar": []},
          "children": []
        }
      ]
    },
    {
      "name": {
        "en": "Timber"
      },
      "description": {},
      "slug": "timber",
      "keywords": { "en": [], "ar": []},
      "children": [
        {
          "name": {
            "en": "Anticorrosive Woods"
          },
          "description": {},
          "slug": "anticorrosive-woods",
          "keywords": { "en": [], "ar": []},
          "children": []
        },
        {
          "name": {
            "en": "Decorative High-Pressure Laminates / HPL"
          },
          "description": {},
          "slug": "decorative-high-pressure-laminates-hpl",
          "keywords": { "en": [], "ar": []},
          "children": []
        },
        {
          "name": {
            "en": "Fibreboards"
          },
          "description": {},
          "slug": "fibreboards",
          "keywords": { "en": [], "ar": []},
          "children": []
        },
        {
          "name": {
            "en": "Finger Jointed Boards"
          },
          "description": {},
          "slug": "finger-jointed-boards",
          "keywords": { "en": [], "ar": []},
          "children": []
        },
        {
          "name": {
            "en": "Flakeboards"
          },
          "description": {},
          "slug": "flakeboards",
          "keywords": { "en": [], "ar": []},
          "children": []
        },
        {
          "name": {
            "en": "Laminated Wood Boards / Blockboards"
          },
          "description": {},
          "slug": "laminated-wood-boards-blockboards",
          "keywords": { "en": [], "ar": []},
          "children": []
        },
        {
          "name": {
            "en": "Melamine Boards"
          },
          "description": {},
          "slug": "melamine-boards",
          "keywords": { "en": [], "ar": []},
          "children": []
        },
        {
          "name": {
            "en": "Other Timber"
          },
          "description": {},
          "slug": "other-timber",
          "keywords": { "en": [], "ar": []},
          "children": []
        },
        {
          "name": {
            "en": "Plywoods"
          },
          "description": {},
          "slug": "plywoods",
          "keywords": { "en": [], "ar": []},
          "children": []
        },
        {
          "name": {
            "en": "Solid Wood Boards"
          },
          "description": {},
          "slug": "solid-wood-boards",
          "keywords": { "en": [], "ar": []},
          "children": []
        },
        {
          "name": {
            "en": "Veneers"
          },
          "description": {},
          "slug": "veneers",
          "keywords": { "en": [], "ar": []},
          "children": []
        }
      ]
    },
    {
      "name": {
        "en": "Wallpapers/Wall Coating"
      },
      "description": {},
      "slug": "wallpaperswall-coating",
      "keywords": { "en": [], "ar": []},
      "children": []
    },
    {
      "name": {
        "en": "Waterproofing Materials"
      },
      "description": {},
      "slug": "waterproofing-materials",
      "keywords": { "en": [], "ar": []},
      "children": [
        {
          "name": {
            "en": "Geosynthetic Clay Liner"
          },
          "description": {},
          "slug": "geosynthetic-clay-liner",
          "keywords": { "en": [], "ar": []},
          "children": []
        },
        {
          "name": {
            "en": "Other Waterproofing Materials"
          },
          "description": {},
          "slug": "other-waterproofing-materials",
          "keywords": { "en": [], "ar": []},
          "children": []
        },
        {
          "name": {
            "en": "Roofing Felts"
          },
          "description": {},
          "slug": "roofing-felts",
          "keywords": { "en": [], "ar": []},
          "children": []
        },
        {
          "name": {
            "en": "Waterproof Membrane"
          },
          "description": {},
          "slug": "waterproof-membrane",
          "keywords": { "en": [], "ar": []},
          "children": []
        }
      ]
    }
  ]
}
