{
  "name": {
    "en": "Electronic Components, Accessories & Telecommunications"
  },
  "description": {},
  "slug": "electronic-components-accessories-and-telecommunications",
  "keywords": { "en": [], "ar": []},
  "children": [
    {
      "name": {
        "en": "Acoustic Components"
      },
      "description": {},
      "slug": "acoustic-components",
      "keywords": { "en": [], "ar": []},
      "children": []
    },
    {
      "name": {
        "en": "Active Components"
      },
      "description": {},
      "slug": "active-components",
      "keywords": { "en": [], "ar": []},
      "children": []
    },
    {
      "name": {
        "en": "Amplifiers and Comparators"
      },
      "description": {},
      "slug": "amplifiers-and-comparators",
      "keywords": { "en": [], "ar": []},
      "children": []
    },
    {
      "name": {
        "en": "Capacitors"
      },
      "description": {},
      "slug": "capacitors",
      "keywords": { "en": [], "ar": []},
      "children": []
    },
    {
      "name": {
        "en": "Connectors and Accessories"
      },
      "description": {},
      "slug": "connectors-and-accessories",
      "keywords": { "en": [], "ar": []},
      "children": [
        {
          "name": {
            "en": "Connector"
          },
          "description": {},
          "slug": "connector",
          "keywords": { "en": [], "ar": []},
          "children": []
        },
        {
          "name": {
            "en": "Connector Accessories"
          },
          "description": {},
          "slug": "connector-accessories",
          "keywords": { "en": [], "ar": []},
          "children": []
        }
      ]
    },
    {
      "name": {
        "en": "Crystals, Oscillators and Resonators"
      },
      "description": {},
      "slug": "crystals-oscillators-and-resonators",
      "keywords": { "en": [], "ar": []},
      "children": [
        {
          "name": {
            "en": "Crystals"
          },
          "description": {},
          "slug": "crystals",
          "keywords": { "en": [], "ar": []},
          "children": []
        },
        {
          "name": {
            "en": "Oscillators"
          },
          "description": {},
          "slug": "oscillators",
          "keywords": { "en": [], "ar": []},
          "children": []
        },
        {
          "name": {
            "en": "Resonators"
          },
          "description": {},
          "slug": "resonators",
          "keywords": { "en": [], "ar": []},
          "children": []
        }
      ]
    },
    {
      "name": {
        "en": "Development Systems, and IoT Products"
      },
      "description": {},
      "slug": "development-systems-and-iot-products",
      "keywords": { "en": [], "ar": []},
      "children": [
        {
          "name": {
            "en": "Development Boards and Kits"
          },
          "description": {},
          "slug": "development-boards-and-kits",
          "keywords": { "en": [], "ar": []},
          "children": []
        },
        {
          "name": {
            "en": "Development Kits and Tools"
          },
          "description": {},
          "slug": "development-kits-and-tools",
          "keywords": { "en": [], "ar": []},
          "children": []
        },
        {
          "name": {
            "en": "Robotic Kits"
          },
          "description": {},
          "slug": "robotic-kits",
          "keywords": { "en": [], "ar": []},
          "children": []
        }
      ]
    },
    {
      "name": {
        "en": "Diodes, Transistors and Thyristors"
      },
      "description": {},
      "slug": "diodes-transistors-and-thyristors",
      "keywords": { "en": [], "ar": []},
      "children": [
        {
          "name": {
            "en": "Diodes"
          },
          "description": {},
          "slug": "diodes",
          "keywords": { "en": [], "ar": []},
          "children": []
        },
        {
          "name": {
            "en": "Rectifiers"
          },
          "description": {},
          "slug": "rectifiers",
          "keywords": { "en": [], "ar": []},
          "children": []
        },
        {
          "name": {
            "en": "Thyristors"
          },
          "description": {},
          "slug": "thyristors",
          "keywords": { "en": [], "ar": []},
          "children": []
        },
        {
          "name": {
            "en": "Transistors"
          },
          "description": {},
          "slug": "transistors",
          "keywords": { "en": [], "ar": []},
          "children": []
        }
      ]
    },
    {
      "name": {
        "en": "Displays, Signage and Optoelectronics"
      },
      "description": {},
      "slug": "displays-signage-and-optoelectronics",
      "keywords": { "en": [], "ar": []},
      "children": [
        {
          "name": {
            "en": "Digital Signage and Displays"
          },
          "description": {},
          "slug": "digital-signage-and-displays",
          "keywords": { "en": [], "ar": []},
          "children": []
        },
        {
          "name": {
            "en": "Display Modules"
          },
          "description": {},
          "slug": "display-modules",
          "keywords": { "en": [], "ar": []},
          "children": []
        },
        {
          "name": {
            "en": "LED Drivers"
          },
          "description": {},
          "slug": "led-drivers",
          "keywords": { "en": [], "ar": []},
          "children": []
        },
        {
          "name": {
            "en": "LEDs"
          },
          "description": {},
          "slug": "leds",
          "keywords": { "en": [], "ar": []},
          "children": []
        }
      ]
    },
    {
      "name": {
        "en": "EL Products"
      },
      "description": {},
      "slug": "el-products",
      "keywords": { "en": [], "ar": []},
      "children": []
    },
    {
      "name": {
        "en": "Electronic Accessories & Supplies"
      },
      "description": {},
      "slug": "electronic-accessories-and-supplies",
      "keywords": { "en": [], "ar": []},
      "children": [
        {
          "name": {
            "en": "Electrical Ceramics"
          },
          "description": {},
          "slug": "electrical-ceramics",
          "keywords": { "en": [], "ar": []},
          "children": []
        },
        {
          "name": {
            "en": "Electrical Contacts and Contact Materials"
          },
          "description": {},
          "slug": "electrical-contacts-and-contact-materials",
          "keywords": { "en": [], "ar": []},
          "children": []
        },
        {
          "name": {
            "en": "Insulation Materials & Elements"
          },
          "description": {},
          "slug": "insulation-materials-and-elements",
          "keywords": { "en": [], "ar": []},
          "children": []
        },
        {
          "name": {
            "en": "Keypads & Keyboards"
          },
          "description": {},
          "slug": "keypads-and-keyboards",
          "keywords": { "en": [], "ar": []},
          "children": []
        },
        {
          "name": {
            "en": "Other Electronic Accessories"
          },
          "description": {},
          "slug": "other-electronic-accessories",
          "keywords": { "en": [], "ar": []},
          "children": []
        },
        {
          "name": {
            "en": "Semiconductors"
          },
          "description": {},
          "slug": "semiconductors",
          "keywords": { "en": [], "ar": []},
          "children": []
        },
        {
          "name": {
            "en": "Wire and Cables"
          },
          "description": {},
          "slug": "wire-and-cables",
          "keywords": { "en": [], "ar": []},
          "children": []
        }
      ]
    },
    {
      "name": {
        "en": "Electronic Data Systems"
      },
      "description": {},
      "slug": "electronic-data-systems",
      "keywords": { "en": [], "ar": []},
      "children": []
    },
    {
      "name": {
        "en": "Electronic Signs"
      },
      "description": {},
      "slug": "electronic-signs",
      "keywords": { "en": [], "ar": []},
      "children": []
    },
    {
      "name": {
        "en": "Electronics Stocks"
      },
      "description": {},
      "slug": "electronics-stocks",
      "keywords": { "en": [], "ar": []},
      "children": []
    },
    {
      "name": {
        "en": "Filters"
      },
      "description": {},
      "slug": "filters",
      "keywords": { "en": [], "ar": []},
      "children": []
    },
    {
      "name": {
        "en": "Inductors"
      },
      "description": {},
      "slug": "inductors",
      "keywords": { "en": [], "ar": []},
      "children": []
    },
    {
      "name": {
        "en": "Integrated Circuits"
      },
      "description": {},
      "slug": "integrated-circuits",
      "keywords": { "en": [], "ar": []},
      "children": []
    },
    {
      "name": {
        "en": "Microcontrollers, Standard and Specialty"
      },
      "description": {},
      "slug": "microcontrollers-standard-and-specialty",
      "keywords": { "en": [], "ar": []},
      "children": []
    },
    {
      "name": {
        "en": "Optoelectronic Displays"
      },
      "description": {},
      "slug": "optoelectronic-displays",
      "keywords": { "en": [], "ar": []},
      "children": []
    },
    {
      "name": {
        "en": "Optoelectronics"
      },
      "description": {},
      "slug": "optoelectronics",
      "keywords": { "en": [], "ar": []},
      "children": []
    },
    {
      "name": {
        "en": "Other Electronic Components"
      },
      "description": {},
      "slug": "other-electronic-components",
      "keywords": { "en": [], "ar": []},
      "children": []
    },
    {
      "name": {
        "en": "Passive Components"
      },
      "description": {},
      "slug": "passive-components",
      "keywords": { "en": [], "ar": []},
      "children": []
    },
    {
      "name": {
        "en": "PCB & PCBA"
      },
      "description": {},
      "slug": "pcb-and-pcba",
      "keywords": { "en": [], "ar": []},
      "children": [
        {
          "name": {
            "en": "Double-Sided PCB"
          },
          "description": {},
          "slug": "double-sided-pcb",
          "keywords": { "en": [], "ar": []},
          "children": []
        },
        {
          "name": {
            "en": "FPC"
          },
          "description": {},
          "slug": "fpc",
          "keywords": { "en": [], "ar": []},
          "children": []
        },
        {
          "name": {
            "en": "Multilayer PCB"
          },
          "description": {},
          "slug": "multilayer-pcb",
          "keywords": { "en": [], "ar": []},
          "children": []
        },
        {
          "name": {
            "en": "Other PCB & PCBA"
          },
          "description": {},
          "slug": "other-pcb-and-pcba",
          "keywords": { "en": [], "ar": []},
          "children": []
        },
        {
          "name": {
            "en": "PCBA"
          },
          "description": {},
          "slug": "pcba",
          "keywords": { "en": [], "ar": []},
          "children": []
        },
        {
          "name": {
            "en": "Rigid PCB"
          },
          "description": {},
          "slug": "rigid-pcb",
          "keywords": { "en": [], "ar": []},
          "children": []
        },
        {
          "name": {
            "en": "Single-Sided PCB"
          },
          "description": {},
          "slug": "single-sided-pcb",
          "keywords": { "en": [], "ar": []},
          "children": []
        }
      ]
    },
    {
      "name": {
        "en": "Potentiometers"
      },
      "description": {},
      "slug": "electronic-components-accessories-and-telecommunications-potentiometers",
      "keywords": { "en": [], "ar": []},
      "children": []
    },
    {
      "name": {
        "en": "Power Driver Modules"
      },
      "description": {},
      "slug": "power-driver-modules",
      "keywords": { "en": [], "ar": []},
      "children": []
    },
    {
      "name": {
        "en": "Power Supplies and Circuit Protection"
      },
      "description": {},
      "slug": "power-supplies-and-circuit-protection",
      "keywords": { "en": [], "ar": []},
      "children": [
        {
          "name": {
            "en": "Circuit Protection"
          },
          "description": {},
          "slug": "circuit-protection",
          "keywords": { "en": [], "ar": []},
          "children": []
        },
        {
          "name": {
            "en": "Power Supplies"
          },
          "description": {},
          "slug": "power-supplies-and-circuit-protection-power-supplies",
          "keywords": { "en": [], "ar": []},
          "children": []
        }
      ]
    },
    {
      "name": {
        "en": "Relay"
      },
      "description": {},
      "slug": "relay",
      "keywords": { "en": [], "ar": []},
      "children": []
    },
    {
      "name": {
        "en": "Resistors"
      },
      "description": {},
      "slug": "resistors",
      "keywords": { "en": [], "ar": []},
      "children": []
    },
    {
      "name": {
        "en": "Sensors"
      },
      "description": {},
      "slug": "sensors",
      "keywords": { "en": [], "ar": []},
      "children": []
    },
    {
      "name": {
        "en": "Switches"
      },
      "description": {},
      "slug": "electronic-components-accessories-and-telecommunications-switches",
      "keywords": { "en": [], "ar": []},
      "children": []
    },
    {
      "name": {
        "en": "Telecommunications"
      },
      "description": {},
      "slug": "telecommunications",
      "keywords": { "en": [], "ar": []},
      "children": [
        {
          "name": {
            "en": "Broadcast Intercom System"
          },
          "description": {},
          "slug": "broadcast-intercom-system",
          "keywords": { "en": [], "ar": []},
          "children": []
        },
        {
          "name": {
            "en": "Communication Antenna"
          },
          "description": {},
          "slug": "communication-antenna",
          "keywords": { "en": [], "ar": []},
          "children": []
        },
        {
          "name": {
            "en": "Communication Cables"
          },
          "description": {},
          "slug": "communication-cables",
          "keywords": { "en": [], "ar": []},
          "children": []
        },
        {
          "name": {
            "en": "Fiber Optic Equipment"
          },
          "description": {},
          "slug": "fiber-optic-equipment",
          "keywords": { "en": [], "ar": []},
          "children": []
        },
        {
          "name": {
            "en": "Fixed Wireless Terminals"
          },
          "description": {},
          "slug": "fixed-wireless-terminals",
          "keywords": { "en": [], "ar": []},
          "children": []
        },
        {
          "name": {
            "en": "GNSS & GPS Antenna"
          },
          "description": {},
          "slug": "gnss-and-gps-antenna",
          "keywords": { "en": [], "ar": []},
          "children": []
        },
        {
          "name": {
            "en": "Other Telecommunications Products"
          },
          "description": {},
          "slug": "other-telecommunications-products",
          "keywords": { "en": [], "ar": []},
          "children": []
        },
        {
          "name": {
            "en": "PBX"
          },
          "description": {},
          "slug": "pbx",
          "keywords": { "en": [], "ar": []},
          "children": []
        },
        {
          "name": {
            "en": "Repeater"
          },
          "description": {},
          "slug": "repeater",
          "keywords": { "en": [], "ar": []},
          "children": []
        },
        {
          "name": {
            "en": "Telecom Parts"
          },
          "description": {},
          "slug": "telecom-parts",
          "keywords": { "en": [], "ar": []},
          "children": []
        },
        {
          "name": {
            "en": "Telecommunication Tower"
          },
          "description": {},
          "slug": "telecommunication-tower",
          "keywords": { "en": [], "ar": []},
          "children": []
        },
        {
          "name": {
            "en": "Telephones & Accessories"
          },
          "description": {},
          "slug": "telephones-and-accessories",
          "keywords": { "en": [], "ar": []},
          "children": [
            {
              "name": {
                "en": "Answering Machines"
              },
              "description": {},
              "slug": "answering-machines",
              "keywords": { "en": [], "ar": []},
              "children": []
            },
            {
              "name": {
                "en": "Caller ID Boxes"
              },
              "description": {},
              "slug": "caller-id-boxes",
              "keywords": { "en": [], "ar": []},
              "children": []
            },
            {
              "name": {
                "en": "Corded Telephones"
              },
              "description": {},
              "slug": "corded-telephones",
              "keywords": { "en": [], "ar": []},
              "children": []
            },
            {
              "name": {
                "en": "Cordless Telephones"
              },
              "description": {},
              "slug": "cordless-telephones",
              "keywords": { "en": [], "ar": []},
              "children": []
            },
            {
              "name": {
                "en": "Other Telephone Accessories"
              },
              "description": {},
              "slug": "other-telephone-accessories",
              "keywords": { "en": [], "ar": []},
              "children": []
            },
            {
              "name": {
                "en": "Phone Cards"
              },
              "description": {},
              "slug": "phone-cards",
              "keywords": { "en": [], "ar": []},
              "children": []
            },
            {
              "name": {
                "en": "Telephone Cords"
              },
              "description": {},
              "slug": "telephone-cords",
              "keywords": { "en": [], "ar": []},
              "children": []
            },
            {
              "name": {
                "en": "Telephone Headsets"
              },
              "description": {},
              "slug": "telephone-headsets",
              "keywords": { "en": [], "ar": []},
              "children": []
            }
          ]
        },
        {
          "name": {
            "en": "VoIP Products"
          },
          "description": {},
          "slug": "voip-products",
          "keywords": { "en": [], "ar": []},
          "children": []
        },
        {
          "name": {
            "en": "WiFi Finder"
          },
          "description": {},
          "slug": "wifi-finder",
          "keywords": { "en": [], "ar": []},
          "children": []
        }
      ]
    },
    {
      "name": {
        "en": "Wireless & IoT"
      },
      "description": {},
      "slug": "wireless-and-iot",
      "keywords": { "en": [], "ar": []},
      "children": [
        {
          "name": {
            "en": "Bluetooth Modules & Adaptors"
          },
          "description": {},
          "slug": "bluetooth-modules-and-adaptors",
          "keywords": { "en": [], "ar": []},
          "children": []
        },
        {
          "name": {
            "en": "Ethernet Modules & POE"
          },
          "description": {},
          "slug": "ethernet-modules-and-poe",
          "keywords": { "en": [], "ar": []},
          "children": []
        },
        {
          "name": {
            "en": "GPS Modules & Receivers"
          },
          "description": {},
          "slug": "gps-modules-and-receivers",
          "keywords": { "en": [], "ar": []},
          "children": []
        },
        {
          "name": {
            "en": "IoT Solutions & Products"
          },
          "description": {},
          "slug": "iot-solutions-and-products",
          "keywords": { "en": [], "ar": []},
          "children": []
        },
        {
          "name": {
            "en": "Other Communication & Networking Modules"
          },
          "description": {},
          "slug": "other-communication-and-networking-modules",
          "keywords": { "en": [], "ar": []},
          "children": []
        },
        {
          "name": {
            "en": "WLAN Modules & USB Adaptors"
          },
          "description": {},
          "slug": "wlan-modules-and-usb-adaptors",
          "keywords": { "en": [], "ar": []},
          "children": []
        },
        {
          "name": {
            "en": "Zigbee Modules"
          },
          "description": {},
          "slug": "zigbee-modules",
          "keywords": { "en": [], "ar": []},
          "children": []
        }
      ]
    }
  ]
}
