{
  "name": {
    "en": "Electrical Equipment & Supplies"
  },
  "description": {},
  "slug": "electrical-equipment-and-supplies",
  "keywords": { "en": [], "ar": []},
  "children": [
    {
      "name": {
        "en": "Batteries"
      },
      "description": {},
      "slug": "batteries",
      "keywords": { "en": [], "ar": []},
      "children": [
        {
          "name": {
            "en": "Battery Accessories"
          },
          "description": {},
          "slug": "battery-accessories",
          "keywords": { "en": [], "ar": []},
          "children": []
        },
        {
          "name": {
            "en": "Battery Packs (old)"
          },
          "description": {},
          "slug": "battery-packs-old",
          "keywords": { "en": [], "ar": []},
          "children": []
        },
        {
          "name": {
            "en": "Button Cell Batteries (old)"
          },
          "description": {},
          "slug": "button-cell-batteries-old",
          "keywords": { "en": [], "ar": []},
          "children": []
        },
        {
          "name": {
            "en": "Disposable Batteries (old)"
          },
          "description": {},
          "slug": "disposable-batteries-old",
          "keywords": { "en": [], "ar": []},
          "children": []
        },
        {
          "name": {
            "en": "Fuel Cells (old)"
          },
          "description": {},
          "slug": "fuel-cells-old",
          "keywords": { "en": [], "ar": []},
          "children": []
        },
        {
          "name": {
            "en": "Lead Acid Batteries"
          },
          "description": {},
          "slug": "lead-acid-batteries",
          "keywords": { "en": [], "ar": []},
          "children": []
        },
        {
          "name": {
            "en": "Lithium Ion Batteries"
          },
          "description": {},
          "slug": "lithium-ion-batteries",
          "keywords": { "en": [], "ar": []},
          "children": []
        },
        {
          "name": {
            "en": "Nickel Cadmium Batteries (NiCd)"
          },
          "description": {},
          "slug": "nickel-cadmium-batteries-nicd",
          "keywords": { "en": [], "ar": []},
          "children": []
        },
        {
          "name": {
            "en": "Nickel Metal Hydride Batteries (Ni-MH)"
          },
          "description": {},
          "slug": "nickel-metal-hydride-batteries-ni-mh",
          "keywords": { "en": [], "ar": []},
          "children": []
        },
        {
          "name": {
            "en": "Other Batteries"
          },
          "description": {},
          "slug": "other-batteries",
          "keywords": { "en": [], "ar": []},
          "children": []
        },
        {
          "name": {
            "en": "Other Batteries (old)"
          },
          "description": {},
          "slug": "other-batteries-old",
          "keywords": { "en": [], "ar": []},
          "children": []
        },
        {
          "name": {
            "en": "Primary Batteries"
          },
          "description": {},
          "slug": "primary-batteries",
          "keywords": { "en": [], "ar": []},
          "children": []
        },
        {
          "name": {
            "en": "Rechargeable Batteries (old)"
          },
          "description": {},
          "slug": "rechargeable-batteries-old",
          "keywords": { "en": [], "ar": []},
          "children": []
        },
        {
          "name": {
            "en": "Storage Batteries (old)"
          },
          "description": {},
          "slug": "storage-batteries-old",
          "keywords": { "en": [], "ar": []},
          "children": []
        },
        {
          "name": {
            "en": "Uninterruptible Power Supply (UPS)"
          },
          "description": {},
          "slug": "uninterruptible-power-supply-ups",
          "keywords": { "en": [], "ar": []},
          "children": []
        }
      ]
    },
    {
      "name": {
        "en": "Connectors & Terminals"
      },
      "description": {},
      "slug": "connectors-and-terminals",
      "keywords": { "en": [], "ar": []},
      "children": [
        {
          "name": {
            "en": "Alligator Clips"
          },
          "description": {},
          "slug": "alligator-clips",
          "keywords": { "en": [], "ar": []},
          "children": []
        },
        {
          "name": {
            "en": "Connectors"
          },
          "description": {},
          "slug": "connectors",
          "keywords": { "en": [], "ar": []},
          "children": []
        },
        {
          "name": {
            "en": "Other Connectors & Terminals"
          },
          "description": {},
          "slug": "other-connectors-and-terminals",
          "keywords": { "en": [], "ar": []},
          "children": []
        },
        {
          "name": {
            "en": "Terminal Blocks"
          },
          "description": {},
          "slug": "terminal-blocks",
          "keywords": { "en": [], "ar": []},
          "children": []
        },
        {
          "name": {
            "en": "Terminals"
          },
          "description": {},
          "slug": "terminals",
          "keywords": { "en": [], "ar": []},
          "children": []
        }
      ]
    },
    {
      "name": {
        "en": "Electrical Instruments"
      },
      "description": {},
      "slug": "electrical-instruments",
      "keywords": { "en": [], "ar": []},
      "children": [
        {
          "name": {
            "en": "Battery Testers"
          },
          "description": {},
          "slug": "battery-testers",
          "keywords": { "en": [], "ar": []},
          "children": []
        },
        {
          "name": {
            "en": "Clamp Meters"
          },
          "description": {},
          "slug": "clamp-meters",
          "keywords": { "en": [], "ar": []},
          "children": []
        },
        {
          "name": {
            "en": "Energy Meters"
          },
          "description": {},
          "slug": "energy-meters",
          "keywords": { "en": [], "ar": []},
          "children": []
        },
        {
          "name": {
            "en": "Frequency Meters"
          },
          "description": {},
          "slug": "frequency-meters",
          "keywords": { "en": [], "ar": []},
          "children": []
        },
        {
          "name": {
            "en": "Multimeters"
          },
          "description": {},
          "slug": "multimeters",
          "keywords": { "en": [], "ar": []},
          "children": []
        },
        {
          "name": {
            "en": "Other Electrical Instruments"
          },
          "description": {},
          "slug": "other-electrical-instruments",
          "keywords": { "en": [], "ar": []},
          "children": []
        },
        {
          "name": {
            "en": "Panel Meters"
          },
          "description": {},
          "slug": "panel-meters",
          "keywords": { "en": [], "ar": []},
          "children": []
        },
        {
          "name": {
            "en": "Potentiometers"
          },
          "description": {},
          "slug": "potentiometers",
          "keywords": { "en": [], "ar": []},
          "children": []
        },
        {
          "name": {
            "en": "Power Meters"
          },
          "description": {},
          "slug": "power-meters",
          "keywords": { "en": [], "ar": []},
          "children": []
        },
        {
          "name": {
            "en": "Resistance Meters"
          },
          "description": {},
          "slug": "resistance-meters",
          "keywords": { "en": [], "ar": []},
          "children": []
        },
        {
          "name": {
            "en": "Voltage Meters"
          },
          "description": {},
          "slug": "voltage-meters",
          "keywords": { "en": [], "ar": []},
          "children": []
        }
      ]
    },
    {
      "name": {
        "en": "Electrical Supplies"
      },
      "description": {},
      "slug": "electrical-supplies",
      "keywords": { "en": [], "ar": []},
      "children": [
        {
          "name": {
            "en": "Plugs & Sockets"
          },
          "description": {},
          "slug": "plugs-and-sockets",
          "keywords": { "en": [], "ar": []},
          "children": []
        },
        {
          "name": {
            "en": "Power Cords & Extension Cords"
          },
          "description": {},
          "slug": "power-cords-and-extension-cords",
          "keywords": { "en": [], "ar": []},
          "children": []
        },
        {
          "name": {
            "en": "Power Strips"
          },
          "description": {},
          "slug": "power-strips",
          "keywords": { "en": [], "ar": []},
          "children": []
        },
        {
          "name": {
            "en": "Wall Switches"
          },
          "description": {},
          "slug": "wall-switches",
          "keywords": { "en": [], "ar": []},
          "children": []
        }
      ]
    },
    {
      "name": {
        "en": "Generators"
      },
      "description": {},
      "slug": "generators",
      "keywords": { "en": [], "ar": []},
      "children": [
        {
          "name": {
            "en": "Alternative Energy Generators"
          },
          "description": {},
          "slug": "alternative-energy-generators",
          "keywords": { "en": [], "ar": []},
          "children": []
        },
        {
          "name": {
            "en": "Diesel Generators"
          },
          "description": {},
          "slug": "diesel-generators",
          "keywords": { "en": [], "ar": []},
          "children": []
        },
        {
          "name": {
            "en": "Gas Turbine Generators"
          },
          "description": {},
          "slug": "gas-turbine-generators",
          "keywords": { "en": [], "ar": []},
          "children": []
        },
        {
          "name": {
            "en": "Gasoline Generators"
          },
          "description": {},
          "slug": "gasoline-generators",
          "keywords": { "en": [], "ar": []},
          "children": []
        },
        {
          "name": {
            "en": "Generator Parts & Accessories"
          },
          "description": {},
          "slug": "generator-parts-and-accessories",
          "keywords": { "en": [], "ar": []},
          "children": []
        },
        {
          "name": {
            "en": "Other Generators"
          },
          "description": {},
          "slug": "other-generators",
          "keywords": { "en": [], "ar": []},
          "children": []
        }
      ]
    },
    {
      "name": {
        "en": "Industrial Controls"
      },
      "description": {},
      "slug": "industrial-controls",
      "keywords": { "en": [], "ar": []},
      "children": [
        {
          "name": {
            "en": "Circuit Breakers"
          },
          "description": {},
          "slug": "circuit-breakers",
          "keywords": { "en": [], "ar": []},
          "children": []
        },
        {
          "name": {
            "en": "Contactors"
          },
          "description": {},
          "slug": "contactors",
          "keywords": { "en": [], "ar": []},
          "children": []
        },
        {
          "name": {
            "en": "Counters"
          },
          "description": {},
          "slug": "counters",
          "keywords": { "en": [], "ar": []},
          "children": []
        },
        {
          "name": {
            "en": "Electronic & Instrument Enclosures"
          },
          "description": {},
          "slug": "electronic-and-instrument-enclosures",
          "keywords": { "en": [], "ar": []},
          "children": []
        },
        {
          "name": {
            "en": "Fuse Components"
          },
          "description": {},
          "slug": "fuse-components",
          "keywords": { "en": [], "ar": []},
          "children": []
        },
        {
          "name": {
            "en": "Fuses"
          },
          "description": {},
          "slug": "fuses",
          "keywords": { "en": [], "ar": []},
          "children": []
        },
        {
          "name": {
            "en": "Indicator Lights"
          },
          "description": {},
          "slug": "indicator-lights",
          "keywords": { "en": [], "ar": []},
          "children": []
        },
        {
          "name": {
            "en": "Motor Starters"
          },
          "description": {},
          "slug": "motor-starters",
          "keywords": { "en": [], "ar": []},
          "children": []
        },
        {
          "name": {
            "en": "Other Electrical Equipment"
          },
          "description": {},
          "slug": "other-electrical-equipment",
          "keywords": { "en": [], "ar": []},
          "children": []
        },
        {
          "name": {
            "en": "PLC"
          },
          "description": {},
          "slug": "plc",
          "keywords": { "en": [], "ar": []},
          "children": []
        },
        {
          "name": {
            "en": "Power Distribution Equipment"
          },
          "description": {},
          "slug": "power-distribution-equipment",
          "keywords": { "en": [], "ar": []},
          "children": []
        },
        {
          "name": {
            "en": "Relays"
          },
          "description": {},
          "slug": "relays",
          "keywords": { "en": [], "ar": []},
          "children": []
        },
        {
          "name": {
            "en": "Timers"
          },
          "description": {},
          "slug": "timers",
          "keywords": { "en": [], "ar": []},
          "children": []
        },
        {
          "name": {
            "en": "Transformers"
          },
          "description": {},
          "slug": "transformers",
          "keywords": { "en": [], "ar": []},
          "children": []
        }
      ]
    },
    {
      "name": {
        "en": "Motors"
      },
      "description": {},
      "slug": "motors",
      "keywords": { "en": [], "ar": []},
      "children": [
        {
          "name": {
            "en": "AC Motor"
          },
          "description": {},
          "slug": "ac-motor",
          "keywords": { "en": [], "ar": []},
          "children": []
        },
        {
          "name": {
            "en": "DC Motor"
          },
          "description": {},
          "slug": "dc-motor",
          "keywords": { "en": [], "ar": []},
          "children": []
        },
        {
          "name": {
            "en": "Motor Controller"
          },
          "description": {},
          "slug": "motor-controller",
          "keywords": { "en": [], "ar": []},
          "children": []
        },
        {
          "name": {
            "en": "Motor Driver"
          },
          "description": {},
          "slug": "motor-driver",
          "keywords": { "en": [], "ar": []},
          "children": []
        },
        {
          "name": {
            "en": "Other Motor"
          },
          "description": {},
          "slug": "other-motor",
          "keywords": { "en": [], "ar": []},
          "children": []
        },
        {
          "name": {
            "en": "Other Motor Accessories"
          },
          "description": {},
          "slug": "other-motor-accessories",
          "keywords": { "en": [], "ar": []},
          "children": []
        },
        {
          "name": {
            "en": "Stepper Motor"
          },
          "description": {},
          "slug": "stepper-motor",
          "keywords": { "en": [], "ar": []},
          "children": []
        }
      ]
    },
    {
      "name": {
        "en": "Power Supplies"
      },
      "description": {},
      "slug": "power-supplies",
      "keywords": { "en": [], "ar": []},
      "children": [
        {
          "name": {
            "en": "Industrial Power Supply"
          },
          "description": {},
          "slug": "industrial-power-supply",
          "keywords": { "en": [], "ar": []},
          "children": []
        },
        {
          "name": {
            "en": "Inverters & Converters"
          },
          "description": {},
          "slug": "inverters-and-converters",
          "keywords": { "en": [], "ar": []},
          "children": []
        },
        {
          "name": {
            "en": "Inverters & Converters(Old)"
          },
          "description": {},
          "slug": "inverters-and-convertersold",
          "keywords": { "en": [], "ar": []},
          "children": []
        },
        {
          "name": {
            "en": "Other Power Supplies"
          },
          "description": {},
          "slug": "other-power-supplies",
          "keywords": { "en": [], "ar": []},
          "children": []
        },
        {
          "name": {
            "en": "Power Accessories"
          },
          "description": {},
          "slug": "power-accessories",
          "keywords": { "en": [], "ar": []},
          "children": []
        },
        {
          "name": {
            "en": "Power Adapters"
          },
          "description": {},
          "slug": "power-adapters",
          "keywords": { "en": [], "ar": []},
          "children": []
        },
        {
          "name": {
            "en": "Switching Power Supply"
          },
          "description": {},
          "slug": "switching-power-supply",
          "keywords": { "en": [], "ar": []},
          "children": []
        },
        {
          "name": {
            "en": "Voltage Regulators/Stabilizers"
          },
          "description": {},
          "slug": "voltage-regulatorsstabilizers",
          "keywords": { "en": [], "ar": []},
          "children": []
        }
      ]
    },
    {
      "name": {
        "en": "Professional Audio, Video & Lighting"
      },
      "description": {},
      "slug": "professional-audio-video-and-lighting",
      "keywords": { "en": [], "ar": []},
      "children": []
    },
    {
      "name": {
        "en": "Solar Energy Products"
      },
      "description": {},
      "slug": "solar-energy-products",
      "keywords": { "en": [], "ar": []},
      "children": [
        {
          "name": {
            "en": "Mounting System"
          },
          "description": {},
          "slug": "mounting-system",
          "keywords": { "en": [], "ar": []},
          "children": []
        },
        {
          "name": {
            "en": "Solar Cells"
          },
          "description": {},
          "slug": "solar-cells",
          "keywords": { "en": [], "ar": []},
          "children": []
        },
        {
          "name": {
            "en": "Solar Cells, Solar Panel(Old)"
          },
          "description": {},
          "slug": "solar-cells-solar-panelold",
          "keywords": { "en": [], "ar": []},
          "children": []
        },
        {
          "name": {
            "en": "Solar Charge Controller"
          },
          "description": {},
          "slug": "solar-charge-controller",
          "keywords": { "en": [], "ar": []},
          "children": []
        },
        {
          "name": {
            "en": "Solar Charger"
          },
          "description": {},
          "slug": "solar-charger",
          "keywords": { "en": [], "ar": []},
          "children": []
        },
        {
          "name": {
            "en": "Solar Charger Controllers"
          },
          "description": {},
          "slug": "solar-charger-controllers",
          "keywords": { "en": [], "ar": []},
          "children": []
        },
        {
          "name": {
            "en": "Solar Collector"
          },
          "description": {},
          "slug": "solar-collector",
          "keywords": { "en": [], "ar": []},
          "children": []
        },
        {
          "name": {
            "en": "Solar Energy System"
          },
          "description": {},
          "slug": "solar-energy-system",
          "keywords": { "en": [], "ar": []},
          "children": []
        },
        {
          "name": {
            "en": "Solar Energy System(Old)"
          },
          "description": {},
          "slug": "solar-energy-systemold",
          "keywords": { "en": [], "ar": []},
          "children": []
        },
        {
          "name": {
            "en": "Solar Inverter"
          },
          "description": {},
          "slug": "solar-inverter",
          "keywords": { "en": [], "ar": []},
          "children": []
        },
        {
          "name": {
            "en": "Solar Inverter"
          },
          "description": {},
          "slug": "solar-energy-products-solar-inverter",
          "keywords": { "en": [], "ar": []},
          "children": []
        },
        {
          "name": {
            "en": "Solar Panels"
          },
          "description": {},
          "slug": "solar-panels",
          "keywords": { "en": [], "ar": []},
          "children": []
        },
        {
          "name": {
            "en": "Solar Pump Inverter"
          },
          "description": {},
          "slug": "solar-pump-inverter",
          "keywords": { "en": [], "ar": []},
          "children": []
        },
        {
          "name": {
            "en": "Solar Related Products"
          },
          "description": {},
          "slug": "solar-related-products",
          "keywords": { "en": [], "ar": []},
          "children": []
        },
        {
          "name": {
            "en": "Solar Tracker"
          },
          "description": {},
          "slug": "solar-tracker",
          "keywords": { "en": [], "ar": []},
          "children": []
        },
        {
          "name": {
            "en": "Solar Water Pump"
          },
          "description": {},
          "slug": "solar-water-pump",
          "keywords": { "en": [], "ar": []},
          "children": []
        },
        {
          "name": {
            "en": "Solar Water Pump"
          },
          "description": {},
          "slug": "solar-energy-products-solar-water-pump",
          "keywords": { "en": [], "ar": []},
          "children": []
        }
      ]
    },
    {
      "name": {
        "en": "Switches"
      },
      "description": {},
      "slug": "switches",
      "keywords": { "en": [], "ar": []},
      "children": [
        {
          "name": {
            "en": "DIP Switches"
          },
          "description": {},
          "slug": "dip-switches",
          "keywords": { "en": [], "ar": []},
          "children": []
        },
        {
          "name": {
            "en": "Flow Switches"
          },
          "description": {},
          "slug": "flow-switches",
          "keywords": { "en": [], "ar": []},
          "children": []
        },
        {
          "name": {
            "en": "Limit Switches"
          },
          "description": {},
          "slug": "limit-switches",
          "keywords": { "en": [], "ar": []},
          "children": []
        },
        {
          "name": {
            "en": "Micro Switches"
          },
          "description": {},
          "slug": "micro-switches",
          "keywords": { "en": [], "ar": []},
          "children": []
        },
        {
          "name": {
            "en": "Other Switches"
          },
          "description": {},
          "slug": "other-switches",
          "keywords": { "en": [], "ar": []},
          "children": []
        },
        {
          "name": {
            "en": "Pressure Switches"
          },
          "description": {},
          "slug": "pressure-switches",
          "keywords": { "en": [], "ar": []},
          "children": []
        },
        {
          "name": {
            "en": "Push Button Switches"
          },
          "description": {},
          "slug": "push-button-switches",
          "keywords": { "en": [], "ar": []},
          "children": []
        },
        {
          "name": {
            "en": "Remote Control Switches"
          },
          "description": {},
          "slug": "remote-control-switches",
          "keywords": { "en": [], "ar": []},
          "children": []
        },
        {
          "name": {
            "en": "Rocker Switches"
          },
          "description": {},
          "slug": "rocker-switches",
          "keywords": { "en": [], "ar": []},
          "children": []
        },
        {
          "name": {
            "en": "Rotary Switches"
          },
          "description": {},
          "slug": "rotary-switches",
          "keywords": { "en": [], "ar": []},
          "children": []
        },
        {
          "name": {
            "en": "Slide Switches"
          },
          "description": {},
          "slug": "slide-switches",
          "keywords": { "en": [], "ar": []},
          "children": []
        },
        {
          "name": {
            "en": "Time Switches"
          },
          "description": {},
          "slug": "time-switches",
          "keywords": { "en": [], "ar": []},
          "children": []
        },
        {
          "name": {
            "en": "Toggle Switches"
          },
          "description": {},
          "slug": "toggle-switches",
          "keywords": { "en": [], "ar": []},
          "children": []
        }
      ]
    },
    {
      "name": {
        "en": "Wires, Cables & Cable Assemblies"
      },
      "description": {},
      "slug": "wires-cables-and-cable-assemblies",
      "keywords": { "en": [], "ar": []},
      "children": [
        {
          "name": {
            "en": "Cable Manufacturing Equipment"
          },
          "description": {},
          "slug": "cable-manufacturing-equipment",
          "keywords": { "en": [], "ar": []},
          "children": []
        },
        {
          "name": {
            "en": "Control Cables"
          },
          "description": {},
          "slug": "control-cables",
          "keywords": { "en": [], "ar": []},
          "children": []
        },
        {
          "name": {
            "en": "Electrical Wires"
          },
          "description": {},
          "slug": "electrical-wires",
          "keywords": { "en": [], "ar": []},
          "children": []
        },
        {
          "name": {
            "en": "Instrumentation Cables"
          },
          "description": {},
          "slug": "instrumentation-cables",
          "keywords": { "en": [], "ar": []},
          "children": []
        },
        {
          "name": {
            "en": "Other Wires, Cables & Cable Assemblies"
          },
          "description": {},
          "slug": "other-wires-cables-and-cable-assemblies",
          "keywords": { "en": [], "ar": []},
          "children": []
        },
        {
          "name": {
            "en": "Power Cables"
          },
          "description": {},
          "slug": "wires-cables-and-cable-assemblies-power-cables",
          "keywords": { "en": [], "ar": []},
          "children": []
        },
        {
          "name": {
            "en": "Wiring Harness"
          },
          "description": {},
          "slug": "wiring-harness",
          "keywords": { "en": [], "ar": []},
          "children": []
        }
      ]
    },
    {
      "name": {
        "en": "Wiring Accessories"
      },
      "description": {},
      "slug": "wiring-accessories",
      "keywords": { "en": [], "ar": []},
      "children": [
        {
          "name": {
            "en": "Cable Clips"
          },
          "description": {},
          "slug": "cable-clips",
          "keywords": { "en": [], "ar": []},
          "children": []
        },
        {
          "name": {
            "en": "Cable End Caps"
          },
          "description": {},
          "slug": "cable-end-caps",
          "keywords": { "en": [], "ar": []},
          "children": []
        },
        {
          "name": {
            "en": "Cable Glands"
          },
          "description": {},
          "slug": "cable-glands",
          "keywords": { "en": [], "ar": []},
          "children": []
        },
        {
          "name": {
            "en": "Cable Sleeves"
          },
          "description": {},
          "slug": "cable-sleeves",
          "keywords": { "en": [], "ar": []},
          "children": []
        },
        {
          "name": {
            "en": "Cable Ties"
          },
          "description": {},
          "slug": "cable-ties",
          "keywords": { "en": [], "ar": []},
          "children": []
        },
        {
          "name": {
            "en": "Cable Trays"
          },
          "description": {},
          "slug": "cable-trays",
          "keywords": { "en": [], "ar": []},
          "children": []
        },
        {
          "name": {
            "en": "Conduit & Fittings"
          },
          "description": {},
          "slug": "conduit-and-fittings",
          "keywords": { "en": [], "ar": []},
          "children": []
        },
        {
          "name": {
            "en": "Electrical Tapes"
          },
          "description": {},
          "slug": "electrical-tapes",
          "keywords": { "en": [], "ar": []},
          "children": []
        },
        {
          "name": {
            "en": "Other Wiring Accessories"
          },
          "description": {},
          "slug": "other-wiring-accessories",
          "keywords": { "en": [], "ar": []},
          "children": []
        },
        {
          "name": {
            "en": "Patch Panel"
          },
          "description": {},
          "slug": "patch-panel",
          "keywords": { "en": [], "ar": []},
          "children": []
        },
        {
          "name": {
            "en": "Tie Mounts"
          },
          "description": {},
          "slug": "tie-mounts",
          "keywords": { "en": [], "ar": []},
          "children": []
        },
        {
          "name": {
            "en": "Wiring Ducts"
          },
          "description": {},
          "slug": "wiring-ducts",
          "keywords": { "en": [], "ar": []},
          "children": []
        }
      ]
    }
  ]
}
