{
  "name": {
    "en": "Energy"
  },
  "description": {},
  "slug": "energy",
  "keywords": { "en": [], "ar": []},
  "children": [
    {
      "name": {
        "en": "Biodiesel"
      },
      "description": {},
      "slug": "biodiesel",
      "keywords": { "en": [], "ar": []},
      "children": []
    },
    {
      "name": {
        "en": "Biogas"
      },
      "description": {},
      "slug": "biogas",
      "keywords": { "en": [], "ar": []},
      "children": []
    },
    {
      "name": {
        "en": "Charcoal"
      },
      "description": {},
      "slug": "charcoal",
      "keywords": { "en": [], "ar": []},
      "children": []
    },
    {
      "name": {
        "en": "Coal"
      },
      "description": {},
      "slug": "coal",
      "keywords": { "en": [], "ar": []},
      "children": []
    },
    {
      "name": {
        "en": "Coal Gas"
      },
      "description": {},
      "slug": "coal-gas",
      "keywords": { "en": [], "ar": []},
      "children": []
    },
    {
      "name": {
        "en": "Coke Fuel"
      },
      "description": {},
      "slug": "coke-fuel",
      "keywords": { "en": [], "ar": []},
      "children": []
    },
    {
      "name": {
        "en": "Crude Oil"
      },
      "description": {},
      "slug": "crude-oil",
      "keywords": { "en": [], "ar": []},
      "children": []
    },
    {
      "name": {
        "en": "Industrial Fuel"
      },
      "description": {},
      "slug": "industrial-fuel",
      "keywords": { "en": [], "ar": []},
      "children": [
        {
          "name": {
            "en": "Diesel Fuel"
          },
          "description": {},
          "slug": "diesel-fuel",
          "keywords": { "en": [], "ar": []},
          "children": []
        },
        {
          "name": {
            "en": "Gasoline"
          },
          "description": {},
          "slug": "gasoline",
          "keywords": { "en": [], "ar": []},
          "children": []
        },
        {
          "name": {
            "en": "Jet Fuel"
          },
          "description": {},
          "slug": "jet-fuel",
          "keywords": { "en": [], "ar": []},
          "children": []
        },
        {
          "name": {
            "en": "Kerosene"
          },
          "description": {},
          "slug": "kerosene",
          "keywords": { "en": [], "ar": []},
          "children": []
        },
        {
          "name": {
            "en": "Other Industrial Fuel"
          },
          "description": {},
          "slug": "other-industrial-fuel",
          "keywords": { "en": [], "ar": []},
          "children": []
        }
      ]
    },
    {
      "name": {
        "en": "Natural Gas"
      },
      "description": {},
      "slug": "natural-gas",
      "keywords": { "en": [], "ar": []},
      "children": []
    },
    {
      "name": {
        "en": "Other Energy Related Products"
      },
      "description": {},
      "slug": "other-energy-related-products",
      "keywords": { "en": [], "ar": []},
      "children": []
    },
    {
      "name": {
        "en": "Petrochemical Products"
      },
      "description": {},
      "slug": "petrochemical-products",
      "keywords": { "en": [], "ar": []},
      "children": [
        {
          "name": {
            "en": "Bitumen"
          },
          "description": {},
          "slug": "bitumen",
          "keywords": { "en": [], "ar": []},
          "children": []
        },
        {
          "name": {
            "en": "Lubricant"
          },
          "description": {},
          "slug": "lubricant",
          "keywords": { "en": [], "ar": []},
          "children": []
        },
        {
          "name": {
            "en": "Mazut"
          },
          "description": {},
          "slug": "mazut",
          "keywords": { "en": [], "ar": []},
          "children": []
        },
        {
          "name": {
            "en": "Other Petrochemical Related Products"
          },
          "description": {},
          "slug": "other-petrochemical-related-products",
          "keywords": { "en": [], "ar": []},
          "children": []
        },
        {
          "name": {
            "en": "Paraffin"
          },
          "description": {},
          "slug": "paraffin",
          "keywords": { "en": [], "ar": []},
          "children": []
        },
        {
          "name": {
            "en": "Petroleum Gas"
          },
          "description": {},
          "slug": "petroleum-gas",
          "keywords": { "en": [], "ar": []},
          "children": []
        },
        {
          "name": {
            "en": "Petroleum Jelly"
          },
          "description": {},
          "slug": "petroleum-jelly",
          "keywords": { "en": [], "ar": []},
          "children": []
        }
      ]
    },
    {
      "name": {
        "en": "Wood Pellets"
      },
      "description": {},
      "slug": "wood-pellets",
      "keywords": { "en": [], "ar": []},
      "children": []
    }
  ]
}
