{
  "name": {
    "en": "Environment"
  },
  "description": {},
  "slug": "environment",
  "keywords": { "en": [], "ar": []},
  "children": [
    {
      "name": {
        "en": "Other Environmental Products"
      },
      "description": {},
      "slug": "other-environmental-products",
      "keywords": { "en": [], "ar": []},
      "children": []
    },
    {
      "name": {
        "en": "Other Excess Inventory"
      },
      "description": {},
      "slug": "other-excess-inventory",
      "keywords": { "en": [], "ar": []},
      "children": []
    },
    {
      "name": {
        "en": "Recycling"
      },
      "description": {},
      "slug": "recycling",
      "keywords": { "en": [], "ar": []},
      "children": [
        {
          "name": {
            "en": "Chemical Waste"
          },
          "description": {},
          "slug": "chemical-waste",
          "keywords": { "en": [], "ar": []},
          "children": []
        },
        {
          "name": {
            "en": "Other Recycling Products"
          },
          "description": {},
          "slug": "other-recycling-products",
          "keywords": { "en": [], "ar": []},
          "children": []
        },
        {
          "name": {
            "en": "Textile Waste"
          },
          "description": {},
          "slug": "textile-waste",
          "keywords": { "en": [], "ar": []},
          "children": []
        },
        {
          "name": {
            "en": "Waste Paper"
          },
          "description": {},
          "slug": "waste-paper",
          "keywords": { "en": [], "ar": []},
          "children": []
        }
      ]
    },
    {
      "name": {
        "en": "Sewer"
      },
      "description": {},
      "slug": "sewer",
      "keywords": { "en": [], "ar": []},
      "children": []
    }
  ]
}
