{
  "name": {
    "en": "Fabrication Services"
  },
  "description": {},
  "slug": "fabrication-services",
  "keywords": { "en": [], "ar": []},
  "children": [
    {
      "name": {
        "en": "Bearings"
      },
      "description": {},
      "slug": "bearings",
      "keywords": { "en": [], "ar": []},
      "children": [
        {
          "name": {
            "en": "Ball Bearings"
          },
          "description": {},
          "slug": "ball-bearings",
          "keywords": { "en": [], "ar": []},
          "children": []
        },
        {
          "name": {
            "en": "Roller Bearings"
          },
          "description": {},
          "slug": "roller-bearings",
          "keywords": { "en": [], "ar": []},
          "children": []
        }
      ]
    },
    {
      "name": {
        "en": "Casting Services"
      },
      "description": {},
      "slug": "casting-services",
      "keywords": { "en": [], "ar": []},
      "children": []
    },
    {
      "name": {
        "en": "Custom Fabrication Services"
      },
      "description": {},
      "slug": "custom-fabrication-services",
      "keywords": { "en": [], "ar": []},
      "children": []
    },
    {
      "name": {
        "en": "Forging Services"
      },
      "description": {},
      "slug": "forging-services",
      "keywords": { "en": [], "ar": []},
      "children": []
    },
    {
      "name": {
        "en": "Machining Services"
      },
      "description": {},
      "slug": "machining-services",
      "keywords": { "en": [], "ar": []},
      "children": []
    },
    {
      "name": {
        "en": "Moulds"
      },
      "description": {},
      "slug": "moulds",
      "keywords": { "en": [], "ar": []},
      "children": []
    },
    {
      "name": {
        "en": "Other Fabrication Services"
      },
      "description": {},
      "slug": "other-fabrication-services",
      "keywords": { "en": [], "ar": []},
      "children": []
    },
    {
      "name": {
        "en": "Sheet Metal Fabrication"
      },
      "description": {},
      "slug": "sheet-metal-fabrication",
      "keywords": { "en": [], "ar": []},
      "children": []
    }
  ]
}
