{
  "name": {
    "en": "Fashion Accessories"
  },
  "description": {},
  "slug": "fashion-accessories",
  "keywords": { "en": [], "ar": []},
  "children": [
    {
      "name": {
        "en": "Belt Accessories"
      },
      "description": {},
      "slug": "belt-accessories",
      "keywords": { "en": [], "ar": []},
      "children": [
        {
          "name": {
            "en": "Belt Buckles"
          },
          "description": {},
          "slug": "belt-buckles",
          "keywords": { "en": [], "ar": []},
          "children": []
        },
        {
          "name": {
            "en": "Belt Chains"
          },
          "description": {},
          "slug": "belt-chains",
          "keywords": { "en": [], "ar": []},
          "children": []
        },
        {
          "name": {
            "en": "Other Belt Accessories"
          },
          "description": {},
          "slug": "other-belt-accessories",
          "keywords": { "en": [], "ar": []},
          "children": []
        }
      ]
    },
    {
      "name": {
        "en": "Belts"
      },
      "description": {},
      "slug": "belts",
      "keywords": { "en": [], "ar": []},
      "children": [
        {
          "name": {
            "en": "Beaded Belts"
          },
          "description": {},
          "slug": "beaded-belts",
          "keywords": { "en": [], "ar": []},
          "children": []
        },
        {
          "name": {
            "en": "Chain Belts"
          },
          "description": {},
          "slug": "chain-belts",
          "keywords": { "en": [], "ar": []},
          "children": []
        },
        {
          "name": {
            "en": "Fabric Belts"
          },
          "description": {},
          "slug": "fabric-belts",
          "keywords": { "en": [], "ar": []},
          "children": []
        },
        {
          "name": {
            "en": "Genuine Leather Belts"
          },
          "description": {},
          "slug": "genuine-leather-belts",
          "keywords": { "en": [], "ar": []},
          "children": []
        },
        {
          "name": {
            "en": "Knitted Belts"
          },
          "description": {},
          "slug": "knitted-belts",
          "keywords": { "en": [], "ar": []},
          "children": []
        },
        {
          "name": {
            "en": "Metal Belts"
          },
          "description": {},
          "slug": "metal-belts",
          "keywords": { "en": [], "ar": []},
          "children": []
        },
        {
          "name": {
            "en": "Other Belts"
          },
          "description": {},
          "slug": "other-belts",
          "keywords": { "en": [], "ar": []},
          "children": []
        },
        {
          "name": {
            "en": "Plastic Belts"
          },
          "description": {},
          "slug": "plastic-belts",
          "keywords": { "en": [], "ar": []},
          "children": []
        },
        {
          "name": {
            "en": "PU Belts"
          },
          "description": {},
          "slug": "pu-belts",
          "keywords": { "en": [], "ar": []},
          "children": []
        },
        {
          "name": {
            "en": "PVC Belts"
          },
          "description": {},
          "slug": "pvc-belts",
          "keywords": { "en": [], "ar": []},
          "children": []
        },
        {
          "name": {
            "en": "Shell Belts"
          },
          "description": {},
          "slug": "shell-belts",
          "keywords": { "en": [], "ar": []},
          "children": []
        },
        {
          "name": {
            "en": "Suspenders"
          },
          "description": {},
          "slug": "suspenders",
          "keywords": { "en": [], "ar": []},
          "children": []
        }
      ]
    },
    {
      "name": {
        "en": "Ear Muffs"
      },
      "description": {},
      "slug": "ear-muffs",
      "keywords": { "en": [], "ar": []},
      "children": []
    },
    {
      "name": {
        "en": "Gloves & Mittens"
      },
      "description": {},
      "slug": "gloves-and-mittens",
      "keywords": { "en": [], "ar": []},
      "children": [
        {
          "name": {
            "en": "Acrylic Gloves & Mittens"
          },
          "description": {},
          "slug": "acrylic-gloves-and-mittens",
          "keywords": { "en": [], "ar": []},
          "children": []
        },
        {
          "name": {
            "en": "Cashmere Gloves & Mittens"
          },
          "description": {},
          "slug": "cashmere-gloves-and-mittens",
          "keywords": { "en": [], "ar": []},
          "children": []
        },
        {
          "name": {
            "en": "Cotton Gloves & Mittens"
          },
          "description": {},
          "slug": "cotton-gloves-and-mittens",
          "keywords": { "en": [], "ar": []},
          "children": []
        },
        {
          "name": {
            "en": "Feather Gloves & Mittens"
          },
          "description": {},
          "slug": "feather-gloves-and-mittens",
          "keywords": { "en": [], "ar": []},
          "children": []
        },
        {
          "name": {
            "en": "Hand Muffs"
          },
          "description": {},
          "slug": "hand-muffs",
          "keywords": { "en": [], "ar": []},
          "children": []
        },
        {
          "name": {
            "en": "Leather Gloves & Mittens"
          },
          "description": {},
          "slug": "leather-gloves-and-mittens",
          "keywords": { "en": [], "ar": []},
          "children": []
        },
        {
          "name": {
            "en": "Nylon Gloves & Mittens"
          },
          "description": {},
          "slug": "nylon-gloves-and-mittens",
          "keywords": { "en": [], "ar": []},
          "children": []
        },
        {
          "name": {
            "en": "Other Gloves & Mittens"
          },
          "description": {},
          "slug": "other-gloves-and-mittens",
          "keywords": { "en": [], "ar": []},
          "children": []
        },
        {
          "name": {
            "en": "Woolen Gloves & Mittens"
          },
          "description": {},
          "slug": "woolen-gloves-and-mittens",
          "keywords": { "en": [], "ar": []},
          "children": []
        }
      ]
    },
    {
      "name": {
        "en": "Hair Accessories"
      },
      "description": {},
      "slug": "hair-accessories",
      "keywords": { "en": [], "ar": []},
      "children": [
        {
          "name": {
            "en": "Bandanas"
          },
          "description": {},
          "slug": "bandanas",
          "keywords": { "en": [], "ar": []},
          "children": []
        },
        {
          "name": {
            "en": "Barrettes"
          },
          "description": {},
          "slug": "barrettes",
          "keywords": { "en": [], "ar": []},
          "children": []
        },
        {
          "name": {
            "en": "Elastic Hair Bands"
          },
          "description": {},
          "slug": "elastic-hair-bands",
          "keywords": { "en": [], "ar": []},
          "children": []
        },
        {
          "name": {
            "en": "Hair Claws"
          },
          "description": {},
          "slug": "hair-claws",
          "keywords": { "en": [], "ar": []},
          "children": []
        },
        {
          "name": {
            "en": "Hair Combs"
          },
          "description": {},
          "slug": "hair-combs",
          "keywords": { "en": [], "ar": []},
          "children": []
        },
        {
          "name": {
            "en": "Hair Forks"
          },
          "description": {},
          "slug": "hair-forks",
          "keywords": { "en": [], "ar": []},
          "children": []
        },
        {
          "name": {
            "en": "Hair Ribbons"
          },
          "description": {},
          "slug": "hair-ribbons",
          "keywords": { "en": [], "ar": []},
          "children": []
        },
        {
          "name": {
            "en": "Hair Sticks"
          },
          "description": {},
          "slug": "hair-sticks",
          "keywords": { "en": [], "ar": []},
          "children": []
        },
        {
          "name": {
            "en": "Hairbands"
          },
          "description": {},
          "slug": "hairbands",
          "keywords": { "en": [], "ar": []},
          "children": []
        },
        {
          "name": {
            "en": "Hairgrips"
          },
          "description": {},
          "slug": "hairgrips",
          "keywords": { "en": [], "ar": []},
          "children": []
        },
        {
          "name": {
            "en": "Hairpins"
          },
          "description": {},
          "slug": "hairpins",
          "keywords": { "en": [], "ar": []},
          "children": []
        },
        {
          "name": {
            "en": "Other Hair Accessories"
          },
          "description": {},
          "slug": "other-hair-accessories",
          "keywords": { "en": [], "ar": []},
          "children": []
        },
        {
          "name": {
            "en": "Tiaras"
          },
          "description": {},
          "slug": "tiaras",
          "keywords": { "en": [], "ar": []},
          "children": []
        }
      ]
    },
    {
      "name": {
        "en": "Hats & Caps"
      },
      "description": {},
      "slug": "hats-and-caps",
      "keywords": { "en": [], "ar": []},
      "children": [
        {
          "name": {
            "en": "Baby Hats & Caps"
          },
          "description": {},
          "slug": "baby-hats-and-caps",
          "keywords": { "en": [], "ar": []},
          "children": []
        },
        {
          "name": {
            "en": "Berets"
          },
          "description": {},
          "slug": "berets",
          "keywords": { "en": [], "ar": []},
          "children": []
        },
        {
          "name": {
            "en": "Bucket Hats"
          },
          "description": {},
          "slug": "bucket-hats",
          "keywords": { "en": [], "ar": []},
          "children": []
        },
        {
          "name": {
            "en": "Camouflage Caps"
          },
          "description": {},
          "slug": "camouflage-caps",
          "keywords": { "en": [], "ar": []},
          "children": []
        },
        {
          "name": {
            "en": "Children Hats & Caps"
          },
          "description": {},
          "slug": "children-hats-and-caps",
          "keywords": { "en": [], "ar": []},
          "children": []
        },
        {
          "name": {
            "en": "Cowboy Hats"
          },
          "description": {},
          "slug": "cowboy-hats",
          "keywords": { "en": [], "ar": []},
          "children": []
        },
        {
          "name": {
            "en": "Fedora Hats"
          },
          "description": {},
          "slug": "fedora-hats",
          "keywords": { "en": [], "ar": []},
          "children": []
        },
        {
          "name": {
            "en": "Formal Hats"
          },
          "description": {},
          "slug": "formal-hats",
          "keywords": { "en": [], "ar": []},
          "children": []
        },
        {
          "name": {
            "en": "Ivy Hats"
          },
          "description": {},
          "slug": "ivy-hats",
          "keywords": { "en": [], "ar": []},
          "children": []
        },
        {
          "name": {
            "en": "Other Hats & Caps"
          },
          "description": {},
          "slug": "other-hats-and-caps",
          "keywords": { "en": [], "ar": []},
          "children": []
        },
        {
          "name": {
            "en": "Party Hats"
          },
          "description": {},
          "slug": "party-hats",
          "keywords": { "en": [], "ar": []},
          "children": []
        },
        {
          "name": {
            "en": "Sports Caps"
          },
          "description": {},
          "slug": "sports-caps",
          "keywords": { "en": [], "ar": []},
          "children": []
        },
        {
          "name": {
            "en": "Straw Hats"
          },
          "description": {},
          "slug": "straw-hats",
          "keywords": { "en": [], "ar": []},
          "children": []
        },
        {
          "name": {
            "en": "Visors"
          },
          "description": {},
          "slug": "visors",
          "keywords": { "en": [], "ar": []},
          "children": []
        },
        {
          "name": {
            "en": "Winter Hats"
          },
          "description": {},
          "slug": "winter-hats",
          "keywords": { "en": [], "ar": []},
          "children": []
        }
      ]
    },
    {
      "name": {
        "en": "Other Fashion Accessories"
      },
      "description": {},
      "slug": "other-fashion-accessories",
      "keywords": { "en": [], "ar": []},
      "children": []
    },
    {
      "name": {
        "en": "Other Headwear"
      },
      "description": {},
      "slug": "other-headwear",
      "keywords": { "en": [], "ar": []},
      "children": []
    },
    {
      "name": {
        "en": "Scarf, Hat & Glove Sets"
      },
      "description": {},
      "slug": "scarf-hat-and-glove-sets",
      "keywords": { "en": [], "ar": []},
      "children": []
    },
    {
      "name": {
        "en": "Scarves & Shawls"
      },
      "description": {},
      "slug": "scarves-and-shawls",
      "keywords": { "en": [], "ar": []},
      "children": [
        {
          "name": {
            "en": "Fur Scarves"
          },
          "description": {},
          "slug": "fur-scarves",
          "keywords": { "en": [], "ar": []},
          "children": []
        },
        {
          "name": {
            "en": "Fur Shawls"
          },
          "description": {},
          "slug": "fur-shawls",
          "keywords": { "en": [], "ar": []},
          "children": []
        },
        {
          "name": {
            "en": "Knitted Scarves"
          },
          "description": {},
          "slug": "knitted-scarves",
          "keywords": { "en": [], "ar": []},
          "children": []
        },
        {
          "name": {
            "en": "Knitted Shawls"
          },
          "description": {},
          "slug": "knitted-shawls",
          "keywords": { "en": [], "ar": []},
          "children": []
        },
        {
          "name": {
            "en": "Other Scarves & Shawls"
          },
          "description": {},
          "slug": "other-scarves-and-shawls",
          "keywords": { "en": [], "ar": []},
          "children": []
        },
        {
          "name": {
            "en": "Silk Scarves"
          },
          "description": {},
          "slug": "silk-scarves",
          "keywords": { "en": [], "ar": []},
          "children": []
        },
        {
          "name": {
            "en": "Silk Shawls"
          },
          "description": {},
          "slug": "silk-shawls",
          "keywords": { "en": [], "ar": []},
          "children": []
        }
      ]
    },
    {
      "name": {
        "en": "Ties & Accessories"
      },
      "description": {},
      "slug": "ties-and-accessories",
      "keywords": { "en": [], "ar": []},
      "children": [
        {
          "name": {
            "en": "Bow Ties"
          },
          "description": {},
          "slug": "bow-ties",
          "keywords": { "en": [], "ar": []},
          "children": []
        },
        {
          "name": {
            "en": "Cravats"
          },
          "description": {},
          "slug": "cravats",
          "keywords": { "en": [], "ar": []},
          "children": []
        },
        {
          "name": {
            "en": "Other Ties & Accessories"
          },
          "description": {},
          "slug": "other-ties-and-accessories",
          "keywords": { "en": [], "ar": []},
          "children": []
        },
        {
          "name": {
            "en": "Polyester Ties"
          },
          "description": {},
          "slug": "polyester-ties",
          "keywords": { "en": [], "ar": []},
          "children": []
        },
        {
          "name": {
            "en": "Silk Ties"
          },
          "description": {},
          "slug": "silk-ties",
          "keywords": { "en": [], "ar": []},
          "children": []
        },
        {
          "name": {
            "en": "Tie Clips, Tie Bars, Tie Pins"
          },
          "description": {},
          "slug": "tie-clips-tie-bars-tie-pins",
          "keywords": { "en": [], "ar": []},
          "children": []
        }
      ]
    }
  ]
}
