{
  "name": {
    "en": "Food & Beverage"
  },
  "description": {},
  "slug": "food-and-beverage",
  "keywords": { "en": [], "ar": []},
  "children": [
    {
      "name": {
        "en": "Alcoholic Beverage"
      },
      "description": {},
      "slug": "alcoholic-beverage",
      "keywords": { "en": [], "ar": []},
      "children": [
        {
          "name": {
            "en": "Beer"
          },
          "description": {},
          "slug": "beer",
          "keywords": { "en": [], "ar": []},
          "children": []
        },
        {
          "name": {
            "en": "Cocktails"
          },
          "description": {},
          "slug": "cocktails",
          "keywords": { "en": [], "ar": []},
          "children": []
        },
        {
          "name": {
            "en": "Fruit Wine"
          },
          "description": {},
          "slug": "fruit-wine",
          "keywords": { "en": [], "ar": []},
          "children": []
        },
        {
          "name": {
            "en": "Liqueurs"
          },
          "description": {},
          "slug": "liqueurs",
          "keywords": { "en": [], "ar": []},
          "children": []
        },
        {
          "name": {
            "en": "Rice Wine"
          },
          "description": {},
          "slug": "rice-wine",
          "keywords": { "en": [], "ar": []},
          "children": []
        },
        {
          "name": {
            "en": "Spirits"
          },
          "description": {},
          "slug": "spirits",
          "keywords": { "en": [], "ar": []},
          "children": [
            {
              "name": {
                "en": "Brandy"
              },
              "description": {},
              "slug": "brandy",
              "keywords": { "en": [], "ar": []},
              "children": []
            },
            {
              "name": {
                "en": "Chinese Liquor"
              },
              "description": {},
              "slug": "chinese-liquor",
              "keywords": { "en": [], "ar": []},
              "children": []
            },
            {
              "name": {
                "en": "Gin"
              },
              "description": {},
              "slug": "gin",
              "keywords": { "en": [], "ar": []},
              "children": []
            },
            {
              "name": {
                "en": "Rum"
              },
              "description": {},
              "slug": "rum",
              "keywords": { "en": [], "ar": []},
              "children": []
            },
            {
              "name": {
                "en": "Tequila"
              },
              "description": {},
              "slug": "tequila",
              "keywords": { "en": [], "ar": []},
              "children": []
            },
            {
              "name": {
                "en": "Vodka"
              },
              "description": {},
              "slug": "vodka",
              "keywords": { "en": [], "ar": []},
              "children": []
            },
            {
              "name": {
                "en": "Whisky"
              },
              "description": {},
              "slug": "whisky",
              "keywords": { "en": [], "ar": []},
              "children": []
            }
          ]
        },
        {
          "name": {
            "en": "Wine"
          },
          "description": {},
          "slug": "wine",
          "keywords": { "en": [], "ar": []},
          "children": []
        }
      ]
    },
    {
      "name": {
        "en": "Baby Food"
      },
      "description": {},
      "slug": "baby-food",
      "keywords": { "en": [], "ar": []},
      "children": [
        {
          "name": {
            "en": "Baby Biscuits"
          },
          "description": {},
          "slug": "baby-biscuits",
          "keywords": { "en": [], "ar": []},
          "children": []
        },
        {
          "name": {
            "en": "Baby Cereal"
          },
          "description": {},
          "slug": "baby-cereal",
          "keywords": { "en": [], "ar": []},
          "children": []
        },
        {
          "name": {
            "en": "Baby Formula"
          },
          "description": {},
          "slug": "baby-formula",
          "keywords": { "en": [], "ar": []},
          "children": []
        },
        {
          "name": {
            "en": "Baby Juice"
          },
          "description": {},
          "slug": "baby-juice",
          "keywords": { "en": [], "ar": []},
          "children": []
        },
        {
          "name": {
            "en": "Baby Noodles"
          },
          "description": {},
          "slug": "baby-noodles",
          "keywords": { "en": [], "ar": []},
          "children": []
        },
        {
          "name": {
            "en": "Baby Puree"
          },
          "description": {},
          "slug": "baby-puree",
          "keywords": { "en": [], "ar": []},
          "children": []
        },
        {
          "name": {
            "en": "Meat"
          },
          "description": {},
          "slug": "meat",
          "keywords": { "en": [], "ar": []},
          "children": []
        }
      ]
    },
    {
      "name": {
        "en": "Baked Goods"
      },
      "description": {},
      "slug": "baked-goods",
      "keywords": { "en": [], "ar": []},
      "children": [
        {
          "name": {
            "en": "Biscuits"
          },
          "description": {},
          "slug": "biscuits",
          "keywords": { "en": [], "ar": []},
          "children": []
        },
        {
          "name": {
            "en": "Bread"
          },
          "description": {},
          "slug": "bread",
          "keywords": { "en": [], "ar": []},
          "children": []
        },
        {
          "name": {
            "en": "Breadcrumbs"
          },
          "description": {},
          "slug": "breadcrumbs",
          "keywords": { "en": [], "ar": []},
          "children": []
        },
        {
          "name": {
            "en": "Cakes"
          },
          "description": {},
          "slug": "cakes",
          "keywords": { "en": [], "ar": []},
          "children": []
        },
        {
          "name": {
            "en": "Ice cream cones"
          },
          "description": {},
          "slug": "ice-cream-cones",
          "keywords": { "en": [], "ar": []},
          "children": []
        },
        {
          "name": {
            "en": "Mooncakes"
          },
          "description": {},
          "slug": "mooncakes",
          "keywords": { "en": [], "ar": []},
          "children": []
        },
        {
          "name": {
            "en": "Pastries"
          },
          "description": {},
          "slug": "pastries",
          "keywords": { "en": [], "ar": []},
          "children": []
        },
        {
          "name": {
            "en": "Pizza"
          },
          "description": {},
          "slug": "pizza",
          "keywords": { "en": [], "ar": []},
          "children": []
        },
        {
          "name": {
            "en": "Tortillas"
          },
          "description": {},
          "slug": "tortillas",
          "keywords": { "en": [], "ar": []},
          "children": []
        }
      ]
    },
    {
      "name": {
        "en": "Bean Products"
      },
      "description": {},
      "slug": "bean-products",
      "keywords": { "en": [], "ar": []},
      "children": [
        {
          "name": {
            "en": "Bean Sprouts"
          },
          "description": {},
          "slug": "bean-sprouts",
          "keywords": { "en": [], "ar": []},
          "children": []
        },
        {
          "name": {
            "en": "Natto"
          },
          "description": {},
          "slug": "natto",
          "keywords": { "en": [], "ar": []},
          "children": []
        },
        {
          "name": {
            "en": "Soy Milk"
          },
          "description": {},
          "slug": "soy-milk",
          "keywords": { "en": [], "ar": []},
          "children": []
        },
        {
          "name": {
            "en": "Tofu"
          },
          "description": {},
          "slug": "tofu",
          "keywords": { "en": [], "ar": []},
          "children": []
        }
      ]
    },
    {
      "name": {
        "en": "Canned Food"
      },
      "description": {},
      "slug": "canned-food",
      "keywords": { "en": [], "ar": []},
      "children": [
        {
          "name": {
            "en": "Canned Crustacean"
          },
          "description": {},
          "slug": "canned-crustacean",
          "keywords": { "en": [], "ar": []},
          "children": []
        },
        {
          "name": {
            "en": "Canned Fish"
          },
          "description": {},
          "slug": "canned-fish",
          "keywords": { "en": [], "ar": []},
          "children": []
        },
        {
          "name": {
            "en": "Canned Fruit"
          },
          "description": {},
          "slug": "canned-fruit",
          "keywords": { "en": [], "ar": []},
          "children": []
        },
        {
          "name": {
            "en": "Canned Meat"
          },
          "description": {},
          "slug": "canned-meat",
          "keywords": { "en": [], "ar": []},
          "children": []
        },
        {
          "name": {
            "en": "Canned Vegetables"
          },
          "description": {},
          "slug": "canned-vegetables",
          "keywords": { "en": [], "ar": []},
          "children": []
        }
      ]
    },
    {
      "name": {
        "en": "Coffee"
      },
      "description": {},
      "slug": "coffee",
      "keywords": { "en": [], "ar": []},
      "children": [
        {
          "name": {
            "en": "Ground Coffee"
          },
          "description": {},
          "slug": "ground-coffee",
          "keywords": { "en": [], "ar": []},
          "children": []
        },
        {
          "name": {
            "en": "Instant Coffee"
          },
          "description": {},
          "slug": "instant-coffee",
          "keywords": { "en": [], "ar": []},
          "children": []
        },
        {
          "name": {
            "en": "Whole Bean Coffee"
          },
          "description": {},
          "slug": "whole-bean-coffee",
          "keywords": { "en": [], "ar": []},
          "children": []
        }
      ]
    },
    {
      "name": {
        "en": "Confectionery"
      },
      "description": {},
      "slug": "confectionery",
      "keywords": { "en": [], "ar": []},
      "children": [
        {
          "name": {
            "en": "Candy"
          },
          "description": {},
          "slug": "candy",
          "keywords": { "en": [], "ar": []},
          "children": []
        },
        {
          "name": {
            "en": "Chocolate"
          },
          "description": {},
          "slug": "chocolate",
          "keywords": { "en": [], "ar": []},
          "children": []
        },
        {
          "name": {
            "en": "Gum"
          },
          "description": {},
          "slug": "gum",
          "keywords": { "en": [], "ar": []},
          "children": []
        },
        {
          "name": {
            "en": "Liquid Candy"
          },
          "description": {},
          "slug": "liquid-candy",
          "keywords": { "en": [], "ar": []},
          "children": []
        }
      ]
    },
    {
      "name": {
        "en": "Dairy Products"
      },
      "description": {},
      "slug": "dairy-products",
      "keywords": { "en": [], "ar": []},
      "children": [
        {
          "name": {
            "en": "Butter"
          },
          "description": {},
          "slug": "butter",
          "keywords": { "en": [], "ar": []},
          "children": []
        },
        {
          "name": {
            "en": "Cheese"
          },
          "description": {},
          "slug": "cheese",
          "keywords": { "en": [], "ar": []},
          "children": []
        },
        {
          "name": {
            "en": "Condensed Milk"
          },
          "description": {},
          "slug": "condensed-milk",
          "keywords": { "en": [], "ar": []},
          "children": []
        },
        {
          "name": {
            "en": "Cream"
          },
          "description": {},
          "slug": "cream",
          "keywords": { "en": [], "ar": []},
          "children": []
        },
        {
          "name": {
            "en": "Dairy Extractive"
          },
          "description": {},
          "slug": "dairy-extractive",
          "keywords": { "en": [], "ar": []},
          "children": [
            {
              "name": {
                "en": "Casein"
              },
              "description": {},
              "slug": "casein",
              "keywords": { "en": [], "ar": []},
              "children": []
            },
            {
              "name": {
                "en": "Lactose"
              },
              "description": {},
              "slug": "lactose",
              "keywords": { "en": [], "ar": []},
              "children": []
            },
            {
              "name": {
                "en": "Whey Powder"
              },
              "description": {},
              "slug": "whey-powder",
              "keywords": { "en": [], "ar": []},
              "children": []
            }
          ]
        },
        {
          "name": {
            "en": "Ice Cream"
          },
          "description": {},
          "slug": "ice-cream",
          "keywords": { "en": [], "ar": []},
          "children": []
        },
        {
          "name": {
            "en": "Milk"
          },
          "description": {},
          "slug": "milk",
          "keywords": { "en": [], "ar": []},
          "children": []
        },
        {
          "name": {
            "en": "Milk Powder"
          },
          "description": {},
          "slug": "milk-powder",
          "keywords": { "en": [], "ar": []},
          "children": []
        },
        {
          "name": {
            "en": "Yogurt"
          },
          "description": {},
          "slug": "yogurt",
          "keywords": { "en": [], "ar": []},
          "children": []
        }
      ]
    },
    {
      "name": {
        "en": "Drinking Water"
      },
      "description": {},
      "slug": "drinking-water",
      "keywords": { "en": [], "ar": []},
      "children": [
        {
          "name": {
            "en": "Mineral Water"
          },
          "description": {},
          "slug": "mineral-water",
          "keywords": { "en": [], "ar": []},
          "children": []
        },
        {
          "name": {
            "en": "Pure Water"
          },
          "description": {},
          "slug": "pure-water",
          "keywords": { "en": [], "ar": []},
          "children": []
        },
        {
          "name": {
            "en": "Sparkling Water"
          },
          "description": {},
          "slug": "sparkling-water",
          "keywords": { "en": [], "ar": []},
          "children": []
        }
      ]
    },
    {
      "name": {
        "en": "Egg Products"
      },
      "description": {},
      "slug": "egg-products",
      "keywords": { "en": [], "ar": []},
      "children": []
    },
    {
      "name": {
        "en": "Food Ingredients"
      },
      "description": {},
      "slug": "food-ingredients",
      "keywords": { "en": [], "ar": []},
      "children": [
        {
          "name": {
            "en": "Bakery Decoration Ingredients"
          },
          "description": {},
          "slug": "bakery-decoration-ingredients",
          "keywords": { "en": [], "ar": []},
          "children": []
        },
        {
          "name": {
            "en": "Bubble Tea Ingredients"
          },
          "description": {},
          "slug": "bubble-tea-ingredients",
          "keywords": { "en": [], "ar": []},
          "children": []
        },
        {
          "name": {
            "en": "Cocoa Ingredients"
          },
          "description": {},
          "slug": "cocoa-ingredients",
          "keywords": { "en": [], "ar": []},
          "children": []
        },
        {
          "name": {
            "en": "Food Additives"
          },
          "description": {},
          "slug": "food-additives",
          "keywords": { "en": [], "ar": []},
          "children": []
        },
        {
          "name": {
            "en": "Glial"
          },
          "description": {},
          "slug": "glial",
          "keywords": { "en": [], "ar": []},
          "children": []
        },
        {
          "name": {
            "en": "Non Dairy Creamer"
          },
          "description": {},
          "slug": "non-dairy-creamer",
          "keywords": { "en": [], "ar": []},
          "children": []
        },
        {
          "name": {
            "en": "Pastry Mixes"
          },
          "description": {},
          "slug": "pastry-mixes",
          "keywords": { "en": [], "ar": []},
          "children": []
        },
        {
          "name": {
            "en": "Starch"
          },
          "description": {},
          "slug": "starch",
          "keywords": { "en": [], "ar": []},
          "children": []
        },
        {
          "name": {
            "en": "Swelling"
          },
          "description": {},
          "slug": "swelling",
          "keywords": { "en": [], "ar": []},
          "children": []
        }
      ]
    },
    {
      "name": {
        "en": "Fruit Products"
      },
      "description": {},
      "slug": "fruit-products",
      "keywords": { "en": [], "ar": []},
      "children": [
        {
          "name": {
            "en": "Dried Fruit"
          },
          "description": {},
          "slug": "dried-fruit",
          "keywords": { "en": [], "ar": []},
          "children": []
        },
        {
          "name": {
            "en": "Frozen Fruit"
          },
          "description": {},
          "slug": "frozen-fruit",
          "keywords": { "en": [], "ar": []},
          "children": []
        },
        {
          "name": {
            "en": "Preserved Fruit"
          },
          "description": {},
          "slug": "preserved-fruit",
          "keywords": { "en": [], "ar": []},
          "children": []
        }
      ]
    },
    {
      "name": {
        "en": "Grain Products"
      },
      "description": {},
      "slug": "grain-products",
      "keywords": { "en": [], "ar": []},
      "children": [
        {
          "name": {
            "en": "Breakfast Cereal"
          },
          "description": {},
          "slug": "breakfast-cereal",
          "keywords": { "en": [], "ar": []},
          "children": []
        },
        {
          "name": {
            "en": "Chinese Snack"
          },
          "description": {},
          "slug": "chinese-snack",
          "keywords": { "en": [], "ar": []},
          "children": []
        },
        {
          "name": {
            "en": "Coarse Cereal Products"
          },
          "description": {},
          "slug": "coarse-cereal-products",
          "keywords": { "en": [], "ar": []},
          "children": []
        },
        {
          "name": {
            "en": "Flour"
          },
          "description": {},
          "slug": "flour",
          "keywords": { "en": [], "ar": []},
          "children": []
        },
        {
          "name": {
            "en": "Gluten"
          },
          "description": {},
          "slug": "gluten",
          "keywords": { "en": [], "ar": []},
          "children": []
        },
        {
          "name": {
            "en": "Noodles"
          },
          "description": {},
          "slug": "noodles",
          "keywords": { "en": [], "ar": []},
          "children": []
        },
        {
          "name": {
            "en": "Pasta"
          },
          "description": {},
          "slug": "pasta",
          "keywords": { "en": [], "ar": []},
          "children": []
        },
        {
          "name": {
            "en": "Rice Noodle"
          },
          "description": {},
          "slug": "rice-noodle",
          "keywords": { "en": [], "ar": []},
          "children": []
        }
      ]
    },
    {
      "name": {
        "en": "Honey & Honey Products"
      },
      "description": {},
      "slug": "honey-and-honey-products",
      "keywords": { "en": [], "ar": []},
      "children": [
        {
          "name": {
            "en": "Bee Pollen"
          },
          "description": {},
          "slug": "bee-pollen",
          "keywords": { "en": [], "ar": []},
          "children": []
        },
        {
          "name": {
            "en": "Bee Wax"
          },
          "description": {},
          "slug": "bee-wax",
          "keywords": { "en": [], "ar": []},
          "children": []
        },
        {
          "name": {
            "en": "Honey"
          },
          "description": {},
          "slug": "honey",
          "keywords": { "en": [], "ar": []},
          "children": []
        },
        {
          "name": {
            "en": "Honey Syrup"
          },
          "description": {},
          "slug": "honey-syrup",
          "keywords": { "en": [], "ar": []},
          "children": []
        },
        {
          "name": {
            "en": "Propolis"
          },
          "description": {},
          "slug": "propolis",
          "keywords": { "en": [], "ar": []},
          "children": []
        },
        {
          "name": {
            "en": "Royal Jelly"
          },
          "description": {},
          "slug": "royal-jelly",
          "keywords": { "en": [], "ar": []},
          "children": []
        }
      ]
    },
    {
      "name": {
        "en": "Instant Food"
      },
      "description": {},
      "slug": "instant-food",
      "keywords": { "en": [], "ar": []},
      "children": [
        {
          "name": {
            "en": "Hamburger"
          },
          "description": {},
          "slug": "hamburger",
          "keywords": { "en": [], "ar": []},
          "children": []
        },
        {
          "name": {
            "en": "Instant Noodles"
          },
          "description": {},
          "slug": "instant-noodles",
          "keywords": { "en": [], "ar": []},
          "children": []
        },
        {
          "name": {
            "en": "Instant Rice"
          },
          "description": {},
          "slug": "instant-rice",
          "keywords": { "en": [], "ar": []},
          "children": []
        },
        {
          "name": {
            "en": "Instant Soup"
          },
          "description": {},
          "slug": "instant-soup",
          "keywords": { "en": [], "ar": []},
          "children": []
        },
        {
          "name": {
            "en": "Meat Dishes"
          },
          "description": {},
          "slug": "meat-dishes",
          "keywords": { "en": [], "ar": []},
          "children": []
        },
        {
          "name": {
            "en": "Sandwiches"
          },
          "description": {},
          "slug": "sandwiches",
          "keywords": { "en": [], "ar": []},
          "children": []
        },
        {
          "name": {
            "en": "Seafood Dishes"
          },
          "description": {},
          "slug": "seafood-dishes",
          "keywords": { "en": [], "ar": []},
          "children": []
        },
        {
          "name": {
            "en": "Sushi"
          },
          "description": {},
          "slug": "sushi",
          "keywords": { "en": [], "ar": []},
          "children": []
        },
        {
          "name": {
            "en": "Vegetable Dishes"
          },
          "description": {},
          "slug": "vegetable-dishes",
          "keywords": { "en": [], "ar": []},
          "children": []
        }
      ]
    },
    {
      "name": {
        "en": "Meat & Poultry"
      },
      "description": {},
      "slug": "meat-and-poultry",
      "keywords": { "en": [], "ar": []},
      "children": [
        {
          "name": {
            "en": "Beef"
          },
          "description": {},
          "slug": "beef",
          "keywords": { "en": [], "ar": []},
          "children": []
        },
        {
          "name": {
            "en": "Camel Meat"
          },
          "description": {},
          "slug": "camel-meat",
          "keywords": { "en": [], "ar": []},
          "children": []
        },
        {
          "name": {
            "en": "Donkey Meat"
          },
          "description": {},
          "slug": "donkey-meat",
          "keywords": { "en": [], "ar": []},
          "children": []
        },
        {
          "name": {
            "en": "Goat Meat"
          },
          "description": {},
          "slug": "goat-meat",
          "keywords": { "en": [], "ar": []},
          "children": []
        },
        {
          "name": {
            "en": "Horsemeat"
          },
          "description": {},
          "slug": "horsemeat",
          "keywords": { "en": [], "ar": []},
          "children": []
        },
        {
          "name": {
            "en": "Kangaroo Meat"
          },
          "description": {},
          "slug": "kangaroo-meat",
          "keywords": { "en": [], "ar": []},
          "children": []
        },
        {
          "name": {
            "en": "Meat Product"
          },
          "description": {},
          "slug": "meat-product",
          "keywords": { "en": [], "ar": []},
          "children": [
            {
              "name": {
                "en": "Bacon"
              },
              "description": {},
              "slug": "bacon",
              "keywords": { "en": [], "ar": []},
              "children": []
            },
            {
              "name": {
                "en": "Hams"
              },
              "description": {},
              "slug": "hams",
              "keywords": { "en": [], "ar": []},
              "children": []
            },
            {
              "name": {
                "en": "Luncheon Meat"
              },
              "description": {},
              "slug": "luncheon-meat",
              "keywords": { "en": [], "ar": []},
              "children": []
            },
            {
              "name": {
                "en": "Meat Sausage"
              },
              "description": {},
              "slug": "meat-sausage",
              "keywords": { "en": [], "ar": []},
              "children": []
            },
            {
              "name": {
                "en": "Meatball"
              },
              "description": {},
              "slug": "meatball",
              "keywords": { "en": [], "ar": []},
              "children": []
            },
            {
              "name": {
                "en": "Sausage Casings"
              },
              "description": {},
              "slug": "sausage-casings",
              "keywords": { "en": [], "ar": []},
              "children": []
            }
          ]
        },
        {
          "name": {
            "en": "Pork"
          },
          "description": {},
          "slug": "pork",
          "keywords": { "en": [], "ar": []},
          "children": []
        },
        {
          "name": {
            "en": "Poultry Meat"
          },
          "description": {},
          "slug": "poultry-meat",
          "keywords": { "en": [], "ar": []},
          "children": [
            {
              "name": {
                "en": "Chicken"
              },
              "description": {},
              "slug": "chicken",
              "keywords": { "en": [], "ar": []},
              "children": []
            },
            {
              "name": {
                "en": "Duck"
              },
              "description": {},
              "slug": "duck",
              "keywords": { "en": [], "ar": []},
              "children": []
            },
            {
              "name": {
                "en": "Goose"
              },
              "description": {},
              "slug": "goose",
              "keywords": { "en": [], "ar": []},
              "children": []
            },
            {
              "name": {
                "en": "Ostrich"
              },
              "description": {},
              "slug": "ostrich",
              "keywords": { "en": [], "ar": []},
              "children": []
            },
            {
              "name": {
                "en": "Pheasant"
              },
              "description": {},
              "slug": "pheasant",
              "keywords": { "en": [], "ar": []},
              "children": []
            },
            {
              "name": {
                "en": "Quail"
              },
              "description": {},
              "slug": "quail",
              "keywords": { "en": [], "ar": []},
              "children": []
            },
            {
              "name": {
                "en": "Turkey"
              },
              "description": {},
              "slug": "turkey",
              "keywords": { "en": [], "ar": []},
              "children": []
            }
          ]
        },
        {
          "name": {
            "en": "Rabbit Meat"
          },
          "description": {},
          "slug": "rabbit-meat",
          "keywords": { "en": [], "ar": []},
          "children": []
        },
        {
          "name": {
            "en": "Sheep Meat"
          },
          "description": {},
          "slug": "sheep-meat",
          "keywords": { "en": [], "ar": []},
          "children": []
        },
        {
          "name": {
            "en": "Venison"
          },
          "description": {},
          "slug": "venison",
          "keywords": { "en": [], "ar": []},
          "children": []
        }
      ]
    },
    {
      "name": {
        "en": "Other Food & Beverage"
      },
      "description": {},
      "slug": "other-food-and-beverage",
      "keywords": { "en": [], "ar": []},
      "children": []
    },
    {
      "name": {
        "en": "Seafood"
      },
      "description": {},
      "slug": "seafood",
      "keywords": { "en": [], "ar": []},
      "children": [
        {
          "name": {
            "en": "Crab"
          },
          "description": {},
          "slug": "crab",
          "keywords": { "en": [], "ar": []},
          "children": []
        },
        {
          "name": {
            "en": "Cuttlefish"
          },
          "description": {},
          "slug": "cuttlefish",
          "keywords": { "en": [], "ar": []},
          "children": []
        },
        {
          "name": {
            "en": "Fish"
          },
          "description": {},
          "slug": "fish",
          "keywords": { "en": [], "ar": []},
          "children": []
        },
        {
          "name": {
            "en": "Fish Ball"
          },
          "description": {},
          "slug": "fish-ball",
          "keywords": { "en": [], "ar": []},
          "children": []
        },
        {
          "name": {
            "en": "Fish Sausage"
          },
          "description": {},
          "slug": "fish-sausage",
          "keywords": { "en": [], "ar": []},
          "children": []
        },
        {
          "name": {
            "en": "Lobster"
          },
          "description": {},
          "slug": "lobster",
          "keywords": { "en": [], "ar": []},
          "children": []
        },
        {
          "name": {
            "en": "Octopus"
          },
          "description": {},
          "slug": "octopus",
          "keywords": { "en": [], "ar": []},
          "children": []
        },
        {
          "name": {
            "en": "Roe"
          },
          "description": {},
          "slug": "roe",
          "keywords": { "en": [], "ar": []},
          "children": []
        },
        {
          "name": {
            "en": "Sea Cucumber"
          },
          "description": {},
          "slug": "sea-cucumber",
          "keywords": { "en": [], "ar": []},
          "children": []
        },
        {
          "name": {
            "en": "Sea Urchin"
          },
          "description": {},
          "slug": "sea-urchin",
          "keywords": { "en": [], "ar": []},
          "children": []
        },
        {
          "name": {
            "en": "Seafood Snacks"
          },
          "description": {},
          "slug": "seafood-snacks",
          "keywords": { "en": [], "ar": []},
          "children": []
        },
        {
          "name": {
            "en": "Seaweed"
          },
          "description": {},
          "slug": "seaweed",
          "keywords": { "en": [], "ar": []},
          "children": []
        },
        {
          "name": {
            "en": "Shellfish"
          },
          "description": {},
          "slug": "shellfish",
          "keywords": { "en": [], "ar": []},
          "children": []
        },
        {
          "name": {
            "en": "Shrimp"
          },
          "description": {},
          "slug": "shrimp",
          "keywords": { "en": [], "ar": []},
          "children": []
        },
        {
          "name": {
            "en": "Squid"
          },
          "description": {},
          "slug": "squid",
          "keywords": { "en": [], "ar": []},
          "children": []
        },
        {
          "name": {
            "en": "Surimi"
          },
          "description": {},
          "slug": "surimi",
          "keywords": { "en": [], "ar": []},
          "children": []
        }
      ]
    },
    {
      "name": {
        "en": "Seasonings & Condiments"
      },
      "description": {},
      "slug": "seasonings-and-condiments",
      "keywords": { "en": [], "ar": []},
      "children": [
        {
          "name": {
            "en": "Black Bean Sauce"
          },
          "description": {},
          "slug": "black-bean-sauce",
          "keywords": { "en": [], "ar": []},
          "children": []
        },
        {
          "name": {
            "en": "Fermented Bean Curd"
          },
          "description": {},
          "slug": "fermented-bean-curd",
          "keywords": { "en": [], "ar": []},
          "children": []
        },
        {
          "name": {
            "en": "Hot Pot Condiments"
          },
          "description": {},
          "slug": "hot-pot-condiments",
          "keywords": { "en": [], "ar": []},
          "children": []
        },
        {
          "name": {
            "en": "Monosodium Glutamate"
          },
          "description": {},
          "slug": "monosodium-glutamate",
          "keywords": { "en": [], "ar": []},
          "children": []
        },
        {
          "name": {
            "en": "Pickles"
          },
          "description": {},
          "slug": "pickles",
          "keywords": { "en": [], "ar": []},
          "children": []
        },
        {
          "name": {
            "en": "Puree"
          },
          "description": {},
          "slug": "puree",
          "keywords": { "en": [], "ar": []},
          "children": []
        },
        {
          "name": {
            "en": "Salt"
          },
          "description": {},
          "slug": "salt",
          "keywords": { "en": [], "ar": []},
          "children": []
        },
        {
          "name": {
            "en": "Sauce"
          },
          "description": {},
          "slug": "sauce",
          "keywords": { "en": [], "ar": []},
          "children": []
        },
        {
          "name": {
            "en": "Seafood Condiment"
          },
          "description": {},
          "slug": "seafood-condiment",
          "keywords": { "en": [], "ar": []},
          "children": []
        },
        {
          "name": {
            "en": "Soy Sauce"
          },
          "description": {},
          "slug": "soy-sauce",
          "keywords": { "en": [], "ar": []},
          "children": []
        },
        {
          "name": {
            "en": "Spices & Herbs Products"
          },
          "description": {},
          "slug": "spices-and-herbs-products",
          "keywords": { "en": [], "ar": []},
          "children": [
            {
              "name": {
                "en": "Mixed Spices & Seasonings"
              },
              "description": {},
              "slug": "mixed-spices-and-seasonings",
              "keywords": { "en": [], "ar": []},
              "children": []
            },
            {
              "name": {
                "en": "Single Spices & Herbs"
              },
              "description": {},
              "slug": "single-spices-and-herbs",
              "keywords": { "en": [], "ar": []},
              "children": []
            }
          ]
        },
        {
          "name": {
            "en": "Sugar"
          },
          "description": {},
          "slug": "sugar",
          "keywords": { "en": [], "ar": []},
          "children": []
        },
        {
          "name": {
            "en": "Vinegar"
          },
          "description": {},
          "slug": "vinegar",
          "keywords": { "en": [], "ar": []},
          "children": []
        }
      ]
    },
    {
      "name": {
        "en": "Snacks"
      },
      "description": {},
      "slug": "snacks",
      "keywords": { "en": [], "ar": []},
      "children": [
        {
          "name": {
            "en": "Bean Snacks"
          },
          "description": {},
          "slug": "bean-snacks",
          "keywords": { "en": [], "ar": []},
          "children": []
        },
        {
          "name": {
            "en": "Dairy Snacks"
          },
          "description": {},
          "slug": "dairy-snacks",
          "keywords": { "en": [], "ar": []},
          "children": []
        },
        {
          "name": {
            "en": "Egg Snacks"
          },
          "description": {},
          "slug": "egg-snacks",
          "keywords": { "en": [], "ar": []},
          "children": []
        },
        {
          "name": {
            "en": "Fruit & Vegetable Snacks"
          },
          "description": {},
          "slug": "fruit-and-vegetable-snacks",
          "keywords": { "en": [], "ar": []},
          "children": []
        },
        {
          "name": {
            "en": "Grain Snacks"
          },
          "description": {},
          "slug": "grain-snacks",
          "keywords": { "en": [], "ar": []},
          "children": []
        },
        {
          "name": {
            "en": "Jelly & Pudding"
          },
          "description": {},
          "slug": "jelly-and-pudding",
          "keywords": { "en": [], "ar": []},
          "children": []
        },
        {
          "name": {
            "en": "Meat Snacks"
          },
          "description": {},
          "slug": "meat-snacks",
          "keywords": { "en": [], "ar": []},
          "children": []
        },
        {
          "name": {
            "en": "Nut & Kernel Snacks"
          },
          "description": {},
          "slug": "nut-and-kernel-snacks",
          "keywords": { "en": [], "ar": []},
          "children": []
        }
      ]
    },
    {
      "name": {
        "en": "Soft Drinks"
      },
      "description": {},
      "slug": "soft-drinks",
      "keywords": { "en": [], "ar": []},
      "children": [
        {
          "name": {
            "en": "Bubble Tea Drinks"
          },
          "description": {},
          "slug": "bubble-tea-drinks",
          "keywords": { "en": [], "ar": []},
          "children": []
        },
        {
          "name": {
            "en": "Cacao Drinks"
          },
          "description": {},
          "slug": "cacao-drinks",
          "keywords": { "en": [], "ar": []},
          "children": []
        },
        {
          "name": {
            "en": "Carbonated Drinks"
          },
          "description": {},
          "slug": "carbonated-drinks",
          "keywords": { "en": [], "ar": []},
          "children": []
        },
        {
          "name": {
            "en": "Coffee Drinks"
          },
          "description": {},
          "slug": "coffee-drinks",
          "keywords": { "en": [], "ar": []},
          "children": []
        },
        {
          "name": {
            "en": "Energy Drinks"
          },
          "description": {},
          "slug": "energy-drinks",
          "keywords": { "en": [], "ar": []},
          "children": []
        },
        {
          "name": {
            "en": "Fruit & Vegetable Juice"
          },
          "description": {},
          "slug": "fruit-and-vegetable-juice",
          "keywords": { "en": [], "ar": []},
          "children": []
        },
        {
          "name": {
            "en": "Grain & Nut Juice"
          },
          "description": {},
          "slug": "grain-and-nut-juice",
          "keywords": { "en": [], "ar": []},
          "children": []
        },
        {
          "name": {
            "en": "Tea Drinks"
          },
          "description": {},
          "slug": "tea-drinks",
          "keywords": { "en": [], "ar": []},
          "children": []
        }
      ]
    },
    {
      "name": {
        "en": "Tea"
      },
      "description": {},
      "slug": "tea",
      "keywords": { "en": [], "ar": []},
      "children": [
        {
          "name": {
            "en": "Black Tea"
          },
          "description": {},
          "slug": "black-tea",
          "keywords": { "en": [], "ar": []},
          "children": []
        },
        {
          "name": {
            "en": "Blooming Tea"
          },
          "description": {},
          "slug": "blooming-tea",
          "keywords": { "en": [], "ar": []},
          "children": []
        },
        {
          "name": {
            "en": "Flavor Tea"
          },
          "description": {},
          "slug": "flavor-tea",
          "keywords": { "en": [], "ar": []},
          "children": []
        },
        {
          "name": {
            "en": "Green Tea"
          },
          "description": {},
          "slug": "green-tea",
          "keywords": { "en": [], "ar": []},
          "children": []
        },
        {
          "name": {
            "en": "Oolong Tea"
          },
          "description": {},
          "slug": "oolong-tea",
          "keywords": { "en": [], "ar": []},
          "children": []
        },
        {
          "name": {
            "en": "Pu'Er Tea"
          },
          "description": {},
          "slug": "puer-tea",
          "keywords": { "en": [], "ar": []},
          "children": []
        },
        {
          "name": {
            "en": "Slimming Tea"
          },
          "description": {},
          "slug": "slimming-tea",
          "keywords": { "en": [], "ar": []},
          "children": []
        },
        {
          "name": {
            "en": "White Tea"
          },
          "description": {},
          "slug": "white-tea",
          "keywords": { "en": [], "ar": []},
          "children": []
        },
        {
          "name": {
            "en": "Yellow Tea"
          },
          "description": {},
          "slug": "yellow-tea",
          "keywords": { "en": [], "ar": []},
          "children": []
        }
      ]
    },
    {
      "name": {
        "en": "Vegetable Products"
      },
      "description": {},
      "slug": "vegetable-products",
      "keywords": { "en": [], "ar": []},
      "children": [
        {
          "name": {
            "en": "Dried Vegetables"
          },
          "description": {},
          "slug": "dried-vegetables",
          "keywords": { "en": [], "ar": []},
          "children": []
        },
        {
          "name": {
            "en": "Frozen Vegetables"
          },
          "description": {},
          "slug": "frozen-vegetables",
          "keywords": { "en": [], "ar": []},
          "children": []
        },
        {
          "name": {
            "en": "Preserved Vegetables"
          },
          "description": {},
          "slug": "preserved-vegetables",
          "keywords": { "en": [], "ar": []},
          "children": []
        }
      ]
    }
  ]
}
