{
  "name": {
    "en": "Furniture"
  },
  "description": {},
  "slug": "furniture",
  "keywords": { "en": [], "ar": []},
  "children": [
    {
      "name": {
        "en": "Children Furniture"
      },
      "description": {},
      "slug": "children-furniture",
      "keywords": { "en": [], "ar": []},
      "children": []
    },
    {
      "name": {
        "en": "Commercial Furniture"
      },
      "description": {},
      "slug": "commercial-furniture",
      "keywords": { "en": [], "ar": []},
      "children": [
        {
          "name": {
            "en": "Bar Furniture"
          },
          "description": {},
          "slug": "bar-furniture",
          "keywords": { "en": [], "ar": []},
          "children": [
            {
              "name": {
                "en": "Bar Chairs"
              },
              "description": {},
              "slug": "bar-chairs",
              "keywords": { "en": [], "ar": []},
              "children": []
            },
            {
              "name": {
                "en": "Bar Furniture Sets"
              },
              "description": {},
              "slug": "bar-furniture-sets",
              "keywords": { "en": [], "ar": []},
              "children": []
            },
            {
              "name": {
                "en": "Bar Stools"
              },
              "description": {},
              "slug": "bar-stools",
              "keywords": { "en": [], "ar": []},
              "children": []
            },
            {
              "name": {
                "en": "Bar Tables"
              },
              "description": {},
              "slug": "bar-tables",
              "keywords": { "en": [], "ar": []},
              "children": []
            },
            {
              "name": {
                "en": "Other Bar Furniture"
              },
              "description": {},
              "slug": "other-bar-furniture",
              "keywords": { "en": [], "ar": []},
              "children": []
            }
          ]
        },
        {
          "name": {
            "en": "Hospital Furniture"
          },
          "description": {},
          "slug": "hospital-furniture",
          "keywords": { "en": [], "ar": []},
          "children": [
            {
              "name": {
                "en": "Hospital Beds"
              },
              "description": {},
              "slug": "hospital-beds",
              "keywords": { "en": [], "ar": []},
              "children": []
            },
            {
              "name": {
                "en": "Hospital Cabinets"
              },
              "description": {},
              "slug": "hospital-cabinets",
              "keywords": { "en": [], "ar": []},
              "children": []
            },
            {
              "name": {
                "en": "Hospital Chairs"
              },
              "description": {},
              "slug": "hospital-chairs",
              "keywords": { "en": [], "ar": []},
              "children": []
            },
            {
              "name": {
                "en": "Hospital Tables"
              },
              "description": {},
              "slug": "hospital-tables",
              "keywords": { "en": [], "ar": []},
              "children": []
            },
            {
              "name": {
                "en": "Hospital Trolley"
              },
              "description": {},
              "slug": "hospital-trolley",
              "keywords": { "en": [], "ar": []},
              "children": []
            },
            {
              "name": {
                "en": "Other Hospital Furniture"
              },
              "description": {},
              "slug": "other-hospital-furniture",
              "keywords": { "en": [], "ar": []},
              "children": []
            }
          ]
        },
        {
          "name": {
            "en": "Hotel Furniture"
          },
          "description": {},
          "slug": "hotel-furniture",
          "keywords": { "en": [], "ar": []},
          "children": [
            {
              "name": {
                "en": "Hotel Bedroom Sets"
              },
              "description": {},
              "slug": "hotel-bedroom-sets",
              "keywords": { "en": [], "ar": []},
              "children": []
            },
            {
              "name": {
                "en": "Hotel Beds"
              },
              "description": {},
              "slug": "hotel-beds",
              "keywords": { "en": [], "ar": []},
              "children": []
            },
            {
              "name": {
                "en": "Hotel Chairs"
              },
              "description": {},
              "slug": "hotel-chairs",
              "keywords": { "en": [], "ar": []},
              "children": []
            },
            {
              "name": {
                "en": "Hotel Sofas"
              },
              "description": {},
              "slug": "hotel-sofas",
              "keywords": { "en": [], "ar": []},
              "children": []
            },
            {
              "name": {
                "en": "Hotel Tables"
              },
              "description": {},
              "slug": "hotel-tables",
              "keywords": { "en": [], "ar": []},
              "children": []
            },
            {
              "name": {
                "en": "Hotel Trolley"
              },
              "description": {},
              "slug": "hotel-trolley",
              "keywords": { "en": [], "ar": []},
              "children": []
            },
            {
              "name": {
                "en": "Luggage Racks"
              },
              "description": {},
              "slug": "luggage-racks",
              "keywords": { "en": [], "ar": []},
              "children": []
            },
            {
              "name": {
                "en": "Other Hotel Furniture"
              },
              "description": {},
              "slug": "other-hotel-furniture",
              "keywords": { "en": [], "ar": []},
              "children": []
            }
          ]
        },
        {
          "name": {
            "en": "Industrial Chairs"
          },
          "description": {},
          "slug": "industrial-chairs",
          "keywords": { "en": [], "ar": []},
          "children": []
        },
        {
          "name": {
            "en": "Laboratory Furniture"
          },
          "description": {},
          "slug": "laboratory-furniture",
          "keywords": { "en": [], "ar": []},
          "children": []
        },
        {
          "name": {
            "en": "Library Furniture"
          },
          "description": {},
          "slug": "library-furniture",
          "keywords": { "en": [], "ar": []},
          "children": []
        },
        {
          "name": {
            "en": "Office Furniture"
          },
          "description": {},
          "slug": "office-furniture",
          "keywords": { "en": [], "ar": []},
          "children": [
            {
              "name": {
                "en": "Computer Desks"
              },
              "description": {},
              "slug": "computer-desks",
              "keywords": { "en": [], "ar": []},
              "children": []
            },
            {
              "name": {
                "en": "Conference Chairs"
              },
              "description": {},
              "slug": "conference-chairs",
              "keywords": { "en": [], "ar": []},
              "children": []
            },
            {
              "name": {
                "en": "Conference Tables"
              },
              "description": {},
              "slug": "conference-tables",
              "keywords": { "en": [], "ar": []},
              "children": []
            },
            {
              "name": {
                "en": "Filing Cabinets"
              },
              "description": {},
              "slug": "filing-cabinets",
              "keywords": { "en": [], "ar": []},
              "children": []
            },
            {
              "name": {
                "en": "Magazine Racks"
              },
              "description": {},
              "slug": "magazine-racks",
              "keywords": { "en": [], "ar": []},
              "children": []
            },
            {
              "name": {
                "en": "Office Chairs"
              },
              "description": {},
              "slug": "office-chairs",
              "keywords": { "en": [], "ar": []},
              "children": []
            },
            {
              "name": {
                "en": "Office Desks"
              },
              "description": {},
              "slug": "office-desks",
              "keywords": { "en": [], "ar": []},
              "children": []
            },
            {
              "name": {
                "en": "Office Partitions"
              },
              "description": {},
              "slug": "office-partitions",
              "keywords": { "en": [], "ar": []},
              "children": []
            },
            {
              "name": {
                "en": "Office Sofas"
              },
              "description": {},
              "slug": "office-sofas",
              "keywords": { "en": [], "ar": []},
              "children": []
            },
            {
              "name": {
                "en": "Other Office Furniture"
              },
              "description": {},
              "slug": "other-office-furniture",
              "keywords": { "en": [], "ar": []},
              "children": []
            },
            {
              "name": {
                "en": "Reception Desks"
              },
              "description": {},
              "slug": "reception-desks",
              "keywords": { "en": [], "ar": []},
              "children": []
            }
          ]
        },
        {
          "name": {
            "en": "Other Commercial Furniture"
          },
          "description": {},
          "slug": "other-commercial-furniture",
          "keywords": { "en": [], "ar": []},
          "children": []
        },
        {
          "name": {
            "en": "Restaurant Furniture"
          },
          "description": {},
          "slug": "restaurant-furniture",
          "keywords": { "en": [], "ar": []},
          "children": [
            {
              "name": {
                "en": "Other Restaurant Furniture"
              },
              "description": {},
              "slug": "other-restaurant-furniture",
              "keywords": { "en": [], "ar": []},
              "children": []
            },
            {
              "name": {
                "en": "Restaurant Chairs"
              },
              "description": {},
              "slug": "restaurant-chairs",
              "keywords": { "en": [], "ar": []},
              "children": []
            },
            {
              "name": {
                "en": "Restaurant Sets"
              },
              "description": {},
              "slug": "restaurant-sets",
              "keywords": { "en": [], "ar": []},
              "children": []
            },
            {
              "name": {
                "en": "Restaurant Tables"
              },
              "description": {},
              "slug": "restaurant-tables",
              "keywords": { "en": [], "ar": []},
              "children": []
            }
          ]
        },
        {
          "name": {
            "en": "Salon Furniture"
          },
          "description": {},
          "slug": "salon-furniture",
          "keywords": { "en": [], "ar": []},
          "children": [
            {
              "name": {
                "en": "Barber Chairs"
              },
              "description": {},
              "slug": "barber-chairs",
              "keywords": { "en": [], "ar": []},
              "children": []
            },
            {
              "name": {
                "en": "Massage Tables & Beds"
              },
              "description": {},
              "slug": "massage-tables-and-beds",
              "keywords": { "en": [], "ar": []},
              "children": []
            },
            {
              "name": {
                "en": "Nail Tables"
              },
              "description": {},
              "slug": "nail-tables",
              "keywords": { "en": [], "ar": []},
              "children": []
            },
            {
              "name": {
                "en": "Other Salon Furniture"
              },
              "description": {},
              "slug": "other-salon-furniture",
              "keywords": { "en": [], "ar": []},
              "children": []
            },
            {
              "name": {
                "en": "Salon Trolley"
              },
              "description": {},
              "slug": "salon-trolley",
              "keywords": { "en": [], "ar": []},
              "children": []
            },
            {
              "name": {
                "en": "Shampoo Chairs"
              },
              "description": {},
              "slug": "shampoo-chairs",
              "keywords": { "en": [], "ar": []},
              "children": []
            }
          ]
        },
        {
          "name": {
            "en": "School Furniture"
          },
          "description": {},
          "slug": "school-furniture",
          "keywords": { "en": [], "ar": []},
          "children": [
            {
              "name": {
                "en": "Dormitory Beds"
              },
              "description": {},
              "slug": "dormitory-beds",
              "keywords": { "en": [], "ar": []},
              "children": []
            },
            {
              "name": {
                "en": "Other School Furniture"
              },
              "description": {},
              "slug": "other-school-furniture",
              "keywords": { "en": [], "ar": []},
              "children": []
            },
            {
              "name": {
                "en": "School Chairs"
              },
              "description": {},
              "slug": "school-chairs",
              "keywords": { "en": [], "ar": []},
              "children": []
            },
            {
              "name": {
                "en": "School Desks"
              },
              "description": {},
              "slug": "school-desks",
              "keywords": { "en": [], "ar": []},
              "children": []
            },
            {
              "name": {
                "en": "School Sets"
              },
              "description": {},
              "slug": "school-sets",
              "keywords": { "en": [], "ar": []},
              "children": []
            }
          ]
        },
        {
          "name": {
            "en": "Theater Furniture"
          },
          "description": {},
          "slug": "theater-furniture",
          "keywords": { "en": [], "ar": []},
          "children": []
        },
        {
          "name": {
            "en": "Waiting Chairs"
          },
          "description": {},
          "slug": "waiting-chairs",
          "keywords": { "en": [], "ar": []},
          "children": []
        }
      ]
    },
    {
      "name": {
        "en": "Furniture Accessories"
      },
      "description": {},
      "slug": "furniture-accessories",
      "keywords": { "en": [], "ar": []},
      "children": []
    },
    {
      "name": {
        "en": "Furniture Hardware"
      },
      "description": {},
      "slug": "furniture-hardware",
      "keywords": { "en": [], "ar": []},
      "children": [
        {
          "name": {
            "en": "Door Catches & Door Closers"
          },
          "description": {},
          "slug": "door-catches-and-door-closers",
          "keywords": { "en": [], "ar": []},
          "children": []
        },
        {
          "name": {
            "en": "Drawer Slide"
          },
          "description": {},
          "slug": "drawer-slide",
          "keywords": { "en": [], "ar": []},
          "children": []
        },
        {
          "name": {
            "en": "Furniture Bolts"
          },
          "description": {},
          "slug": "furniture-bolts",
          "keywords": { "en": [], "ar": []},
          "children": []
        },
        {
          "name": {
            "en": "Furniture Casters"
          },
          "description": {},
          "slug": "furniture-casters",
          "keywords": { "en": [], "ar": []},
          "children": []
        },
        {
          "name": {
            "en": "Furniture Handles & Knobs"
          },
          "description": {},
          "slug": "furniture-handles-and-knobs",
          "keywords": { "en": [], "ar": []},
          "children": []
        },
        {
          "name": {
            "en": "Furniture Hinges"
          },
          "description": {},
          "slug": "furniture-hinges",
          "keywords": { "en": [], "ar": []},
          "children": []
        },
        {
          "name": {
            "en": "Furniture Locks"
          },
          "description": {},
          "slug": "furniture-locks",
          "keywords": { "en": [], "ar": []},
          "children": []
        },
        {
          "name": {
            "en": "Other Furniture Hardware"
          },
          "description": {},
          "slug": "other-furniture-hardware",
          "keywords": { "en": [], "ar": []},
          "children": []
        }
      ]
    },
    {
      "name": {
        "en": "Furniture Parts"
      },
      "description": {},
      "slug": "furniture-parts",
      "keywords": { "en": [], "ar": []},
      "children": [
        {
          "name": {
            "en": "Chair Mechanisms"
          },
          "description": {},
          "slug": "chair-mechanisms",
          "keywords": { "en": [], "ar": []},
          "children": []
        },
        {
          "name": {
            "en": "Furniture Frames"
          },
          "description": {},
          "slug": "furniture-frames",
          "keywords": { "en": [], "ar": []},
          "children": []
        },
        {
          "name": {
            "en": "Furniture Legs"
          },
          "description": {},
          "slug": "furniture-legs",
          "keywords": { "en": [], "ar": []},
          "children": []
        },
        {
          "name": {
            "en": "Other Furniture Parts"
          },
          "description": {},
          "slug": "other-furniture-parts",
          "keywords": { "en": [], "ar": []},
          "children": []
        },
        {
          "name": {
            "en": "Swivel Plates"
          },
          "description": {},
          "slug": "swivel-plates",
          "keywords": { "en": [], "ar": []},
          "children": []
        }
      ]
    },
    {
      "name": {
        "en": "Home Furniture"
      },
      "description": {},
      "slug": "home-furniture",
      "keywords": { "en": [], "ar": []},
      "children": [
        {
          "name": {
            "en": "Bathroom Furniture"
          },
          "description": {},
          "slug": "bathroom-furniture",
          "keywords": { "en": [], "ar": []},
          "children": [
            {
              "name": {
                "en": "Other Bathroom Furniture"
              },
              "description": {},
              "slug": "other-bathroom-furniture",
              "keywords": { "en": [], "ar": []},
              "children": []
            }
          ]
        },
        {
          "name": {
            "en": "Bedroom Furniture"
          },
          "description": {},
          "slug": "bedroom-furniture",
          "keywords": { "en": [], "ar": []},
          "children": [
            {
              "name": {
                "en": "Bedroom Sets"
              },
              "description": {},
              "slug": "bedroom-sets",
              "keywords": { "en": [], "ar": []},
              "children": []
            },
            {
              "name": {
                "en": "Beds"
              },
              "description": {},
              "slug": "beds",
              "keywords": { "en": [], "ar": []},
              "children": []
            },
            {
              "name": {
                "en": "Dressers"
              },
              "description": {},
              "slug": "dressers",
              "keywords": { "en": [], "ar": []},
              "children": []
            },
            {
              "name": {
                "en": "Mattresses"
              },
              "description": {},
              "slug": "mattresses",
              "keywords": { "en": [], "ar": []},
              "children": []
            },
            {
              "name": {
                "en": "Nightstands"
              },
              "description": {},
              "slug": "nightstands",
              "keywords": { "en": [], "ar": []},
              "children": []
            },
            {
              "name": {
                "en": "Other Bedroom Furniture"
              },
              "description": {},
              "slug": "other-bedroom-furniture",
              "keywords": { "en": [], "ar": []},
              "children": []
            },
            {
              "name": {
                "en": "Wardrobes"
              },
              "description": {},
              "slug": "wardrobes",
              "keywords": { "en": [], "ar": []},
              "children": []
            }
          ]
        },
        {
          "name": {
            "en": "Dining Room Furniture"
          },
          "description": {},
          "slug": "dining-room-furniture",
          "keywords": { "en": [], "ar": []},
          "children": [
            {
              "name": {
                "en": "Dining Chairs"
              },
              "description": {},
              "slug": "dining-chairs",
              "keywords": { "en": [], "ar": []},
              "children": []
            },
            {
              "name": {
                "en": "Dining Room Sets"
              },
              "description": {},
              "slug": "dining-room-sets",
              "keywords": { "en": [], "ar": []},
              "children": []
            },
            {
              "name": {
                "en": "Dining Tables"
              },
              "description": {},
              "slug": "dining-tables",
              "keywords": { "en": [], "ar": []},
              "children": []
            },
            {
              "name": {
                "en": "Other Dining Room Furniture"
              },
              "description": {},
              "slug": "other-dining-room-furniture",
              "keywords": { "en": [], "ar": []},
              "children": []
            },
            {
              "name": {
                "en": "Sideboards"
              },
              "description": {},
              "slug": "sideboards",
              "keywords": { "en": [], "ar": []},
              "children": []
            }
          ]
        },
        {
          "name": {
            "en": "Kitchen Furniture"
          },
          "description": {},
          "slug": "kitchen-furniture",
          "keywords": { "en": [], "ar": []},
          "children": []
        },
        {
          "name": {
            "en": "Living Room Furniture"
          },
          "description": {},
          "slug": "living-room-furniture",
          "keywords": { "en": [], "ar": []},
          "children": [
            {
              "name": {
                "en": "Bookcases"
              },
              "description": {},
              "slug": "bookcases",
              "keywords": { "en": [], "ar": []},
              "children": []
            },
            {
              "name": {
                "en": "CD Racks"
              },
              "description": {},
              "slug": "cd-racks",
              "keywords": { "en": [], "ar": []},
              "children": []
            },
            {
              "name": {
                "en": "Chaise Lounge"
              },
              "description": {},
              "slug": "chaise-lounge",
              "keywords": { "en": [], "ar": []},
              "children": []
            },
            {
              "name": {
                "en": "Coat Racks"
              },
              "description": {},
              "slug": "coat-racks",
              "keywords": { "en": [], "ar": []},
              "children": []
            },
            {
              "name": {
                "en": "Coffee Tables"
              },
              "description": {},
              "slug": "coffee-tables",
              "keywords": { "en": [], "ar": []},
              "children": []
            },
            {
              "name": {
                "en": "Console Tables"
              },
              "description": {},
              "slug": "console-tables",
              "keywords": { "en": [], "ar": []},
              "children": []
            },
            {
              "name": {
                "en": "Living Room Cabinets"
              },
              "description": {},
              "slug": "living-room-cabinets",
              "keywords": { "en": [], "ar": []},
              "children": []
            },
            {
              "name": {
                "en": "Living Room Chairs"
              },
              "description": {},
              "slug": "living-room-chairs",
              "keywords": { "en": [], "ar": []},
              "children": []
            },
            {
              "name": {
                "en": "Living Room Sets"
              },
              "description": {},
              "slug": "living-room-sets",
              "keywords": { "en": [], "ar": []},
              "children": []
            },
            {
              "name": {
                "en": "Living Room Sofas"
              },
              "description": {},
              "slug": "living-room-sofas",
              "keywords": { "en": [], "ar": []},
              "children": []
            },
            {
              "name": {
                "en": "Other Living Room Furniture"
              },
              "description": {},
              "slug": "other-living-room-furniture",
              "keywords": { "en": [], "ar": []},
              "children": []
            },
            {
              "name": {
                "en": "Shoe Racks"
              },
              "description": {},
              "slug": "shoe-racks",
              "keywords": { "en": [], "ar": []},
              "children": []
            },
            {
              "name": {
                "en": "Stools & Ottomans"
              },
              "description": {},
              "slug": "stools-and-ottomans",
              "keywords": { "en": [], "ar": []},
              "children": []
            },
            {
              "name": {
                "en": "TV Stands"
              },
              "description": {},
              "slug": "tv-stands",
              "keywords": { "en": [], "ar": []},
              "children": []
            }
          ]
        },
        {
          "name": {
            "en": "Other Home Furniture"
          },
          "description": {},
          "slug": "other-home-furniture",
          "keywords": { "en": [], "ar": []},
          "children": []
        }
      ]
    },
    {
      "name": {
        "en": "Kid's Furniture"
      },
      "description": {},
      "slug": "kids-furniture",
      "keywords": { "en": [], "ar": []},
      "children": [
        {
          "name": {
            "en": "KIDS' Beds"
          },
          "description": {},
          "slug": "kids-beds",
          "keywords": { "en": [], "ar": []},
          "children": []
        },
        {
          "name": {
            "en": "KIDS' Cabinets"
          },
          "description": {},
          "slug": "kids-cabinets",
          "keywords": { "en": [], "ar": []},
          "children": []
        },
        {
          "name": {
            "en": "KIDS' Chair"
          },
          "description": {},
          "slug": "kids-chair",
          "keywords": { "en": [], "ar": []},
          "children": []
        },
        {
          "name": {
            "en": "KIDS' Cribs"
          },
          "description": {},
          "slug": "kids-cribs",
          "keywords": { "en": [], "ar": []},
          "children": []
        },
        {
          "name": {
            "en": "KIDS' Furniture Sets"
          },
          "description": {},
          "slug": "kids-furniture-sets",
          "keywords": { "en": [], "ar": []},
          "children": []
        },
        {
          "name": {
            "en": "KIDS' Playpens"
          },
          "description": {},
          "slug": "kids-playpens",
          "keywords": { "en": [], "ar": []},
          "children": []
        },
        {
          "name": {
            "en": "KIDS' Sofa"
          },
          "description": {},
          "slug": "kids-sofa",
          "keywords": { "en": [], "ar": []},
          "children": []
        },
        {
          "name": {
            "en": "KIDS' Tables"
          },
          "description": {},
          "slug": "kids-tables",
          "keywords": { "en": [], "ar": []},
          "children": []
        },
        {
          "name": {
            "en": "Other KIDS' Furniture"
          },
          "description": {},
          "slug": "other-kids-furniture",
          "keywords": { "en": [], "ar": []},
          "children": []
        }
      ]
    },
    {
      "name": {
        "en": "Other Furniture"
      },
      "description": {},
      "slug": "other-furniture",
      "keywords": { "en": [], "ar": []},
      "children": []
    },
    {
      "name": {
        "en": "Outdoor Furniture"
      },
      "description": {},
      "slug": "outdoor-furniture",
      "keywords": { "en": [], "ar": []},
      "children": [
        {
          "name": {
            "en": "Beach Chairs"
          },
          "description": {},
          "slug": "beach-chairs",
          "keywords": { "en": [], "ar": []},
          "children": []
        },
        {
          "name": {
            "en": "Garden Chairs"
          },
          "description": {},
          "slug": "garden-chairs",
          "keywords": { "en": [], "ar": []},
          "children": []
        },
        {
          "name": {
            "en": "Garden Sets"
          },
          "description": {},
          "slug": "garden-sets",
          "keywords": { "en": [], "ar": []},
          "children": []
        },
        {
          "name": {
            "en": "Garden Sofas"
          },
          "description": {},
          "slug": "garden-sofas",
          "keywords": { "en": [], "ar": []},
          "children": []
        },
        {
          "name": {
            "en": "Hammocks"
          },
          "description": {},
          "slug": "hammocks",
          "keywords": { "en": [], "ar": []},
          "children": []
        },
        {
          "name": {
            "en": "Other Outdoor Furniture"
          },
          "description": {},
          "slug": "other-outdoor-furniture",
          "keywords": { "en": [], "ar": []},
          "children": []
        },
        {
          "name": {
            "en": "Outdoor Tables"
          },
          "description": {},
          "slug": "outdoor-tables",
          "keywords": { "en": [], "ar": []},
          "children": []
        },
        {
          "name": {
            "en": "Patio Benches"
          },
          "description": {},
          "slug": "patio-benches",
          "keywords": { "en": [], "ar": []},
          "children": []
        },
        {
          "name": {
            "en": "Patio Swings"
          },
          "description": {},
          "slug": "patio-swings",
          "keywords": { "en": [], "ar": []},
          "children": []
        },
        {
          "name": {
            "en": "Patio Umbrellas & Bases"
          },
          "description": {},
          "slug": "patio-umbrellas-and-bases",
          "keywords": { "en": [], "ar": []},
          "children": []
        },
        {
          "name": {
            "en": "Sun Loungers"
          },
          "description": {},
          "slug": "sun-loungers",
          "keywords": { "en": [], "ar": []},
          "children": []
        }
      ]
    }
  ]
}
