{
  "name": {
    "en": "Gifts & Crafts"
  },
  "description": {},
  "slug": "gifts-and-crafts",
  "keywords": { "en": [], "ar": []},
  "children": [
    {
      "name": {
        "en": "Arts & Crafts Stocks"
      },
      "description": {},
      "slug": "arts-and-crafts-stocks",
      "keywords": { "en": [], "ar": []},
      "children": []
    },
    {
      "name": {
        "en": "Candle Holders"
      },
      "description": {},
      "slug": "candle-holders",
      "keywords": { "en": [], "ar": []},
      "children": []
    },
    {
      "name": {
        "en": "Candles"
      },
      "description": {},
      "slug": "candles",
      "keywords": { "en": [], "ar": []},
      "children": []
    },
    {
      "name": {
        "en": "Crafts"
      },
      "description": {},
      "slug": "crafts",
      "keywords": { "en": [], "ar": []},
      "children": [
        {
          "name": {
            "en": "Bamboo Crafts"
          },
          "description": {},
          "slug": "bamboo-crafts",
          "keywords": { "en": [], "ar": []},
          "children": []
        },
        {
          "name": {
            "en": "Brocade Crafts"
          },
          "description": {},
          "slug": "brocade-crafts",
          "keywords": { "en": [], "ar": []},
          "children": []
        },
        {
          "name": {
            "en": "Clay Crafts"
          },
          "description": {},
          "slug": "clay-crafts",
          "keywords": { "en": [], "ar": []},
          "children": []
        },
        {
          "name": {
            "en": "Crystal Crafts"
          },
          "description": {},
          "slug": "crystal-crafts",
          "keywords": { "en": [], "ar": []},
          "children": []
        },
        {
          "name": {
            "en": "Embroidery Crafts"
          },
          "description": {},
          "slug": "embroidery-crafts",
          "keywords": { "en": [], "ar": []},
          "children": []
        },
        {
          "name": {
            "en": "Glass Crafts"
          },
          "description": {},
          "slug": "glass-crafts",
          "keywords": { "en": [], "ar": []},
          "children": []
        },
        {
          "name": {
            "en": "Lacquerware"
          },
          "description": {},
          "slug": "lacquerware",
          "keywords": { "en": [], "ar": []},
          "children": []
        },
        {
          "name": {
            "en": "Leather Crafts"
          },
          "description": {},
          "slug": "leather-crafts",
          "keywords": { "en": [], "ar": []},
          "children": []
        },
        {
          "name": {
            "en": "Metal Crafts"
          },
          "description": {},
          "slug": "metal-crafts",
          "keywords": { "en": [], "ar": []},
          "children": []
        },
        {
          "name": {
            "en": "Natural Crafts"
          },
          "description": {},
          "slug": "natural-crafts",
          "keywords": { "en": [], "ar": []},
          "children": []
        },
        {
          "name": {
            "en": "Paper Crafts"
          },
          "description": {},
          "slug": "paper-crafts",
          "keywords": { "en": [], "ar": []},
          "children": []
        },
        {
          "name": {
            "en": "Plastic Crafts"
          },
          "description": {},
          "slug": "plastic-crafts",
          "keywords": { "en": [], "ar": []},
          "children": []
        },
        {
          "name": {
            "en": "Pottery & Enamel"
          },
          "description": {},
          "slug": "pottery-and-enamel",
          "keywords": { "en": [], "ar": []},
          "children": []
        },
        {
          "name": {
            "en": "Resin Crafts"
          },
          "description": {},
          "slug": "resin-crafts",
          "keywords": { "en": [], "ar": []},
          "children": []
        },
        {
          "name": {
            "en": "Semi-Precious Stone Crafts"
          },
          "description": {},
          "slug": "semi-precious-stone-crafts",
          "keywords": { "en": [], "ar": []},
          "children": []
        },
        {
          "name": {
            "en": "Stone Crafts"
          },
          "description": {},
          "slug": "stone-crafts",
          "keywords": { "en": [], "ar": []},
          "children": []
        },
        {
          "name": {
            "en": "Textile & Fabric Crafts"
          },
          "description": {},
          "slug": "textile-and-fabric-crafts",
          "keywords": { "en": [], "ar": []},
          "children": []
        },
        {
          "name": {
            "en": "Wicker Crafts"
          },
          "description": {},
          "slug": "wicker-crafts",
          "keywords": { "en": [], "ar": []},
          "children": []
        },
        {
          "name": {
            "en": "Wood Crafts"
          },
          "description": {},
          "slug": "wood-crafts",
          "keywords": { "en": [], "ar": []},
          "children": []
        }
      ]
    },
    {
      "name": {
        "en": "Festive & Party Supplies"
      },
      "description": {},
      "slug": "festive-and-party-supplies",
      "keywords": { "en": [], "ar": []},
      "children": [
        {
          "name": {
            "en": "Christmas Decoration Supplies"
          },
          "description": {},
          "slug": "christmas-decoration-supplies",
          "keywords": { "en": [], "ar": []},
          "children": []
        },
        {
          "name": {
            "en": "Decorative Flowers & Wreaths"
          },
          "description": {},
          "slug": "decorative-flowers-and-wreaths",
          "keywords": { "en": [], "ar": []},
          "children": []
        },
        {
          "name": {
            "en": "Event & Party Supplies"
          },
          "description": {},
          "slug": "event-and-party-supplies",
          "keywords": { "en": [], "ar": []},
          "children": []
        },
        {
          "name": {
            "en": "Fireworks & Firecrackers"
          },
          "description": {},
          "slug": "fireworks-and-firecrackers",
          "keywords": { "en": [], "ar": []},
          "children": []
        },
        {
          "name": {
            "en": "Greeting Cards"
          },
          "description": {},
          "slug": "greeting-cards",
          "keywords": { "en": [], "ar": []},
          "children": []
        },
        {
          "name": {
            "en": "Other Holiday Supplies"
          },
          "description": {},
          "slug": "other-holiday-supplies",
          "keywords": { "en": [], "ar": []},
          "children": []
        },
        {
          "name": {
            "en": "Party Masks"
          },
          "description": {},
          "slug": "party-masks",
          "keywords": { "en": [], "ar": []},
          "children": []
        },
        {
          "name": {
            "en": "Wedding Decoration & Supplies"
          },
          "description": {},
          "slug": "wedding-decoration-and-supplies",
          "keywords": { "en": [], "ar": []},
          "children": []
        }
      ]
    },
    {
      "name": {
        "en": "Flags, Banners & Accessories"
      },
      "description": {},
      "slug": "flags-banners-and-accessories",
      "keywords": { "en": [], "ar": []},
      "children": []
    },
    {
      "name": {
        "en": "Frame"
      },
      "description": {},
      "slug": "frame",
      "keywords": { "en": [], "ar": []},
      "children": []
    },
    {
      "name": {
        "en": "Gift Sets"
      },
      "description": {},
      "slug": "gift-sets",
      "keywords": { "en": [], "ar": []},
      "children": []
    },
    {
      "name": {
        "en": "Incense"
      },
      "description": {},
      "slug": "incense",
      "keywords": { "en": [], "ar": []},
      "children": []
    },
    {
      "name": {
        "en": "Incense Burners"
      },
      "description": {},
      "slug": "incense-burners",
      "keywords": { "en": [], "ar": []},
      "children": []
    },
    {
      "name": {
        "en": "Key Chains"
      },
      "description": {},
      "slug": "key-chains",
      "keywords": { "en": [], "ar": []},
      "children": []
    },
    {
      "name": {
        "en": "Lanyard"
      },
      "description": {},
      "slug": "lanyard",
      "keywords": { "en": [], "ar": []},
      "children": []
    },
    {
      "name": {
        "en": "Money Boxes"
      },
      "description": {},
      "slug": "money-boxes",
      "keywords": { "en": [], "ar": []},
      "children": []
    },
    {
      "name": {
        "en": "Music Boxes"
      },
      "description": {},
      "slug": "music-boxes",
      "keywords": { "en": [], "ar": []},
      "children": []
    },
    {
      "name": {
        "en": "Other Gifts & Crafts"
      },
      "description": {},
      "slug": "other-gifts-and-crafts",
      "keywords": { "en": [], "ar": []},
      "children": []
    },
    {
      "name": {
        "en": "Painting & Calligraphy"
      },
      "description": {},
      "slug": "painting-and-calligraphy",
      "keywords": { "en": [], "ar": []},
      "children": []
    },
    {
      "name": {
        "en": "Photo Albums"
      },
      "description": {},
      "slug": "photo-albums",
      "keywords": { "en": [], "ar": []},
      "children": []
    },
    {
      "name": {
        "en": "Stickers"
      },
      "description": {},
      "slug": "stickers",
      "keywords": { "en": [], "ar": []},
      "children": []
    }
  ]
}
