{
  "name": {
    "en": "Health & Medical"
  },
  "description": {},
  "slug": "health-and-medical",
  "keywords": { "en": [], "ar": []},
  "children": [
    {
      "name": {
        "en": "Animal & Veterinary"
      },
      "description": {},
      "slug": "animal-and-veterinary",
      "keywords": { "en": [], "ar": []},
      "children": [
        {
          "name": {
            "en": "Veterinary Instrument"
          },
          "description": {},
          "slug": "veterinary-instrument",
          "keywords": { "en": [], "ar": []},
          "children": [
            {
              "name": {
                "en": "Other Veterinary Instrument"
              },
              "description": {},
              "slug": "other-veterinary-instrument",
              "keywords": { "en": [], "ar": []},
              "children": []
            },
            {
              "name": {
                "en": "Veterinary Crayon"
              },
              "description": {},
              "slug": "veterinary-crayon",
              "keywords": { "en": [], "ar": []},
              "children": []
            },
            {
              "name": {
                "en": "Veterinary Insemination Instrument"
              },
              "description": {},
              "slug": "veterinary-insemination-instrument",
              "keywords": { "en": [], "ar": []},
              "children": []
            },
            {
              "name": {
                "en": "Veterinary Syringe"
              },
              "description": {},
              "slug": "veterinary-syringe",
              "keywords": { "en": [], "ar": []},
              "children": []
            },
            {
              "name": {
                "en": "Veterinary Syringe Needle"
              },
              "description": {},
              "slug": "veterinary-syringe-needle",
              "keywords": { "en": [], "ar": []},
              "children": []
            }
          ]
        },
        {
          "name": {
            "en": "Veterinary Medicine"
          },
          "description": {},
          "slug": "veterinary-medicine",
          "keywords": { "en": [], "ar": []},
          "children": []
        }
      ]
    },
    {
      "name": {
        "en": "Extract"
      },
      "description": {},
      "slug": "extract",
      "keywords": { "en": [], "ar": []},
      "children": [
        {
          "name": {
            "en": "Animal Extract"
          },
          "description": {},
          "slug": "animal-extract",
          "keywords": { "en": [], "ar": []},
          "children": []
        },
        {
          "name": {
            "en": "Plant Extract"
          },
          "description": {},
          "slug": "plant-extract",
          "keywords": { "en": [], "ar": []},
          "children": []
        }
      ]
    },
    {
      "name": {
        "en": "Health Care Products"
      },
      "description": {},
      "slug": "health-care-products",
      "keywords": { "en": [], "ar": []},
      "children": [
        {
          "name": {
            "en": "Health Care Supplies"
          },
          "description": {},
          "slug": "health-care-supplies",
          "keywords": { "en": [], "ar": []},
          "children": [
            {
              "name": {
                "en": "Ear & Hearing Products"
              },
              "description": {},
              "slug": "ear-and-hearing-products",
              "keywords": { "en": [], "ar": []},
              "children": []
            },
            {
              "name": {
                "en": "House-Service Detector Tester"
              },
              "description": {},
              "slug": "house-service-detector-tester",
              "keywords": { "en": [], "ar": []},
              "children": []
            },
            {
              "name": {
                "en": "Other Healthcare Supply"
              },
              "description": {},
              "slug": "other-healthcare-supply",
              "keywords": { "en": [], "ar": []},
              "children": []
            },
            {
              "name": {
                "en": "Rehabilitation Therapy Supplies"
              },
              "description": {},
              "slug": "rehabilitation-therapy-supplies",
              "keywords": { "en": [], "ar": []},
              "children": []
            }
          ]
        },
        {
          "name": {
            "en": "Healthcare Supplement"
          },
          "description": {},
          "slug": "healthcare-supplement",
          "keywords": { "en": [], "ar": []},
          "children": []
        },
        {
          "name": {
            "en": "Massager Products"
          },
          "description": {},
          "slug": "massager-products",
          "keywords": { "en": [], "ar": []},
          "children": [
            {
              "name": {
                "en": "Foot Tub"
              },
              "description": {},
              "slug": "foot-tub",
              "keywords": { "en": [], "ar": []},
              "children": []
            },
            {
              "name": {
                "en": "Jade Roller"
              },
              "description": {},
              "slug": "massager-products-jade-roller",
              "keywords": { "en": [], "ar": []},
              "children": []
            },
            {
              "name": {
                "en": "Massage Belt"
              },
              "description": {},
              "slug": "massage-belt",
              "keywords": { "en": [], "ar": []},
              "children": []
            },
            {
              "name": {
                "en": "Massage Chair"
              },
              "description": {},
              "slug": "massage-chair",
              "keywords": { "en": [], "ar": []},
              "children": []
            },
            {
              "name": {
                "en": "Massage Cushion"
              },
              "description": {},
              "slug": "massage-cushion",
              "keywords": { "en": [], "ar": []},
              "children": []
            },
            {
              "name": {
                "en": "Massage Gun"
              },
              "description": {},
              "slug": "massage-gun",
              "keywords": { "en": [], "ar": []},
              "children": []
            },
            {
              "name": {
                "en": "Massage Hammer"
              },
              "description": {},
              "slug": "massage-hammer",
              "keywords": { "en": [], "ar": []},
              "children": []
            },
            {
              "name": {
                "en": "Massage Mattress"
              },
              "description": {},
              "slug": "massage-mattress",
              "keywords": { "en": [], "ar": []},
              "children": []
            },
            {
              "name": {
                "en": "Massage Pillow"
              },
              "description": {},
              "slug": "massage-pillow",
              "keywords": { "en": [], "ar": []},
              "children": []
            },
            {
              "name": {
                "en": "Massage Tools"
              },
              "description": {},
              "slug": "massage-tools",
              "keywords": { "en": [], "ar": []},
              "children": []
            },
            {
              "name": {
                "en": "Other Massage Products"
              },
              "description": {},
              "slug": "other-massage-products",
              "keywords": { "en": [], "ar": []},
              "children": []
            },
            {
              "name": {
                "en": "Other Massager Products"
              },
              "description": {},
              "slug": "other-massager-products",
              "keywords": { "en": [], "ar": []},
              "children": []
            }
          ]
        }
      ]
    },
    {
      "name": {
        "en": "Herbal Medicine"
      },
      "description": {},
      "slug": "herbal-medicine",
      "keywords": { "en": [], "ar": []},
      "children": []
    },
    {
      "name": {
        "en": "Medical Consumables"
      },
      "description": {},
      "slug": "medical-consumables",
      "keywords": { "en": [], "ar": []},
      "children": []
    },
    {
      "name": {
        "en": "Medical Devices"
      },
      "description": {},
      "slug": "medical-devices",
      "keywords": { "en": [], "ar": []},
      "children": [
        {
          "name": {
            "en": "Breathing, Anesthesia and Emergency Apparatus"
          },
          "description": {},
          "slug": "breathing-anesthesia-and-emergency-apparatus",
          "keywords": { "en": [], "ar": []},
          "children": []
        },
        {
          "name": {
            "en": "Clinical Analytical Instruments"
          },
          "description": {},
          "slug": "clinical-analytical-instruments",
          "keywords": { "en": [], "ar": []},
          "children": []
        },
        {
          "name": {
            "en": "Dental Equipments"
          },
          "description": {},
          "slug": "dental-equipments",
          "keywords": { "en": [], "ar": []},
          "children": []
        },
        {
          "name": {
            "en": "Diagnostic and Monitoring Apparatus"
          },
          "description": {},
          "slug": "diagnostic-and-monitoring-apparatus",
          "keywords": { "en": [], "ar": []},
          "children": []
        },
        {
          "name": {
            "en": "Emergency Medical Supplies & Training"
          },
          "description": {},
          "slug": "emergency-medical-supplies-and-training",
          "keywords": { "en": [], "ar": []},
          "children": []
        },
        {
          "name": {
            "en": "Equipments of Traditional Chinese Medicine"
          },
          "description": {},
          "slug": "equipments-of-traditional-chinese-medicine",
          "keywords": { "en": [], "ar": []},
          "children": []
        },
        {
          "name": {
            "en": "Hospital Furniture"
          },
          "description": {},
          "slug": "medical-devices-hospital-furniture",
          "keywords": { "en": [], "ar": []},
          "children": [
            {
              "name": {
                "en": "Hospital Beds"
              },
              "description": {},
              "slug": "medical-devices-hospital-furniture-hospital-beds",
              "keywords": { "en": [], "ar": []},
              "children": []
            },
            {
              "name": {
                "en": "Hospital Chairs"
              },
              "description": {},
              "slug": "medical-devices-hospital-furniture-hospital-chairs",
              "keywords": { "en": [], "ar": []},
              "children": []
            },
            {
              "name": {
                "en": "Hospital Trolley"
              },
              "description": {},
              "slug": "medical-devices-hospital-furniture-hospital-trolley",
              "keywords": { "en": [], "ar": []},
              "children": []
            },
            {
              "name": {
                "en": "Other Hospital Furniture"
              },
              "description": {},
              "slug": "medical-devices-hospital-furniture-other-hospital-furniture",
              "keywords": { "en": [], "ar": []},
              "children": []
            }
          ]
        },
        {
          "name": {
            "en": "Implants & Interventional Materials"
          },
          "description": {},
          "slug": "implants-and-interventional-materials",
          "keywords": { "en": [], "ar": []},
          "children": []
        },
        {
          "name": {
            "en": "Infusion, Nursing and Protective Instruments"
          },
          "description": {},
          "slug": "infusion-nursing-and-protective-instruments",
          "keywords": { "en": [], "ar": []},
          "children": []
        },
        {
          "name": {
            "en": "Medical Cryogenic Equipments"
          },
          "description": {},
          "slug": "medical-cryogenic-equipments",
          "keywords": { "en": [], "ar": []},
          "children": []
        },
        {
          "name": {
            "en": "Medical Imaging Equipment"
          },
          "description": {},
          "slug": "medical-imaging-equipment",
          "keywords": { "en": [], "ar": []},
          "children": []
        },
        {
          "name": {
            "en": "Medical Software"
          },
          "description": {},
          "slug": "medical-software",
          "keywords": { "en": [], "ar": []},
          "children": []
        },
        {
          "name": {
            "en": "Obstetrics and Gynecology, assisted repr"
          },
          "description": {},
          "slug": "obstetrics-and-gynecology-assisted-repr",
          "keywords": { "en": [], "ar": []},
          "children": []
        },
        {
          "name": {
            "en": "Optical Equipment"
          },
          "description": {},
          "slug": "optical-equipment",
          "keywords": { "en": [], "ar": []},
          "children": []
        },
        {
          "name": {
            "en": "Patient Carrying Equipment"
          },
          "description": {},
          "slug": "patient-carrying-equipment",
          "keywords": { "en": [], "ar": []},
          "children": []
        },
        {
          "name": {
            "en": "Physical Therapy Equipments"
          },
          "description": {},
          "slug": "physical-therapy-equipments",
          "keywords": { "en": [], "ar": []},
          "children": []
        },
        {
          "name": {
            "en": "Radiology Equipments & Accessories"
          },
          "description": {},
          "slug": "radiology-equipments-and-accessories",
          "keywords": { "en": [], "ar": []},
          "children": []
        },
        {
          "name": {
            "en": "Rehabilitation Equipment"
          },
          "description": {},
          "slug": "rehabilitation-equipment",
          "keywords": { "en": [], "ar": []},
          "children": []
        },
        {
          "name": {
            "en": "Sterilization Equipments"
          },
          "description": {},
          "slug": "sterilization-equipments",
          "keywords": { "en": [], "ar": []},
          "children": []
        },
        {
          "name": {
            "en": "Surgical Instruments"
          },
          "description": {},
          "slug": "surgical-instruments",
          "keywords": { "en": [], "ar": []},
          "children": [
            {
              "name": {
                "en": "Active Surgical Instruments"
              },
              "description": {},
              "slug": "active-surgical-instruments",
              "keywords": { "en": [], "ar": []},
              "children": []
            },
            {
              "name": {
                "en": "Bone Surgical Instruments"
              },
              "description": {},
              "slug": "bone-surgical-instruments",
              "keywords": { "en": [], "ar": []},
              "children": []
            },
            {
              "name": {
                "en": "Nerve and cardiovascular surgical instru"
              },
              "description": {},
              "slug": "nerve-and-cardiovascular-surgical-instru",
              "keywords": { "en": [], "ar": []},
              "children": []
            },
            {
              "name": {
                "en": "Non-active Surgical Instruments"
              },
              "description": {},
              "slug": "non-active-surgical-instruments",
              "keywords": { "en": [], "ar": []},
              "children": []
            }
          ]
        },
        {
          "name": {
            "en": "Transfusion, Dialysis & Circulaiton"
          },
          "description": {},
          "slug": "transfusion-dialysis-and-circulaiton",
          "keywords": { "en": [], "ar": []},
          "children": []
        }
      ]
    },
    {
      "name": {
        "en": "Medicine"
      },
      "description": {},
      "slug": "medicine",
      "keywords": { "en": [], "ar": []},
      "children": [
        {
          "name": {
            "en": "Breathing, Anesthesia and Emergency Apparatus"
          },
          "description": {},
          "slug": "medicine-breathing-anesthesia-and-emergency-apparatus",
          "keywords": { "en": [], "ar": []},
          "children": []
        },
        {
          "name": {
            "en": "Clinical Analytical Instruments"
          },
          "description": {},
          "slug": "medicine-clinical-analytical-instruments",
          "keywords": { "en": [], "ar": []},
          "children": []
        },
        {
          "name": {
            "en": "Dental Equipments"
          },
          "description": {},
          "slug": "medicine-dental-equipments",
          "keywords": { "en": [], "ar": []},
          "children": []
        },
        {
          "name": {
            "en": "Diagnostic and Monitoring Apparatus"
          },
          "description": {},
          "slug": "medicine-diagnostic-and-monitoring-apparatus",
          "keywords": { "en": [], "ar": []},
          "children": []
        },
        {
          "name": {
            "en": "Emergency Medical Supplies & Training"
          },
          "description": {},
          "slug": "medicine-emergency-medical-supplies-and-training",
          "keywords": { "en": [], "ar": []},
          "children": []
        },
        {
          "name": {
            "en": "Equipments of Traditional Chinese Medicine"
          },
          "description": {},
          "slug": "medicine-equipments-of-traditional-chinese-medicine",
          "keywords": { "en": [], "ar": []},
          "children": []
        },
        {
          "name": {
            "en": "Hospital Furniture"
          },
          "description": {},
          "slug": "medicine-hospital-furniture",
          "keywords": { "en": [], "ar": []},
          "children": [
            {
              "name": {
                "en": "Hospital Beds"
              },
              "description": {},
              "slug": "medicine-hospital-furniture-hospital-beds",
              "keywords": { "en": [], "ar": []},
              "children": []
            },
            {
              "name": {
                "en": "Hospital Chairs"
              },
              "description": {},
              "slug": "medicine-hospital-furniture-hospital-chairs",
              "keywords": { "en": [], "ar": []},
              "children": []
            },
            {
              "name": {
                "en": "Hospital Trolley"
              },
              "description": {},
              "slug": "medicine-hospital-furniture-hospital-trolley",
              "keywords": { "en": [], "ar": []},
              "children": []
            },
            {
              "name": {
                "en": "Other Hospital Furniture"
              },
              "description": {},
              "slug": "medicine-hospital-furniture-other-hospital-furniture",
              "keywords": { "en": [], "ar": []},
              "children": []
            }
          ]
        },
        {
          "name": {
            "en": "Implants & Interventional Materials"
          },
          "description": {},
          "slug": "medicine-implants-and-interventional-materials",
          "keywords": { "en": [], "ar": []},
          "children": []
        },
        {
          "name": {
            "en": "Infusion, Nursing and Protective Instruments"
          },
          "description": {},
          "slug": "medicine-infusion-nursing-and-protective-instruments",
          "keywords": { "en": [], "ar": []},
          "children": []
        },
        {
          "name": {
            "en": "Medical Cryogenic Equipments"
          },
          "description": {},
          "slug": "medicine-medical-cryogenic-equipments",
          "keywords": { "en": [], "ar": []},
          "children": []
        },
        {
          "name": {
            "en": "Medical Imaging Equipment"
          },
          "description": {},
          "slug": "medicine-medical-imaging-equipment",
          "keywords": { "en": [], "ar": []},
          "children": []
        },
        {
          "name": {
            "en": "Medical Software"
          },
          "description": {},
          "slug": "medicine-medical-software",
          "keywords": { "en": [], "ar": []},
          "children": []
        },
        {
          "name": {
            "en": "Obstetrics and Gynecology, assisted repr"
          },
          "description": {},
          "slug": "medicine-obstetrics-and-gynecology-assisted-repr",
          "keywords": { "en": [], "ar": []},
          "children": []
        },
        {
          "name": {
            "en": "Optical Equipment"
          },
          "description": {},
          "slug": "medicine-optical-equipment",
          "keywords": { "en": [], "ar": []},
          "children": []
        },
        {
          "name": {
            "en": "Patient Carrying Equipment"
          },
          "description": {},
          "slug": "medicine-patient-carrying-equipment",
          "keywords": { "en": [], "ar": []},
          "children": []
        },
        {
          "name": {
            "en": "Physical Therapy Equipments"
          },
          "description": {},
          "slug": "medicine-physical-therapy-equipments",
          "keywords": { "en": [], "ar": []},
          "children": []
        },
        {
          "name": {
            "en": "Radiology Equipments & Accessories"
          },
          "description": {},
          "slug": "medicine-radiology-equipments-and-accessories",
          "keywords": { "en": [], "ar": []},
          "children": []
        },
        {
          "name": {
            "en": "Rehabilitation Equipment"
          },
          "description": {},
          "slug": "medicine-rehabilitation-equipment",
          "keywords": { "en": [], "ar": []},
          "children": []
        },
        {
          "name": {
            "en": "Sterilization Equipments"
          },
          "description": {},
          "slug": "medicine-sterilization-equipments",
          "keywords": { "en": [], "ar": []},
          "children": []
        },
        {
          "name": {
            "en": "Surgical Instruments"
          },
          "description": {},
          "slug": "medicine-surgical-instruments",
          "keywords": { "en": [], "ar": []},
          "children": [
            {
              "name": {
                "en": "Active Surgical Instruments"
              },
              "description": {},
              "slug": "medicine-surgical-instruments-active-surgical-instruments",
              "keywords": { "en": [], "ar": []},
              "children": []
            },
            {
              "name": {
                "en": "Bone Surgical Instruments"
              },
              "description": {},
              "slug": "medicine-surgical-instruments-bone-surgical-instruments",
              "keywords": { "en": [], "ar": []},
              "children": []
            },
            {
              "name": {
                "en": "Nerve and cardiovascular surgical instru"
              },
              "description": {},
              "slug": "medicine-surgical-instruments-nerve-and-cardiovascular-surgical-instru",
              "keywords": { "en": [], "ar": []},
              "children": []
            },
            {
              "name": {
                "en": "Non-active Surgical Instruments"
              },
              "description": {},
              "slug": "medicine-surgical-instruments-non-active-surgical-instruments",
              "keywords": { "en": [], "ar": []},
              "children": []
            }
          ]
        },
        {
          "name": {
            "en": "Transfusion, Dialysis & Circulaiton"
          },
          "description": {},
          "slug": "medicine-transfusion-dialysis-and-circulaiton",
          "keywords": { "en": [], "ar": []},
          "children": []
        }
      ]
    },
    {
      "name": {
        "en": "Pharmaceutical"
      },
      "description": {},
      "slug": "pharmaceutical",
      "keywords": { "en": [], "ar": []},
      "children": []
    },
    {
      "name": {
        "en": "Sex Products"
      },
      "description": {},
      "slug": "sex-products",
      "keywords": { "en": [], "ar": []},
      "children": [
        {
          "name": {
            "en": "Other Sex Products"
          },
          "description": {},
          "slug": "other-sex-products",
          "keywords": { "en": [], "ar": []},
          "children": []
        },
        {
          "name": {
            "en": "Safer Sex"
          },
          "description": {},
          "slug": "safer-sex",
          "keywords": { "en": [], "ar": []},
          "children": [
            {
              "name": {
                "en": "Condoms"
              },
              "description": {},
              "slug": "condoms",
              "keywords": { "en": [], "ar": []},
              "children": []
            },
            {
              "name": {
                "en": "Lubricants"
              },
              "description": {},
              "slug": "lubricants",
              "keywords": { "en": [], "ar": []},
              "children": []
            },
            {
              "name": {
                "en": "Other Safer Sex"
              },
              "description": {},
              "slug": "other-safer-sex",
              "keywords": { "en": [], "ar": []},
              "children": []
            },
            {
              "name": {
                "en": "Test Strips"
              },
              "description": {},
              "slug": "test-strips",
              "keywords": { "en": [], "ar": []},
              "children": []
            }
          ]
        },
        {
          "name": {
            "en": "Sex Products"
          },
          "description": {},
          "slug": "sex-products-sex-products",
          "keywords": { "en": [], "ar": []},
          "children": []
        },
        {
          "name": {
            "en": "Sex Toys"
          },
          "description": {},
          "slug": "sex-toys",
          "keywords": { "en": [], "ar": []},
          "children": [
            {
              "name": {
                "en": "Anal Sex Toys"
              },
              "description": {},
              "slug": "anal-sex-toys",
              "keywords": { "en": [], "ar": []},
              "children": []
            },
            {
              "name": {
                "en": "Dildos"
              },
              "description": {},
              "slug": "dildos",
              "keywords": { "en": [], "ar": []},
              "children": []
            },
            {
              "name": {
                "en": "Massage Candles"
              },
              "description": {},
              "slug": "massage-candles",
              "keywords": { "en": [], "ar": []},
              "children": []
            },
            {
              "name": {
                "en": "Masturbators"
              },
              "description": {},
              "slug": "masturbators",
              "keywords": { "en": [], "ar": []},
              "children": []
            },
            {
              "name": {
                "en": "Other Sex Toys"
              },
              "description": {},
              "slug": "other-sex-toys",
              "keywords": { "en": [], "ar": []},
              "children": []
            },
            {
              "name": {
                "en": "Penis Rings"
              },
              "description": {},
              "slug": "penis-rings",
              "keywords": { "en": [], "ar": []},
              "children": []
            },
            {
              "name": {
                "en": "Sex Dolls"
              },
              "description": {},
              "slug": "sex-dolls",
              "keywords": { "en": [], "ar": []},
              "children": []
            },
            {
              "name": {
                "en": "Vagina Balls"
              },
              "description": {},
              "slug": "vagina-balls",
              "keywords": { "en": [], "ar": []},
              "children": []
            },
            {
              "name": {
                "en": "Vibrators"
              },
              "description": {},
              "slug": "vibrators",
              "keywords": { "en": [], "ar": []},
              "children": []
            }
          ]
        },
        {
          "name": {
            "en": "Sex Underwear"
          },
          "description": {},
          "slug": "sex-underwear",
          "keywords": { "en": [], "ar": []},
          "children": []
        },
        {
          "name": {
            "en": "SM Products"
          },
          "description": {},
          "slug": "sm-products",
          "keywords": { "en": [], "ar": []},
          "children": [
            {
              "name": {
                "en": "Bondage Gear"
              },
              "description": {},
              "slug": "bondage-gear",
              "keywords": { "en": [], "ar": []},
              "children": []
            },
            {
              "name": {
                "en": "Other SM Products"
              },
              "description": {},
              "slug": "other-sm-products",
              "keywords": { "en": [], "ar": []},
              "children": []
            },
            {
              "name": {
                "en": "Sex Furniture"
              },
              "description": {},
              "slug": "sex-furniture",
              "keywords": { "en": [], "ar": []},
              "children": []
            },
            {
              "name": {
                "en": "Themed Toys"
              },
              "description": {},
              "slug": "themed-toys",
              "keywords": { "en": [], "ar": []},
              "children": []
            }
          ]
        }
      ]
    }
  ]
}
