{
  "name": {
    "en": "Home Appliances"
  },
  "description": {},
  "slug": "home-appliances",
  "keywords": { "en": [], "ar": []},
  "children": [
    {
      "name": {
        "en": "Air Conditioning Appliances"
      },
      "description": {},
      "slug": "air-conditioning-appliances",
      "keywords": { "en": [], "ar": []},
      "children": [
        {
          "name": {
            "en": "Air Conditioners"
          },
          "description": {},
          "slug": "air-conditioners",
          "keywords": { "en": [], "ar": []},
          "children": []
        },
        {
          "name": {
            "en": "Air Purifiers"
          },
          "description": {},
          "slug": "air-purifiers",
          "keywords": { "en": [], "ar": []},
          "children": []
        },
        {
          "name": {
            "en": "Compact Ventilation Devices"
          },
          "description": {},
          "slug": "compact-ventilation-devices",
          "keywords": { "en": [], "ar": []},
          "children": []
        },
        {
          "name": {
            "en": "Dehumidifiers"
          },
          "description": {},
          "slug": "dehumidifiers",
          "keywords": { "en": [], "ar": []},
          "children": []
        },
        {
          "name": {
            "en": "Fans"
          },
          "description": {},
          "slug": "fans",
          "keywords": { "en": [], "ar": []},
          "children": []
        },
        {
          "name": {
            "en": "Humidifiers"
          },
          "description": {},
          "slug": "humidifiers",
          "keywords": { "en": [], "ar": []},
          "children": []
        },
        {
          "name": {
            "en": "Other Air Conditioning Appliances"
          },
          "description": {},
          "slug": "other-air-conditioning-appliances",
          "keywords": { "en": [], "ar": []},
          "children": []
        }
      ]
    },
    {
      "name": {
        "en": "Beauty & Personal Care Appliance"
      },
      "description": {},
      "slug": "beauty-and-personal-care-appliance",
      "keywords": { "en": [], "ar": []},
      "children": [
        {
          "name": {
            "en": "Curling Irons"
          },
          "description": {},
          "slug": "curling-irons",
          "keywords": { "en": [], "ar": []},
          "children": []
        },
        {
          "name": {
            "en": "Electric Hair Brushes"
          },
          "description": {},
          "slug": "electric-hair-brushes",
          "keywords": { "en": [], "ar": []},
          "children": []
        },
        {
          "name": {
            "en": "Electric Hair Cap"
          },
          "description": {},
          "slug": "electric-hair-cap",
          "keywords": { "en": [], "ar": []},
          "children": []
        },
        {
          "name": {
            "en": "Electric Shavers"
          },
          "description": {},
          "slug": "electric-shavers",
          "keywords": { "en": [], "ar": []},
          "children": []
        },
        {
          "name": {
            "en": "Electric Toothbrush"
          },
          "description": {},
          "slug": "electric-toothbrush",
          "keywords": { "en": [], "ar": []},
          "children": []
        },
        {
          "name": {
            "en": "Electronic Foot File"
          },
          "description": {},
          "slug": "electronic-foot-file",
          "keywords": { "en": [], "ar": []},
          "children": []
        },
        {
          "name": {
            "en": "Epilator"
          },
          "description": {},
          "slug": "epilator",
          "keywords": { "en": [], "ar": []},
          "children": []
        },
        {
          "name": {
            "en": "Facial Steamer"
          },
          "description": {},
          "slug": "facial-steamer",
          "keywords": { "en": [], "ar": []},
          "children": []
        },
        {
          "name": {
            "en": "Hair Dryer"
          },
          "description": {},
          "slug": "hair-dryer",
          "keywords": { "en": [], "ar": []},
          "children": []
        },
        {
          "name": {
            "en": "Hair Straightener"
          },
          "description": {},
          "slug": "hair-straightener",
          "keywords": { "en": [], "ar": []},
          "children": []
        },
        {
          "name": {
            "en": "Hair Trimmer"
          },
          "description": {},
          "slug": "hair-trimmer",
          "keywords": { "en": [], "ar": []},
          "children": []
        },
        {
          "name": {
            "en": "Nose & Ear Trimmer"
          },
          "description": {},
          "slug": "nose-and-ear-trimmer",
          "keywords": { "en": [], "ar": []},
          "children": []
        },
        {
          "name": {
            "en": "Oral Irrigator"
          },
          "description": {},
          "slug": "oral-irrigator",
          "keywords": { "en": [], "ar": []},
          "children": []
        },
        {
          "name": {
            "en": "Other Personal Care Appliances"
          },
          "description": {},
          "slug": "other-personal-care-appliances",
          "keywords": { "en": [], "ar": []},
          "children": []
        },
        {
          "name": {
            "en": "Toothbrushes Head"
          },
          "description": {},
          "slug": "toothbrushes-head",
          "keywords": { "en": [], "ar": []},
          "children": []
        }
      ]
    },
    {
      "name": {
        "en": "Hand Dryers"
      },
      "description": {},
      "slug": "hand-dryers",
      "keywords": { "en": [], "ar": []},
      "children": []
    },
    {
      "name": {
        "en": "Home Appliance Parts"
      },
      "description": {},
      "slug": "home-appliance-parts",
      "keywords": { "en": [], "ar": []},
      "children": [
        {
          "name": {
            "en": "Air Conditioner Parts"
          },
          "description": {},
          "slug": "air-conditioner-parts",
          "keywords": { "en": [], "ar": []},
          "children": []
        },
        {
          "name": {
            "en": "Air Purifier Parts"
          },
          "description": {},
          "slug": "air-purifier-parts",
          "keywords": { "en": [], "ar": []},
          "children": []
        },
        {
          "name": {
            "en": "Clothes Dryer Parts"
          },
          "description": {},
          "slug": "clothes-dryer-parts",
          "keywords": { "en": [], "ar": []},
          "children": []
        },
        {
          "name": {
            "en": "Dehumidifier Parts"
          },
          "description": {},
          "slug": "dehumidifier-parts",
          "keywords": { "en": [], "ar": []},
          "children": []
        },
        {
          "name": {
            "en": "Electric Heater Parts"
          },
          "description": {},
          "slug": "electric-heater-parts",
          "keywords": { "en": [], "ar": []},
          "children": []
        },
        {
          "name": {
            "en": "Electric Iron Parts"
          },
          "description": {},
          "slug": "electric-iron-parts",
          "keywords": { "en": [], "ar": []},
          "children": []
        },
        {
          "name": {
            "en": "Electric Water Heater Parts"
          },
          "description": {},
          "slug": "electric-water-heater-parts",
          "keywords": { "en": [], "ar": []},
          "children": []
        },
        {
          "name": {
            "en": "Fan Parts"
          },
          "description": {},
          "slug": "fan-parts",
          "keywords": { "en": [], "ar": []},
          "children": []
        },
        {
          "name": {
            "en": "Freezer Parts"
          },
          "description": {},
          "slug": "freezer-parts",
          "keywords": { "en": [], "ar": []},
          "children": []
        },
        {
          "name": {
            "en": "Garment Steamer Parts"
          },
          "description": {},
          "slug": "garment-steamer-parts",
          "keywords": { "en": [], "ar": []},
          "children": []
        },
        {
          "name": {
            "en": "Gas Heater Parts"
          },
          "description": {},
          "slug": "gas-heater-parts",
          "keywords": { "en": [], "ar": []},
          "children": []
        },
        {
          "name": {
            "en": "Gas Water Heater Parts"
          },
          "description": {},
          "slug": "gas-water-heater-parts",
          "keywords": { "en": [], "ar": []},
          "children": []
        },
        {
          "name": {
            "en": "Hand Dryer Parts"
          },
          "description": {},
          "slug": "hand-dryer-parts",
          "keywords": { "en": [], "ar": []},
          "children": []
        },
        {
          "name": {
            "en": "Heat Pump Water Heater Parts"
          },
          "description": {},
          "slug": "heat-pump-water-heater-parts",
          "keywords": { "en": [], "ar": []},
          "children": []
        },
        {
          "name": {
            "en": "Humidifier Parts"
          },
          "description": {},
          "slug": "humidifier-parts",
          "keywords": { "en": [], "ar": []},
          "children": []
        },
        {
          "name": {
            "en": "Ice Maker Parts"
          },
          "description": {},
          "slug": "ice-maker-parts",
          "keywords": { "en": [], "ar": []},
          "children": []
        },
        {
          "name": {
            "en": "Kerosene Heater Parts"
          },
          "description": {},
          "slug": "kerosene-heater-parts",
          "keywords": { "en": [], "ar": []},
          "children": []
        },
        {
          "name": {
            "en": "Kitchen Appliance Parts"
          },
          "description": {},
          "slug": "kitchen-appliance-parts",
          "keywords": { "en": [], "ar": []},
          "children": [
            {
              "name": {
                "en": "3 in 1 Breakfast Maker Parts"
              },
              "description": {},
              "slug": "3-in-1-breakfast-maker-parts",
              "keywords": { "en": [], "ar": []},
              "children": []
            },
            {
              "name": {
                "en": "Blender Parts"
              },
              "description": {},
              "slug": "blender-parts",
              "keywords": { "en": [], "ar": []},
              "children": []
            },
            {
              "name": {
                "en": "Bread Maker Parts"
              },
              "description": {},
              "slug": "bread-maker-parts",
              "keywords": { "en": [], "ar": []},
              "children": []
            },
            {
              "name": {
                "en": "Chocolate Fountain Parts"
              },
              "description": {},
              "slug": "chocolate-fountain-parts",
              "keywords": { "en": [], "ar": []},
              "children": []
            },
            {
              "name": {
                "en": "Coffee Grinder Parts"
              },
              "description": {},
              "slug": "coffee-grinder-parts",
              "keywords": { "en": [], "ar": []},
              "children": []
            },
            {
              "name": {
                "en": "Coffee Maker Parts"
              },
              "description": {},
              "slug": "coffee-maker-parts",
              "keywords": { "en": [], "ar": []},
              "children": []
            },
            {
              "name": {
                "en": "Coffee Roaster Parts"
              },
              "description": {},
              "slug": "coffee-roaster-parts",
              "keywords": { "en": [], "ar": []},
              "children": []
            },
            {
              "name": {
                "en": "Cooktop Parts"
              },
              "description": {},
              "slug": "cooktop-parts",
              "keywords": { "en": [], "ar": []},
              "children": []
            },
            {
              "name": {
                "en": "Crepe Maker Parts"
              },
              "description": {},
              "slug": "crepe-maker-parts",
              "keywords": { "en": [], "ar": []},
              "children": []
            },
            {
              "name": {
                "en": "Dish Washer Parts"
              },
              "description": {},
              "slug": "dish-washer-parts",
              "keywords": { "en": [], "ar": []},
              "children": []
            },
            {
              "name": {
                "en": "Disinfecting Cabinet Parts"
              },
              "description": {},
              "slug": "disinfecting-cabinet-parts",
              "keywords": { "en": [], "ar": []},
              "children": []
            },
            {
              "name": {
                "en": "Egg Boiler Parts"
              },
              "description": {},
              "slug": "egg-boiler-parts",
              "keywords": { "en": [], "ar": []},
              "children": []
            },
            {
              "name": {
                "en": "Electric Air Pot Parts"
              },
              "description": {},
              "slug": "electric-air-pot-parts",
              "keywords": { "en": [], "ar": []},
              "children": []
            },
            {
              "name": {
                "en": "Electric Deep Fryer Parts"
              },
              "description": {},
              "slug": "electric-deep-fryer-parts",
              "keywords": { "en": [], "ar": []},
              "children": []
            },
            {
              "name": {
                "en": "Electric Kettle Parts"
              },
              "description": {},
              "slug": "electric-kettle-parts",
              "keywords": { "en": [], "ar": []},
              "children": []
            },
            {
              "name": {
                "en": "Electric Pressure Cooker Parts"
              },
              "description": {},
              "slug": "electric-pressure-cooker-parts",
              "keywords": { "en": [], "ar": []},
              "children": []
            },
            {
              "name": {
                "en": "Electric Skillet Parts"
              },
              "description": {},
              "slug": "electric-skillet-parts",
              "keywords": { "en": [], "ar": []},
              "children": []
            },
            {
              "name": {
                "en": "Food Mixer Parts"
              },
              "description": {},
              "slug": "food-mixer-parts",
              "keywords": { "en": [], "ar": []},
              "children": []
            },
            {
              "name": {
                "en": "Food Processor Parts"
              },
              "description": {},
              "slug": "food-processor-parts",
              "keywords": { "en": [], "ar": []},
              "children": []
            },
            {
              "name": {
                "en": "Food Steamer Parts"
              },
              "description": {},
              "slug": "food-steamer-parts",
              "keywords": { "en": [], "ar": []},
              "children": []
            },
            {
              "name": {
                "en": "Food Waste Disposer Parts"
              },
              "description": {},
              "slug": "food-waste-disposer-parts",
              "keywords": { "en": [], "ar": []},
              "children": []
            },
            {
              "name": {
                "en": "Hot Plate Parts"
              },
              "description": {},
              "slug": "hot-plate-parts",
              "keywords": { "en": [], "ar": []},
              "children": []
            },
            {
              "name": {
                "en": "Ice Cream Maker Parts"
              },
              "description": {},
              "slug": "ice-cream-maker-parts",
              "keywords": { "en": [], "ar": []},
              "children": []
            },
            {
              "name": {
                "en": "Induction Cooker Parts"
              },
              "description": {},
              "slug": "induction-cooker-parts",
              "keywords": { "en": [], "ar": []},
              "children": []
            },
            {
              "name": {
                "en": "Juicer Parts"
              },
              "description": {},
              "slug": "juicer-parts",
              "keywords": { "en": [], "ar": []},
              "children": []
            },
            {
              "name": {
                "en": "Meat Grinder Parts"
              },
              "description": {},
              "slug": "meat-grinder-parts",
              "keywords": { "en": [], "ar": []},
              "children": []
            },
            {
              "name": {
                "en": "Microwave Oven Parts"
              },
              "description": {},
              "slug": "microwave-oven-parts",
              "keywords": { "en": [], "ar": []},
              "children": []
            },
            {
              "name": {
                "en": "Oven Parts"
              },
              "description": {},
              "slug": "oven-parts",
              "keywords": { "en": [], "ar": []},
              "children": []
            },
            {
              "name": {
                "en": "Pancake Maker Parts"
              },
              "description": {},
              "slug": "pancake-maker-parts",
              "keywords": { "en": [], "ar": []},
              "children": []
            },
            {
              "name": {
                "en": "Popcorn Maker Parts"
              },
              "description": {},
              "slug": "popcorn-maker-parts",
              "keywords": { "en": [], "ar": []},
              "children": []
            },
            {
              "name": {
                "en": "Range Hood Parts"
              },
              "description": {},
              "slug": "range-hood-parts",
              "keywords": { "en": [], "ar": []},
              "children": []
            },
            {
              "name": {
                "en": "Range Parts"
              },
              "description": {},
              "slug": "range-parts",
              "keywords": { "en": [], "ar": []},
              "children": []
            },
            {
              "name": {
                "en": "Rice Cooker Parts"
              },
              "description": {},
              "slug": "rice-cooker-parts",
              "keywords": { "en": [], "ar": []},
              "children": []
            },
            {
              "name": {
                "en": "Rotisserie Parts"
              },
              "description": {},
              "slug": "rotisserie-parts",
              "keywords": { "en": [], "ar": []},
              "children": []
            },
            {
              "name": {
                "en": "Sandwich Maker Parts"
              },
              "description": {},
              "slug": "sandwich-maker-parts",
              "keywords": { "en": [], "ar": []},
              "children": []
            },
            {
              "name": {
                "en": "Slow Cooker Parts"
              },
              "description": {},
              "slug": "slow-cooker-parts",
              "keywords": { "en": [], "ar": []},
              "children": []
            },
            {
              "name": {
                "en": "Toaster Oven Parts"
              },
              "description": {},
              "slug": "toaster-oven-parts",
              "keywords": { "en": [], "ar": []},
              "children": []
            },
            {
              "name": {
                "en": "Toaster Parts"
              },
              "description": {},
              "slug": "toaster-parts",
              "keywords": { "en": [], "ar": []},
              "children": []
            },
            {
              "name": {
                "en": "Vegetable Washer Parts"
              },
              "description": {},
              "slug": "vegetable-washer-parts",
              "keywords": { "en": [], "ar": []},
              "children": []
            },
            {
              "name": {
                "en": "Waffle Maker Parts"
              },
              "description": {},
              "slug": "waffle-maker-parts",
              "keywords": { "en": [], "ar": []},
              "children": []
            },
            {
              "name": {
                "en": "Yogurt Maker Parts"
              },
              "description": {},
              "slug": "yogurt-maker-parts",
              "keywords": { "en": [], "ar": []},
              "children": []
            }
          ]
        },
        {
          "name": {
            "en": "Other Home Appliance Parts"
          },
          "description": {},
          "slug": "other-home-appliance-parts",
          "keywords": { "en": [], "ar": []},
          "children": []
        },
        {
          "name": {
            "en": "Refrigerator Parts"
          },
          "description": {},
          "slug": "refrigerator-parts",
          "keywords": { "en": [], "ar": []},
          "children": []
        },
        {
          "name": {
            "en": "Solar Water Heater Parts"
          },
          "description": {},
          "slug": "solar-water-heater-parts",
          "keywords": { "en": [], "ar": []},
          "children": []
        },
        {
          "name": {
            "en": "Steam Cleaner Parts"
          },
          "description": {},
          "slug": "steam-cleaner-parts",
          "keywords": { "en": [], "ar": []},
          "children": []
        },
        {
          "name": {
            "en": "Steam Press Parts"
          },
          "description": {},
          "slug": "steam-press-parts",
          "keywords": { "en": [], "ar": []},
          "children": []
        },
        {
          "name": {
            "en": "Ultrasonic Cleaner Parts"
          },
          "description": {},
          "slug": "ultrasonic-cleaner-parts",
          "keywords": { "en": [], "ar": []},
          "children": []
        },
        {
          "name": {
            "en": "Vacuum Cleaner Parts"
          },
          "description": {},
          "slug": "vacuum-cleaner-parts",
          "keywords": { "en": [], "ar": []},
          "children": []
        },
        {
          "name": {
            "en": "Washing Machine Parts"
          },
          "description": {},
          "slug": "washing-machine-parts",
          "keywords": { "en": [], "ar": []},
          "children": []
        },
        {
          "name": {
            "en": "Water Dispenser Parts"
          },
          "description": {},
          "slug": "water-dispenser-parts",
          "keywords": { "en": [], "ar": []},
          "children": []
        },
        {
          "name": {
            "en": "Water Filter Parts"
          },
          "description": {},
          "slug": "water-filter-parts",
          "keywords": { "en": [], "ar": []},
          "children": []
        },
        {
          "name": {
            "en": "Water Softener Parts"
          },
          "description": {},
          "slug": "water-softener-parts",
          "keywords": { "en": [], "ar": []},
          "children": []
        },
        {
          "name": {
            "en": "Wet Towel Dispenser Parts"
          },
          "description": {},
          "slug": "wet-towel-dispenser-parts",
          "keywords": { "en": [], "ar": []},
          "children": []
        },
        {
          "name": {
            "en": "Wine Refrigerator Parts"
          },
          "description": {},
          "slug": "wine-refrigerator-parts",
          "keywords": { "en": [], "ar": []},
          "children": []
        }
      ]
    },
    {
      "name": {
        "en": "Home Appliances Stocks"
      },
      "description": {},
      "slug": "home-appliances-stocks",
      "keywords": { "en": [], "ar": []},
      "children": []
    },
    {
      "name": {
        "en": "Home Heaters"
      },
      "description": {},
      "slug": "home-heaters",
      "keywords": { "en": [], "ar": []},
      "children": [
        {
          "name": {
            "en": "Electric Fireplaces"
          },
          "description": {},
          "slug": "electric-fireplaces",
          "keywords": { "en": [], "ar": []},
          "children": []
        },
        {
          "name": {
            "en": "Electric Heaters"
          },
          "description": {},
          "slug": "electric-heaters",
          "keywords": { "en": [], "ar": []},
          "children": []
        },
        {
          "name": {
            "en": "Gas Heaters"
          },
          "description": {},
          "slug": "gas-heaters",
          "keywords": { "en": [], "ar": []},
          "children": []
        },
        {
          "name": {
            "en": "Kerosene Heaters"
          },
          "description": {},
          "slug": "kerosene-heaters",
          "keywords": { "en": [], "ar": []},
          "children": []
        },
        {
          "name": {
            "en": "Other Home Heaters"
          },
          "description": {},
          "slug": "other-home-heaters",
          "keywords": { "en": [], "ar": []},
          "children": []
        }
      ]
    },
    {
      "name": {
        "en": "Kitchen Appliances"
      },
      "description": {},
      "slug": "kitchen-appliances",
      "keywords": { "en": [], "ar": []},
      "children": [
        {
          "name": {
            "en": "Blenders"
          },
          "description": {},
          "slug": "blenders",
          "keywords": { "en": [], "ar": []},
          "children": []
        },
        {
          "name": {
            "en": "Coffee Grinders"
          },
          "description": {},
          "slug": "coffee-grinders",
          "keywords": { "en": [], "ar": []},
          "children": []
        },
        {
          "name": {
            "en": "Coffee Makers"
          },
          "description": {},
          "slug": "coffee-makers",
          "keywords": { "en": [], "ar": []},
          "children": []
        },
        {
          "name": {
            "en": "Coffee Roasters"
          },
          "description": {},
          "slug": "coffee-roasters",
          "keywords": { "en": [], "ar": []},
          "children": []
        },
        {
          "name": {
            "en": "Cooking Appliances"
          },
          "description": {},
          "slug": "cooking-appliances",
          "keywords": { "en": [], "ar": []},
          "children": [
            {
              "name": {
                "en": "3 in 1 Breakfast Makers"
              },
              "description": {},
              "slug": "3-in-1-breakfast-makers",
              "keywords": { "en": [], "ar": []},
              "children": []
            },
            {
              "name": {
                "en": "Bread Makers"
              },
              "description": {},
              "slug": "bread-makers",
              "keywords": { "en": [], "ar": []},
              "children": []
            },
            {
              "name": {
                "en": "Chocolate Fountains"
              },
              "description": {},
              "slug": "chocolate-fountains",
              "keywords": { "en": [], "ar": []},
              "children": []
            },
            {
              "name": {
                "en": "Cooktops"
              },
              "description": {},
              "slug": "cooktops",
              "keywords": { "en": [], "ar": []},
              "children": []
            },
            {
              "name": {
                "en": "Crepe Makers"
              },
              "description": {},
              "slug": "crepe-makers",
              "keywords": { "en": [], "ar": []},
              "children": []
            },
            {
              "name": {
                "en": "Egg Boilers"
              },
              "description": {},
              "slug": "egg-boilers",
              "keywords": { "en": [], "ar": []},
              "children": []
            },
            {
              "name": {
                "en": "Electric Deep Fryers"
              },
              "description": {},
              "slug": "electric-deep-fryers",
              "keywords": { "en": [], "ar": []},
              "children": []
            },
            {
              "name": {
                "en": "Electric Food Steamers"
              },
              "description": {},
              "slug": "electric-food-steamers",
              "keywords": { "en": [], "ar": []},
              "children": []
            },
            {
              "name": {
                "en": "Electric Grills & Electric Griddles"
              },
              "description": {},
              "slug": "electric-grills-and-electric-griddles",
              "keywords": { "en": [], "ar": []},
              "children": []
            },
            {
              "name": {
                "en": "Electric Pressure Cookers"
              },
              "description": {},
              "slug": "electric-pressure-cookers",
              "keywords": { "en": [], "ar": []},
              "children": []
            },
            {
              "name": {
                "en": "Electric Skillets"
              },
              "description": {},
              "slug": "electric-skillets",
              "keywords": { "en": [], "ar": []},
              "children": []
            },
            {
              "name": {
                "en": "Hot Plates"
              },
              "description": {},
              "slug": "hot-plates",
              "keywords": { "en": [], "ar": []},
              "children": []
            },
            {
              "name": {
                "en": "Induction Cookers"
              },
              "description": {},
              "slug": "induction-cookers",
              "keywords": { "en": [], "ar": []},
              "children": []
            },
            {
              "name": {
                "en": "Microwave Ovens"
              },
              "description": {},
              "slug": "microwave-ovens",
              "keywords": { "en": [], "ar": []},
              "children": []
            },
            {
              "name": {
                "en": "Ovens"
              },
              "description": {},
              "slug": "ovens",
              "keywords": { "en": [], "ar": []},
              "children": []
            },
            {
              "name": {
                "en": "Pancake Makers"
              },
              "description": {},
              "slug": "pancake-makers",
              "keywords": { "en": [], "ar": []},
              "children": []
            },
            {
              "name": {
                "en": "Range Hoods"
              },
              "description": {},
              "slug": "range-hoods",
              "keywords": { "en": [], "ar": []},
              "children": []
            },
            {
              "name": {
                "en": "Ranges"
              },
              "description": {},
              "slug": "ranges",
              "keywords": { "en": [], "ar": []},
              "children": []
            },
            {
              "name": {
                "en": "Rice Cookers"
              },
              "description": {},
              "slug": "rice-cookers",
              "keywords": { "en": [], "ar": []},
              "children": []
            },
            {
              "name": {
                "en": "Rotisseries"
              },
              "description": {},
              "slug": "rotisseries",
              "keywords": { "en": [], "ar": []},
              "children": []
            },
            {
              "name": {
                "en": "Sandwich Makers"
              },
              "description": {},
              "slug": "sandwich-makers",
              "keywords": { "en": [], "ar": []},
              "children": []
            },
            {
              "name": {
                "en": "Slow Cookers"
              },
              "description": {},
              "slug": "slow-cookers",
              "keywords": { "en": [], "ar": []},
              "children": []
            },
            {
              "name": {
                "en": "Toaster Ovens"
              },
              "description": {},
              "slug": "toaster-ovens",
              "keywords": { "en": [], "ar": []},
              "children": []
            },
            {
              "name": {
                "en": "Toasters"
              },
              "description": {},
              "slug": "toasters",
              "keywords": { "en": [], "ar": []},
              "children": []
            },
            {
              "name": {
                "en": "Waffle Makers"
              },
              "description": {},
              "slug": "waffle-makers",
              "keywords": { "en": [], "ar": []},
              "children": []
            }
          ]
        },
        {
          "name": {
            "en": "Dish Washers"
          },
          "description": {},
          "slug": "dish-washers",
          "keywords": { "en": [], "ar": []},
          "children": []
        },
        {
          "name": {
            "en": "Disinfecting Cabinets"
          },
          "description": {},
          "slug": "disinfecting-cabinets",
          "keywords": { "en": [], "ar": []},
          "children": []
        },
        {
          "name": {
            "en": "Electric Air Pots"
          },
          "description": {},
          "slug": "electric-air-pots",
          "keywords": { "en": [], "ar": []},
          "children": []
        },
        {
          "name": {
            "en": "Electric Kettles"
          },
          "description": {},
          "slug": "electric-kettles",
          "keywords": { "en": [], "ar": []},
          "children": []
        },
        {
          "name": {
            "en": "Food Mixers"
          },
          "description": {},
          "slug": "food-mixers",
          "keywords": { "en": [], "ar": []},
          "children": []
        },
        {
          "name": {
            "en": "Food Processors"
          },
          "description": {},
          "slug": "food-processors",
          "keywords": { "en": [], "ar": []},
          "children": []
        },
        {
          "name": {
            "en": "Food Waste Disposers"
          },
          "description": {},
          "slug": "food-waste-disposers",
          "keywords": { "en": [], "ar": []},
          "children": []
        },
        {
          "name": {
            "en": "Ice Cream Makers"
          },
          "description": {},
          "slug": "ice-cream-makers",
          "keywords": { "en": [], "ar": []},
          "children": []
        },
        {
          "name": {
            "en": "Ice Crushers & Shavers"
          },
          "description": {},
          "slug": "ice-crushers-and-shavers",
          "keywords": { "en": [], "ar": []},
          "children": []
        },
        {
          "name": {
            "en": "Juicers"
          },
          "description": {},
          "slug": "juicers",
          "keywords": { "en": [], "ar": []},
          "children": []
        },
        {
          "name": {
            "en": "Meat Grinders"
          },
          "description": {},
          "slug": "meat-grinders",
          "keywords": { "en": [], "ar": []},
          "children": []
        },
        {
          "name": {
            "en": "Other Kitchen Appliances"
          },
          "description": {},
          "slug": "other-kitchen-appliances",
          "keywords": { "en": [], "ar": []},
          "children": []
        },
        {
          "name": {
            "en": "Popcorn Makers"
          },
          "description": {},
          "slug": "popcorn-makers",
          "keywords": { "en": [], "ar": []},
          "children": []
        },
        {
          "name": {
            "en": "Samovar Electric Kettles"
          },
          "description": {},
          "slug": "samovar-electric-kettles",
          "keywords": { "en": [], "ar": []},
          "children": []
        },
        {
          "name": {
            "en": "Vacuum Food Sealers"
          },
          "description": {},
          "slug": "vacuum-food-sealers",
          "keywords": { "en": [], "ar": []},
          "children": []
        },
        {
          "name": {
            "en": "Vegetable Washers"
          },
          "description": {},
          "slug": "vegetable-washers",
          "keywords": { "en": [], "ar": []},
          "children": []
        },
        {
          "name": {
            "en": "Yogurt Makers"
          },
          "description": {},
          "slug": "yogurt-makers",
          "keywords": { "en": [], "ar": []},
          "children": []
        }
      ]
    },
    {
      "name": {
        "en": "Laundry Appliances"
      },
      "description": {},
      "slug": "laundry-appliances",
      "keywords": { "en": [], "ar": []},
      "children": [
        {
          "name": {
            "en": "Clothes Dryers"
          },
          "description": {},
          "slug": "clothes-dryers",
          "keywords": { "en": [], "ar": []},
          "children": []
        },
        {
          "name": {
            "en": "Electric Irons"
          },
          "description": {},
          "slug": "electric-irons",
          "keywords": { "en": [], "ar": []},
          "children": []
        },
        {
          "name": {
            "en": "Garment Steamers"
          },
          "description": {},
          "slug": "garment-steamers",
          "keywords": { "en": [], "ar": []},
          "children": []
        },
        {
          "name": {
            "en": "Other Laundry Appliances"
          },
          "description": {},
          "slug": "other-laundry-appliances",
          "keywords": { "en": [], "ar": []},
          "children": []
        },
        {
          "name": {
            "en": "Steam Presses"
          },
          "description": {},
          "slug": "steam-presses",
          "keywords": { "en": [], "ar": []},
          "children": []
        },
        {
          "name": {
            "en": "Washing Machines"
          },
          "description": {},
          "slug": "washing-machines",
          "keywords": { "en": [], "ar": []},
          "children": []
        }
      ]
    },
    {
      "name": {
        "en": "Other Home Appliances"
      },
      "description": {},
      "slug": "other-home-appliances",
      "keywords": { "en": [], "ar": []},
      "children": []
    },
    {
      "name": {
        "en": "Refrigerators & Freezers"
      },
      "description": {},
      "slug": "refrigerators-and-freezers",
      "keywords": { "en": [], "ar": []},
      "children": [
        {
          "name": {
            "en": "Freezers"
          },
          "description": {},
          "slug": "freezers",
          "keywords": { "en": [], "ar": []},
          "children": []
        },
        {
          "name": {
            "en": "Ice Makers"
          },
          "description": {},
          "slug": "ice-makers",
          "keywords": { "en": [], "ar": []},
          "children": []
        },
        {
          "name": {
            "en": "Other Refrigerators & Freezers"
          },
          "description": {},
          "slug": "other-refrigerators-and-freezers",
          "keywords": { "en": [], "ar": []},
          "children": []
        },
        {
          "name": {
            "en": "Refrigerators"
          },
          "description": {},
          "slug": "refrigerators",
          "keywords": { "en": [], "ar": []},
          "children": []
        },
        {
          "name": {
            "en": "Wine Refrigerators"
          },
          "description": {},
          "slug": "wine-refrigerators",
          "keywords": { "en": [], "ar": []},
          "children": []
        }
      ]
    },
    {
      "name": {
        "en": "Ultrasonic Cleaners"
      },
      "description": {},
      "slug": "ultrasonic-cleaners",
      "keywords": { "en": [], "ar": []},
      "children": []
    },
    {
      "name": {
        "en": "Vacuum Cleaners & Floor Care"
      },
      "description": {},
      "slug": "vacuum-cleaners-and-floor-care",
      "keywords": { "en": [], "ar": []},
      "children": [
        {
          "name": {
            "en": "Electric Broom"
          },
          "description": {},
          "slug": "electric-broom",
          "keywords": { "en": [], "ar": []},
          "children": []
        },
        {
          "name": {
            "en": "Other Cleaning Appliances"
          },
          "description": {},
          "slug": "other-cleaning-appliances",
          "keywords": { "en": [], "ar": []},
          "children": []
        },
        {
          "name": {
            "en": "Robot Vacuums"
          },
          "description": {},
          "slug": "robot-vacuums",
          "keywords": { "en": [], "ar": []},
          "children": []
        },
        {
          "name": {
            "en": "Steam Cleaners"
          },
          "description": {},
          "slug": "steam-cleaners",
          "keywords": { "en": [], "ar": []},
          "children": []
        },
        {
          "name": {
            "en": "Vacuum Cleaners"
          },
          "description": {},
          "slug": "vacuum-cleaners",
          "keywords": { "en": [], "ar": []},
          "children": []
        }
      ]
    },
    {
      "name": {
        "en": "Water Heaters"
      },
      "description": {},
      "slug": "water-heaters",
      "keywords": { "en": [], "ar": []},
      "children": [
        {
          "name": {
            "en": "Electric Water Heaters"
          },
          "description": {},
          "slug": "electric-water-heaters",
          "keywords": { "en": [], "ar": []},
          "children": []
        },
        {
          "name": {
            "en": "Gas Water Heaters"
          },
          "description": {},
          "slug": "gas-water-heaters",
          "keywords": { "en": [], "ar": []},
          "children": []
        },
        {
          "name": {
            "en": "Heat Pump Water Heaters"
          },
          "description": {},
          "slug": "heat-pump-water-heaters",
          "keywords": { "en": [], "ar": []},
          "children": []
        },
        {
          "name": {
            "en": "Other Water Heaters"
          },
          "description": {},
          "slug": "other-water-heaters",
          "keywords": { "en": [], "ar": []},
          "children": []
        },
        {
          "name": {
            "en": "Solar Water Heaters"
          },
          "description": {},
          "slug": "solar-water-heaters",
          "keywords": { "en": [], "ar": []},
          "children": []
        }
      ]
    },
    {
      "name": {
        "en": "Water Treatment Appliances"
      },
      "description": {},
      "slug": "water-treatment-appliances",
      "keywords": { "en": [], "ar": []},
      "children": [
        {
          "name": {
            "en": "Other Water Treatment Appliances"
          },
          "description": {},
          "slug": "other-water-treatment-appliances",
          "keywords": { "en": [], "ar": []},
          "children": []
        },
        {
          "name": {
            "en": "Water Dispensers"
          },
          "description": {},
          "slug": "water-dispensers",
          "keywords": { "en": [], "ar": []},
          "children": []
        },
        {
          "name": {
            "en": "Water Filters"
          },
          "description": {},
          "slug": "water-filters",
          "keywords": { "en": [], "ar": []},
          "children": []
        },
        {
          "name": {
            "en": "Water Softeners"
          },
          "description": {},
          "slug": "water-softeners",
          "keywords": { "en": [], "ar": []},
          "children": []
        }
      ]
    },
    {
      "name": {
        "en": "Wet Towel Dispensers"
      },
      "description": {},
      "slug": "wet-towel-dispensers",
      "keywords": { "en": [], "ar": []},
      "children": []
    }
  ]
}
