{
  "name": {
    "en": "Home & Garden"
  },
  "description": {},
  "slug": "home-and-garden",
  "keywords": { "en": [], "ar": []},
  "children": [
    {
      "name": {
        "en": "Baby Supplies & Products"
      },
      "description": {},
      "slug": "baby-supplies-and-products",
      "keywords": { "en": [], "ar": []},
      "children": [
        {
          "name": {
            "en": "Baby Feeding Supplies"
          },
          "description": {},
          "slug": "baby-feeding-supplies",
          "keywords": { "en": [], "ar": []},
          "children": [
            {
              "name": {
                "en": "Baby Bibs"
              },
              "description": {},
              "slug": "baby-feeding-supplies-baby-bibs",
              "keywords": { "en": [], "ar": []},
              "children": []
            },
            {
              "name": {
                "en": "Baby Bottle"
              },
              "description": {},
              "slug": "baby-bottle",
              "keywords": { "en": [], "ar": []},
              "children": []
            },
            {
              "name": {
                "en": "Baby Bowl"
              },
              "description": {},
              "slug": "baby-bowl",
              "keywords": { "en": [], "ar": []},
              "children": []
            },
            {
              "name": {
                "en": "Baby Nipple"
              },
              "description": {},
              "slug": "baby-nipple",
              "keywords": { "en": [], "ar": []},
              "children": []
            },
            {
              "name": {
                "en": "Baby Pacifier"
              },
              "description": {},
              "slug": "baby-pacifier",
              "keywords": { "en": [], "ar": []},
              "children": []
            },
            {
              "name": {
                "en": "Baby Spoon"
              },
              "description": {},
              "slug": "baby-spoon",
              "keywords": { "en": [], "ar": []},
              "children": []
            },
            {
              "name": {
                "en": "Breast Pump"
              },
              "description": {},
              "slug": "breast-pump",
              "keywords": { "en": [], "ar": []},
              "children": []
            },
            {
              "name": {
                "en": "Other Baby Feeding Products"
              },
              "description": {},
              "slug": "other-baby-feeding-products",
              "keywords": { "en": [], "ar": []},
              "children": []
            }
          ]
        },
        {
          "name": {
            "en": "Changing Pad & Cover"
          },
          "description": {},
          "slug": "changing-pad-and-cover",
          "keywords": { "en": [], "ar": []},
          "children": []
        },
        {
          "name": {
            "en": "Feeding Supplies（old）"
          },
          "description": {},
          "slug": "feeding-suppliesold",
          "keywords": { "en": [], "ar": []},
          "children": []
        },
        {
          "name": {
            "en": "Other Baby Supplies"
          },
          "description": {},
          "slug": "other-baby-supplies",
          "keywords": { "en": [], "ar": []},
          "children": []
        },
        {
          "name": {
            "en": "Potty Training"
          },
          "description": {},
          "slug": "potty-training",
          "keywords": { "en": [], "ar": []},
          "children": []
        },
        {
          "name": {
            "en": "Safety"
          },
          "description": {},
          "slug": "safety",
          "keywords": { "en": [], "ar": []},
          "children": [
            {
              "name": {
                "en": "Cabinet Locks & Straps"
              },
              "description": {},
              "slug": "cabinet-locks-and-straps",
              "keywords": { "en": [], "ar": []},
              "children": []
            },
            {
              "name": {
                "en": "Edge & Corner Guards"
              },
              "description": {},
              "slug": "edge-and-corner-guards",
              "keywords": { "en": [], "ar": []},
              "children": []
            },
            {
              "name": {
                "en": "Electrical Safety"
              },
              "description": {},
              "slug": "electrical-safety",
              "keywords": { "en": [], "ar": []},
              "children": []
            },
            {
              "name": {
                "en": "Harnesses & Leashes"
              },
              "description": {},
              "slug": "harnesses-and-leashes",
              "keywords": { "en": [], "ar": []},
              "children": []
            },
            {
              "name": {
                "en": "Rails & Rail Guards"
              },
              "description": {},
              "slug": "rails-and-rail-guards",
              "keywords": { "en": [], "ar": []},
              "children": []
            }
          ]
        },
        {
          "name": {
            "en": "Strollers, Walkers & Carriers"
          },
          "description": {},
          "slug": "strollers-walkers-and-carriers",
          "keywords": { "en": [], "ar": []},
          "children": [
            {
              "name": {
                "en": "Baby Carriers"
              },
              "description": {},
              "slug": "baby-carriers",
              "keywords": { "en": [], "ar": []},
              "children": []
            },
            {
              "name": {
                "en": "Baby Strollers"
              },
              "description": {},
              "slug": "baby-strollers",
              "keywords": { "en": [], "ar": []},
              "children": []
            },
            {
              "name": {
                "en": "Baby Walkers"
              },
              "description": {},
              "slug": "baby-walkers",
              "keywords": { "en": [], "ar": []},
              "children": []
            }
          ]
        },
        {
          "name": {
            "en": "Strollers, Walkers & Carriers(old)"
          },
          "description": {},
          "slug": "strollers-walkers-and-carriersold",
          "keywords": { "en": [], "ar": []},
          "children": []
        }
      ]
    },
    {
      "name": {
        "en": "Bathroom Products"
      },
      "description": {},
      "slug": "bathroom-products",
      "keywords": { "en": [], "ar": []},
      "children": [
        {
          "name": {
            "en": "Basins"
          },
          "description": {},
          "slug": "basins",
          "keywords": { "en": [], "ar": []},
          "children": []
        },
        {
          "name": {
            "en": "Bath Mats"
          },
          "description": {},
          "slug": "bath-mats",
          "keywords": { "en": [], "ar": []},
          "children": []
        },
        {
          "name": {
            "en": "Bath Pillows"
          },
          "description": {},
          "slug": "bath-pillows",
          "keywords": { "en": [], "ar": []},
          "children": []
        },
        {
          "name": {
            "en": "Bathroom Sets"
          },
          "description": {},
          "slug": "bathroom-sets",
          "keywords": { "en": [], "ar": []},
          "children": []
        },
        {
          "name": {
            "en": "Other Bath & Toilet Supplies"
          },
          "description": {},
          "slug": "other-bath-and-toilet-supplies",
          "keywords": { "en": [], "ar": []},
          "children": []
        },
        {
          "name": {
            "en": "Shower Caps"
          },
          "description": {},
          "slug": "shower-caps",
          "keywords": { "en": [], "ar": []},
          "children": []
        },
        {
          "name": {
            "en": "Shower Curtain Poles"
          },
          "description": {},
          "slug": "shower-curtain-poles",
          "keywords": { "en": [], "ar": []},
          "children": []
        },
        {
          "name": {
            "en": "Shower Curtains"
          },
          "description": {},
          "slug": "shower-curtains",
          "keywords": { "en": [], "ar": []},
          "children": []
        },
        {
          "name": {
            "en": "Toilet Plungers"
          },
          "description": {},
          "slug": "toilet-plungers",
          "keywords": { "en": [], "ar": []},
          "children": []
        },
        {
          "name": {
            "en": "Toilet Seat Cover"
          },
          "description": {},
          "slug": "toilet-seat-cover",
          "keywords": { "en": [], "ar": []},
          "children": []
        },
        {
          "name": {
            "en": "Tubs"
          },
          "description": {},
          "slug": "tubs",
          "keywords": { "en": [], "ar": []},
          "children": []
        }
      ]
    },
    {
      "name": {
        "en": "Garden Supplies"
      },
      "description": {},
      "slug": "garden-supplies",
      "keywords": { "en": [], "ar": []},
      "children": [
        {
          "name": {
            "en": "BBQ"
          },
          "description": {},
          "slug": "bbq",
          "keywords": { "en": [], "ar": []},
          "children": [
            {
              "name": {
                "en": "BBQ Accessories"
              },
              "description": {},
              "slug": "bbq-accessories",
              "keywords": { "en": [], "ar": []},
              "children": []
            },
            {
              "name": {
                "en": "BBQ Grills"
              },
              "description": {},
              "slug": "bbq-grills",
              "keywords": { "en": [], "ar": []},
              "children": []
            },
            {
              "name": {
                "en": "BBQ Tools"
              },
              "description": {},
              "slug": "bbq-tools",
              "keywords": { "en": [], "ar": []},
              "children": []
            }
          ]
        },
        {
          "name": {
            "en": "Garden Buildings"
          },
          "description": {},
          "slug": "garden-buildings",
          "keywords": { "en": [], "ar": []},
          "children": [
            {
              "name": {
                "en": "Arches, Arbours, Pergolas & Bridge"
              },
              "description": {},
              "slug": "arches-arbours-pergolas-and-bridge",
              "keywords": { "en": [], "ar": []},
              "children": []
            },
            {
              "name": {
                "en": "Cabins & Garden Rooms"
              },
              "description": {},
              "slug": "cabins-and-garden-rooms",
              "keywords": { "en": [], "ar": []},
              "children": []
            },
            {
              "name": {
                "en": "Fencing, Trellis & Gates"
              },
              "description": {},
              "slug": "fencing-trellis-and-gates",
              "keywords": { "en": [], "ar": []},
              "children": []
            },
            {
              "name": {
                "en": "Garages, Canopies & Carports"
              },
              "description": {},
              "slug": "garages-canopies-and-carports",
              "keywords": { "en": [], "ar": []},
              "children": []
            },
            {
              "name": {
                "en": "Garden Greenhouses"
              },
              "description": {},
              "slug": "garden-greenhouses",
              "keywords": { "en": [], "ar": []},
              "children": []
            },
            {
              "name": {
                "en": "Other Garden Buildings"
              },
              "description": {},
              "slug": "other-garden-buildings",
              "keywords": { "en": [], "ar": []},
              "children": []
            },
            {
              "name": {
                "en": "Playhouses"
              },
              "description": {},
              "slug": "playhouses",
              "keywords": { "en": [], "ar": []},
              "children": []
            },
            {
              "name": {
                "en": "Sheds & Storage"
              },
              "description": {},
              "slug": "sheds-and-storage",
              "keywords": { "en": [], "ar": []},
              "children": []
            },
            {
              "name": {
                "en": "Summerhouses"
              },
              "description": {},
              "slug": "summerhouses",
              "keywords": { "en": [], "ar": []},
              "children": []
            }
          ]
        },
        {
          "name": {
            "en": "Garden Landscaping & Decking"
          },
          "description": {},
          "slug": "garden-landscaping-and-decking",
          "keywords": { "en": [], "ar": []},
          "children": [
            {
              "name": {
                "en": "Artificial Plant"
              },
              "description": {},
              "slug": "artificial-plant",
              "keywords": { "en": [], "ar": []},
              "children": []
            },
            {
              "name": {
                "en": "Garden Ornaments"
              },
              "description": {},
              "slug": "garden-ornaments",
              "keywords": { "en": [], "ar": []},
              "children": []
            },
            {
              "name": {
                "en": "Other Landscaping & Decking"
              },
              "description": {},
              "slug": "other-landscaping-and-decking",
              "keywords": { "en": [], "ar": []},
              "children": []
            }
          ]
        },
        {
          "name": {
            "en": "Garden Pots & Planters"
          },
          "description": {},
          "slug": "garden-pots-and-planters",
          "keywords": { "en": [], "ar": []},
          "children": [
            {
              "name": {
                "en": "Basket Liners"
              },
              "description": {},
              "slug": "basket-liners",
              "keywords": { "en": [], "ar": []},
              "children": []
            },
            {
              "name": {
                "en": "Flower Pots & Planters"
              },
              "description": {},
              "slug": "flower-pots-and-planters",
              "keywords": { "en": [], "ar": []},
              "children": []
            },
            {
              "name": {
                "en": "Grow Bags"
              },
              "description": {},
              "slug": "grow-bags",
              "keywords": { "en": [], "ar": []},
              "children": []
            },
            {
              "name": {
                "en": "Hanging Baskets"
              },
              "description": {},
              "slug": "hanging-baskets",
              "keywords": { "en": [], "ar": []},
              "children": []
            },
            {
              "name": {
                "en": "Nursery Pots"
              },
              "description": {},
              "slug": "nursery-pots",
              "keywords": { "en": [], "ar": []},
              "children": []
            },
            {
              "name": {
                "en": "Nursery Trays & Lids"
              },
              "description": {},
              "slug": "nursery-trays-and-lids",
              "keywords": { "en": [], "ar": []},
              "children": []
            },
            {
              "name": {
                "en": "Peat"
              },
              "description": {},
              "slug": "peat",
              "keywords": { "en": [], "ar": []},
              "children": []
            },
            {
              "name": {
                "en": "Pot Trays"
              },
              "description": {},
              "slug": "pot-trays",
              "keywords": { "en": [], "ar": []},
              "children": []
            }
          ]
        },
        {
          "name": {
            "en": "Household Thermometers"
          },
          "description": {},
          "slug": "household-thermometers",
          "keywords": { "en": [], "ar": []},
          "children": []
        },
        {
          "name": {
            "en": "Mailboxes"
          },
          "description": {},
          "slug": "mailboxes",
          "keywords": { "en": [], "ar": []},
          "children": []
        },
        {
          "name": {
            "en": "Other Garden Supplies"
          },
          "description": {},
          "slug": "other-garden-supplies",
          "keywords": { "en": [], "ar": []},
          "children": []
        },
        {
          "name": {
            "en": "Outdoor Heaters"
          },
          "description": {},
          "slug": "outdoor-heaters",
          "keywords": { "en": [], "ar": []},
          "children": [
            {
              "name": {
                "en": "Chimeneas"
              },
              "description": {},
              "slug": "chimeneas",
              "keywords": { "en": [], "ar": []},
              "children": []
            },
            {
              "name": {
                "en": "Fire Pits"
              },
              "description": {},
              "slug": "fire-pits",
              "keywords": { "en": [], "ar": []},
              "children": []
            },
            {
              "name": {
                "en": "Patio Heaters"
              },
              "description": {},
              "slug": "patio-heaters",
              "keywords": { "en": [], "ar": []},
              "children": []
            }
          ]
        },
        {
          "name": {
            "en": "Pest Control"
          },
          "description": {},
          "slug": "pest-control",
          "keywords": { "en": [], "ar": []},
          "children": []
        },
        {
          "name": {
            "en": "Shade"
          },
          "description": {},
          "slug": "shade",
          "keywords": { "en": [], "ar": []},
          "children": [
            {
              "name": {
                "en": "Awnings"
              },
              "description": {},
              "slug": "awnings",
              "keywords": { "en": [], "ar": []},
              "children": []
            },
            {
              "name": {
                "en": "Gazebos"
              },
              "description": {},
              "slug": "gazebos",
              "keywords": { "en": [], "ar": []},
              "children": []
            },
            {
              "name": {
                "en": "Shade Accessories"
              },
              "description": {},
              "slug": "shade-accessories",
              "keywords": { "en": [], "ar": []},
              "children": []
            },
            {
              "name": {
                "en": "Shade Sails & Nets"
              },
              "description": {},
              "slug": "shade-sails-and-nets",
              "keywords": { "en": [], "ar": []},
              "children": []
            }
          ]
        },
        {
          "name": {
            "en": "Watering & Irrigation"
          },
          "description": {},
          "slug": "watering-and-irrigation",
          "keywords": { "en": [], "ar": []},
          "children": [
            {
              "name": {
                "en": "Garden Hoses & Reels"
              },
              "description": {},
              "slug": "garden-hoses-and-reels",
              "keywords": { "en": [], "ar": []},
              "children": []
            },
            {
              "name": {
                "en": "Garden Sprinklers"
              },
              "description": {},
              "slug": "garden-sprinklers",
              "keywords": { "en": [], "ar": []},
              "children": []
            },
            {
              "name": {
                "en": "Garden Water Connectors"
              },
              "description": {},
              "slug": "garden-water-connectors",
              "keywords": { "en": [], "ar": []},
              "children": []
            },
            {
              "name": {
                "en": "Garden Water Guns"
              },
              "description": {},
              "slug": "garden-water-guns",
              "keywords": { "en": [], "ar": []},
              "children": []
            },
            {
              "name": {
                "en": "Garden Water Timers"
              },
              "description": {},
              "slug": "garden-water-timers",
              "keywords": { "en": [], "ar": []},
              "children": []
            },
            {
              "name": {
                "en": "Other Watering & Irrigation"
              },
              "description": {},
              "slug": "other-watering-and-irrigation",
              "keywords": { "en": [], "ar": []},
              "children": []
            },
            {
              "name": {
                "en": "Sprayers"
              },
              "description": {},
              "slug": "sprayers",
              "keywords": { "en": [], "ar": []},
              "children": []
            },
            {
              "name": {
                "en": "Water Cans"
              },
              "description": {},
              "slug": "water-cans",
              "keywords": { "en": [], "ar": []},
              "children": []
            },
            {
              "name": {
                "en": "Watering Kits"
              },
              "description": {},
              "slug": "watering-kits",
              "keywords": { "en": [], "ar": []},
              "children": []
            }
          ]
        }
      ]
    },
    {
      "name": {
        "en": "Home Decor"
      },
      "description": {},
      "slug": "home-decor",
      "keywords": { "en": [], "ar": []},
      "children": [
        {
          "name": {
            "en": "Blinds, Shades & Shutters"
          },
          "description": {},
          "slug": "blinds-shades-and-shutters",
          "keywords": { "en": [], "ar": []},
          "children": []
        },
        {
          "name": {
            "en": "Clocks"
          },
          "description": {},
          "slug": "clocks",
          "keywords": { "en": [], "ar": []},
          "children": [
            {
              "name": {
                "en": "Antique Style Clocks"
              },
              "description": {},
              "slug": "antique-style-clocks",
              "keywords": { "en": [], "ar": []},
              "children": []
            },
            {
              "name": {
                "en": "Clock Parts & Accessories"
              },
              "description": {},
              "slug": "clock-parts-and-accessories",
              "keywords": { "en": [], "ar": []},
              "children": []
            },
            {
              "name": {
                "en": "Desk & Table Clocks"
              },
              "description": {},
              "slug": "desk-and-table-clocks",
              "keywords": { "en": [], "ar": []},
              "children": []
            },
            {
              "name": {
                "en": "Digital & Analog-Digital Clocks"
              },
              "description": {},
              "slug": "digital-and-analog-digital-clocks",
              "keywords": { "en": [], "ar": []},
              "children": []
            },
            {
              "name": {
                "en": "Floor Clocks"
              },
              "description": {},
              "slug": "floor-clocks",
              "keywords": { "en": [], "ar": []},
              "children": []
            },
            {
              "name": {
                "en": "Hourglasses"
              },
              "description": {},
              "slug": "hourglasses",
              "keywords": { "en": [], "ar": []},
              "children": []
            },
            {
              "name": {
                "en": "Mechanical Clocks"
              },
              "description": {},
              "slug": "mechanical-clocks",
              "keywords": { "en": [], "ar": []},
              "children": []
            },
            {
              "name": {
                "en": "Other Clocks"
              },
              "description": {},
              "slug": "other-clocks",
              "keywords": { "en": [], "ar": []},
              "children": []
            },
            {
              "name": {
                "en": "Specialty Clocks"
              },
              "description": {},
              "slug": "specialty-clocks",
              "keywords": { "en": [], "ar": []},
              "children": []
            },
            {
              "name": {
                "en": "Wall Clocks"
              },
              "description": {},
              "slug": "wall-clocks",
              "keywords": { "en": [], "ar": []},
              "children": []
            }
          ]
        },
        {
          "name": {
            "en": "Crystal Soil"
          },
          "description": {},
          "slug": "crystal-soil",
          "keywords": { "en": [], "ar": []},
          "children": []
        },
        {
          "name": {
            "en": "Curtain Poles, Tracks & Accessories"
          },
          "description": {},
          "slug": "curtain-poles-tracks-and-accessories",
          "keywords": { "en": [], "ar": []},
          "children": []
        },
        {
          "name": {
            "en": "Fridge Magnets"
          },
          "description": {},
          "slug": "fridge-magnets",
          "keywords": { "en": [], "ar": []},
          "children": []
        },
        {
          "name": {
            "en": "Mirrors"
          },
          "description": {},
          "slug": "mirrors",
          "keywords": { "en": [], "ar": []},
          "children": []
        },
        {
          "name": {
            "en": "Other Home Decor"
          },
          "description": {},
          "slug": "other-home-decor",
          "keywords": { "en": [], "ar": []},
          "children": []
        },
        {
          "name": {
            "en": "Plaques"
          },
          "description": {},
          "slug": "plaques",
          "keywords": { "en": [], "ar": []},
          "children": []
        },
        {
          "name": {
            "en": "Screens & Room Dividers"
          },
          "description": {},
          "slug": "screens-and-room-dividers",
          "keywords": { "en": [], "ar": []},
          "children": []
        },
        {
          "name": {
            "en": "Vases"
          },
          "description": {},
          "slug": "vases",
          "keywords": { "en": [], "ar": []},
          "children": [
            {
              "name": {
                "en": "Bamboo & Wooden Vases"
              },
              "description": {},
              "slug": "bamboo-and-wooden-vases",
              "keywords": { "en": [], "ar": []},
              "children": []
            },
            {
              "name": {
                "en": "Ceramic & Porcelain Vases"
              },
              "description": {},
              "slug": "ceramic-and-porcelain-vases",
              "keywords": { "en": [], "ar": []},
              "children": []
            },
            {
              "name": {
                "en": "Glass & Crystal Vases"
              },
              "description": {},
              "slug": "glass-and-crystal-vases",
              "keywords": { "en": [], "ar": []},
              "children": []
            },
            {
              "name": {
                "en": "Metal Vases"
              },
              "description": {},
              "slug": "metal-vases",
              "keywords": { "en": [], "ar": []},
              "children": []
            },
            {
              "name": {
                "en": "Other Vases"
              },
              "description": {},
              "slug": "other-vases",
              "keywords": { "en": [], "ar": []},
              "children": []
            },
            {
              "name": {
                "en": "Plastic Vases"
              },
              "description": {},
              "slug": "plastic-vases",
              "keywords": { "en": [], "ar": []},
              "children": []
            },
            {
              "name": {
                "en": "Resin Vases"
              },
              "description": {},
              "slug": "resin-vases",
              "keywords": { "en": [], "ar": []},
              "children": []
            },
            {
              "name": {
                "en": "Stone Vases"
              },
              "description": {},
              "slug": "stone-vases",
              "keywords": { "en": [], "ar": []},
              "children": []
            }
          ]
        }
      ]
    },
    {
      "name": {
        "en": "Home Storage & Organization"
      },
      "description": {},
      "slug": "home-storage-and-organization",
      "keywords": { "en": [], "ar": []},
      "children": [
        {
          "name": {
            "en": "Bag Clips"
          },
          "description": {},
          "slug": "bag-clips",
          "keywords": { "en": [], "ar": []},
          "children": []
        },
        {
          "name": {
            "en": "Hooks & Rails"
          },
          "description": {},
          "slug": "hooks-and-rails",
          "keywords": { "en": [], "ar": []},
          "children": []
        },
        {
          "name": {
            "en": "Other Home Storage & Organization"
          },
          "description": {},
          "slug": "other-home-storage-and-organization",
          "keywords": { "en": [], "ar": []},
          "children": []
        },
        {
          "name": {
            "en": "Storage Bags"
          },
          "description": {},
          "slug": "storage-bags",
          "keywords": { "en": [], "ar": []},
          "children": []
        },
        {
          "name": {
            "en": "Storage Baskets"
          },
          "description": {},
          "slug": "storage-baskets",
          "keywords": { "en": [], "ar": []},
          "children": []
        },
        {
          "name": {
            "en": "Storage Bottles & Jars"
          },
          "description": {},
          "slug": "storage-bottles-and-jars",
          "keywords": { "en": [], "ar": []},
          "children": []
        },
        {
          "name": {
            "en": "Storage Boxes & Bins"
          },
          "description": {},
          "slug": "storage-boxes-and-bins",
          "keywords": { "en": [], "ar": []},
          "children": []
        },
        {
          "name": {
            "en": "Storage Drawers"
          },
          "description": {},
          "slug": "storage-drawers",
          "keywords": { "en": [], "ar": []},
          "children": []
        },
        {
          "name": {
            "en": "Storage Holders & Racks"
          },
          "description": {},
          "slug": "storage-holders-and-racks",
          "keywords": { "en": [], "ar": []},
          "children": []
        },
        {
          "name": {
            "en": "Storage Trays"
          },
          "description": {},
          "slug": "storage-trays",
          "keywords": { "en": [], "ar": []},
          "children": []
        }
      ]
    },
    {
      "name": {
        "en": "Household Cleaning Tools & Accessories"
      },
      "description": {},
      "slug": "household-cleaning-tools-and-accessories",
      "keywords": { "en": [], "ar": []},
      "children": [
        {
          "name": {
            "en": "Aprons"
          },
          "description": {},
          "slug": "aprons",
          "keywords": { "en": [], "ar": []},
          "children": []
        },
        {
          "name": {
            "en": "Brooms & Dustpans"
          },
          "description": {},
          "slug": "brooms-and-dustpans",
          "keywords": { "en": [], "ar": []},
          "children": []
        },
        {
          "name": {
            "en": "Buckets"
          },
          "description": {},
          "slug": "buckets",
          "keywords": { "en": [], "ar": []},
          "children": []
        },
        {
          "name": {
            "en": "Cleaning Brushes"
          },
          "description": {},
          "slug": "cleaning-brushes",
          "keywords": { "en": [], "ar": []},
          "children": []
        },
        {
          "name": {
            "en": "Cleaning Cloths"
          },
          "description": {},
          "slug": "cleaning-cloths",
          "keywords": { "en": [], "ar": []},
          "children": []
        },
        {
          "name": {
            "en": "Dusters"
          },
          "description": {},
          "slug": "dusters",
          "keywords": { "en": [], "ar": []},
          "children": []
        },
        {
          "name": {
            "en": "Household Chemicals"
          },
          "description": {},
          "slug": "household-chemicals",
          "keywords": { "en": [], "ar": []},
          "children": [
            {
              "name": {
                "en": "Air Fresheners"
              },
              "description": {},
              "slug": "air-fresheners",
              "keywords": { "en": [], "ar": []},
              "children": []
            },
            {
              "name": {
                "en": "Detergent"
              },
              "description": {},
              "slug": "detergent",
              "keywords": { "en": [], "ar": []},
              "children": []
            },
            {
              "name": {
                "en": "Drain Cleaners"
              },
              "description": {},
              "slug": "drain-cleaners",
              "keywords": { "en": [], "ar": []},
              "children": []
            },
            {
              "name": {
                "en": "Other Household Chemicals"
              },
              "description": {},
              "slug": "other-household-chemicals",
              "keywords": { "en": [], "ar": []},
              "children": []
            },
            {
              "name": {
                "en": "Wax & Polishes"
              },
              "description": {},
              "slug": "wax-and-polishes",
              "keywords": { "en": [], "ar": []},
              "children": []
            }
          ]
        },
        {
          "name": {
            "en": "Household Gloves"
          },
          "description": {},
          "slug": "household-gloves",
          "keywords": { "en": [], "ar": []},
          "children": []
        },
        {
          "name": {
            "en": "Laundry Products"
          },
          "description": {},
          "slug": "laundry-products",
          "keywords": { "en": [], "ar": []},
          "children": [
            {
              "name": {
                "en": "Clothes Pegs"
              },
              "description": {},
              "slug": "clothes-pegs",
              "keywords": { "en": [], "ar": []},
              "children": []
            },
            {
              "name": {
                "en": "Hangers & Racks"
              },
              "description": {},
              "slug": "hangers-and-racks",
              "keywords": { "en": [], "ar": []},
              "children": []
            },
            {
              "name": {
                "en": "Ironing Boards"
              },
              "description": {},
              "slug": "ironing-boards",
              "keywords": { "en": [], "ar": []},
              "children": []
            },
            {
              "name": {
                "en": "Laundry Bags & Baskets"
              },
              "description": {},
              "slug": "laundry-bags-and-baskets",
              "keywords": { "en": [], "ar": []},
              "children": []
            },
            {
              "name": {
                "en": "Laundry Balls & Discs"
              },
              "description": {},
              "slug": "laundry-balls-and-discs",
              "keywords": { "en": [], "ar": []},
              "children": []
            },
            {
              "name": {
                "en": "Other Laundry Products"
              },
              "description": {},
              "slug": "other-laundry-products",
              "keywords": { "en": [], "ar": []},
              "children": []
            },
            {
              "name": {
                "en": "Scrub Brushes"
              },
              "description": {},
              "slug": "scrub-brushes",
              "keywords": { "en": [], "ar": []},
              "children": []
            },
            {
              "name": {
                "en": "Scrubboards"
              },
              "description": {},
              "slug": "scrubboards",
              "keywords": { "en": [], "ar": []},
              "children": []
            }
          ]
        },
        {
          "name": {
            "en": "Lint Remover"
          },
          "description": {},
          "slug": "lint-remover",
          "keywords": { "en": [], "ar": []},
          "children": []
        },
        {
          "name": {
            "en": "Lint Rollers & Brushes"
          },
          "description": {},
          "slug": "lint-rollers-and-brushes",
          "keywords": { "en": [], "ar": []},
          "children": []
        },
        {
          "name": {
            "en": "Mops"
          },
          "description": {},
          "slug": "mops",
          "keywords": { "en": [], "ar": []},
          "children": []
        },
        {
          "name": {
            "en": "Other Household Cleaning Tools & Accessories"
          },
          "description": {},
          "slug": "other-household-cleaning-tools-and-accessories",
          "keywords": { "en": [], "ar": []},
          "children": []
        },
        {
          "name": {
            "en": "Oversleeves"
          },
          "description": {},
          "slug": "oversleeves",
          "keywords": { "en": [], "ar": []},
          "children": []
        },
        {
          "name": {
            "en": "Sponges & Scouring Pads"
          },
          "description": {},
          "slug": "sponges-and-scouring-pads",
          "keywords": { "en": [], "ar": []},
          "children": []
        },
        {
          "name": {
            "en": "Squeegees"
          },
          "description": {},
          "slug": "squeegees",
          "keywords": { "en": [], "ar": []},
          "children": []
        },
        {
          "name": {
            "en": "Waste Bins"
          },
          "description": {},
          "slug": "waste-bins",
          "keywords": { "en": [], "ar": []},
          "children": []
        }
      ]
    },
    {
      "name": {
        "en": "Household Scales"
      },
      "description": {},
      "slug": "household-scales",
      "keywords": { "en": [], "ar": []},
      "children": [
        {
          "name": {
            "en": "Baby Scales"
          },
          "description": {},
          "slug": "baby-scales",
          "keywords": { "en": [], "ar": []},
          "children": []
        },
        {
          "name": {
            "en": "Bathroom Scales"
          },
          "description": {},
          "slug": "bathroom-scales",
          "keywords": { "en": [], "ar": []},
          "children": []
        },
        {
          "name": {
            "en": "Body Fat Scales"
          },
          "description": {},
          "slug": "body-fat-scales",
          "keywords": { "en": [], "ar": []},
          "children": []
        },
        {
          "name": {
            "en": "Jewelry Scales"
          },
          "description": {},
          "slug": "jewelry-scales",
          "keywords": { "en": [], "ar": []},
          "children": []
        },
        {
          "name": {
            "en": "Kitchen Scales"
          },
          "description": {},
          "slug": "kitchen-scales",
          "keywords": { "en": [], "ar": []},
          "children": []
        },
        {
          "name": {
            "en": "Luggage Scales"
          },
          "description": {},
          "slug": "luggage-scales",
          "keywords": { "en": [], "ar": []},
          "children": []
        },
        {
          "name": {
            "en": "Spoon Scales"
          },
          "description": {},
          "slug": "spoon-scales",
          "keywords": { "en": [], "ar": []},
          "children": []
        }
      ]
    },
    {
      "name": {
        "en": "Household Sundries"
      },
      "description": {},
      "slug": "household-sundries",
      "keywords": { "en": [], "ar": []},
      "children": [
        {
          "name": {
            "en": "Fireplace Sets & Accessories"
          },
          "description": {},
          "slug": "fireplace-sets-and-accessories",
          "keywords": { "en": [], "ar": []},
          "children": []
        },
        {
          "name": {
            "en": "Hot Water Bottles"
          },
          "description": {},
          "slug": "hot-water-bottles",
          "keywords": { "en": [], "ar": []},
          "children": []
        },
        {
          "name": {
            "en": "Needlework"
          },
          "description": {},
          "slug": "needlework",
          "keywords": { "en": [], "ar": []},
          "children": []
        },
        {
          "name": {
            "en": "Other Household Sundries"
          },
          "description": {},
          "slug": "other-household-sundries",
          "keywords": { "en": [], "ar": []},
          "children": []
        }
      ]
    },
    {
      "name": {
        "en": "Kitchen & Tabletop"
      },
      "description": {},
      "slug": "kitchen-and-tabletop",
      "keywords": { "en": [], "ar": []},
      "children": [
        {
          "name": {
            "en": "Bakeware"
          },
          "description": {},
          "slug": "bakeware",
          "keywords": { "en": [], "ar": []},
          "children": [
            {
              "name": {
                "en": "Bakeware Sets"
              },
              "description": {},
              "slug": "bakeware-sets",
              "keywords": { "en": [], "ar": []},
              "children": []
            },
            {
              "name": {
                "en": "Baking & Pastry Tools"
              },
              "description": {},
              "slug": "baking-and-pastry-tools",
              "keywords": { "en": [], "ar": []},
              "children": []
            },
            {
              "name": {
                "en": "Baking Dishes & Pans"
              },
              "description": {},
              "slug": "baking-dishes-and-pans",
              "keywords": { "en": [], "ar": []},
              "children": []
            },
            {
              "name": {
                "en": "Cake Tools"
              },
              "description": {},
              "slug": "cake-tools",
              "keywords": { "en": [], "ar": []},
              "children": []
            },
            {
              "name": {
                "en": "Cookie Tools"
              },
              "description": {},
              "slug": "cookie-tools",
              "keywords": { "en": [], "ar": []},
              "children": []
            },
            {
              "name": {
                "en": "Other Bakeware"
              },
              "description": {},
              "slug": "other-bakeware",
              "keywords": { "en": [], "ar": []},
              "children": []
            },
            {
              "name": {
                "en": "Oven Mitts"
              },
              "description": {},
              "slug": "oven-mitts",
              "keywords": { "en": [], "ar": []},
              "children": []
            },
            {
              "name": {
                "en": "Pie Tools"
              },
              "description": {},
              "slug": "pie-tools",
              "keywords": { "en": [], "ar": []},
              "children": []
            },
            {
              "name": {
                "en": "Pizza Tools"
              },
              "description": {},
              "slug": "pizza-tools",
              "keywords": { "en": [], "ar": []},
              "children": []
            },
            {
              "name": {
                "en": "Rolling Pins & Pastry Boards"
              },
              "description": {},
              "slug": "rolling-pins-and-pastry-boards",
              "keywords": { "en": [], "ar": []},
              "children": []
            }
          ]
        },
        {
          "name": {
            "en": "Barware"
          },
          "description": {},
          "slug": "barware",
          "keywords": { "en": [], "ar": []},
          "children": [
            {
              "name": {
                "en": "Bar Accessories"
              },
              "description": {},
              "slug": "bar-accessories",
              "keywords": { "en": [], "ar": []},
              "children": []
            },
            {
              "name": {
                "en": "Bar Sets"
              },
              "description": {},
              "slug": "bar-sets",
              "keywords": { "en": [], "ar": []},
              "children": []
            },
            {
              "name": {
                "en": "Bar Tools"
              },
              "description": {},
              "slug": "bar-tools",
              "keywords": { "en": [], "ar": []},
              "children": []
            },
            {
              "name": {
                "en": "Buckets, Coolers & Holders"
              },
              "description": {},
              "slug": "buckets-coolers-and-holders",
              "keywords": { "en": [], "ar": []},
              "children": []
            },
            {
              "name": {
                "en": "Ice Cube"
              },
              "description": {},
              "slug": "ice-cube",
              "keywords": { "en": [], "ar": []},
              "children": []
            }
          ]
        },
        {
          "name": {
            "en": "Cookware"
          },
          "description": {},
          "slug": "cookware",
          "keywords": { "en": [], "ar": []},
          "children": [
            {
              "name": {
                "en": "Casseroles"
              },
              "description": {},
              "slug": "casseroles",
              "keywords": { "en": [], "ar": []},
              "children": []
            },
            {
              "name": {
                "en": "Cookware Parts"
              },
              "description": {},
              "slug": "cookware-parts",
              "keywords": { "en": [], "ar": []},
              "children": []
            },
            {
              "name": {
                "en": "Cookware Sets"
              },
              "description": {},
              "slug": "cookware-sets",
              "keywords": { "en": [], "ar": []},
              "children": []
            },
            {
              "name": {
                "en": "Double Boilers"
              },
              "description": {},
              "slug": "double-boilers",
              "keywords": { "en": [], "ar": []},
              "children": []
            },
            {
              "name": {
                "en": "Dutch Ovens"
              },
              "description": {},
              "slug": "dutch-ovens",
              "keywords": { "en": [], "ar": []},
              "children": []
            },
            {
              "name": {
                "en": "Other Cookware"
              },
              "description": {},
              "slug": "other-cookware",
              "keywords": { "en": [], "ar": []},
              "children": []
            },
            {
              "name": {
                "en": "Pans"
              },
              "description": {},
              "slug": "pans",
              "keywords": { "en": [], "ar": []},
              "children": []
            },
            {
              "name": {
                "en": "Pressure Cookers"
              },
              "description": {},
              "slug": "pressure-cookers",
              "keywords": { "en": [], "ar": []},
              "children": []
            },
            {
              "name": {
                "en": "Soup & Stock Pots"
              },
              "description": {},
              "slug": "soup-and-stock-pots",
              "keywords": { "en": [], "ar": []},
              "children": []
            },
            {
              "name": {
                "en": "Steamers"
              },
              "description": {},
              "slug": "steamers",
              "keywords": { "en": [], "ar": []},
              "children": []
            },
            {
              "name": {
                "en": "Thermal Cooker"
              },
              "description": {},
              "slug": "thermal-cooker",
              "keywords": { "en": [], "ar": []},
              "children": []
            },
            {
              "name": {
                "en": "Water Kettles"
              },
              "description": {},
              "slug": "water-kettles",
              "keywords": { "en": [], "ar": []},
              "children": []
            },
            {
              "name": {
                "en": "Woks"
              },
              "description": {},
              "slug": "woks",
              "keywords": { "en": [], "ar": []},
              "children": []
            }
          ]
        },
        {
          "name": {
            "en": "Dinnerware"
          },
          "description": {},
          "slug": "dinnerware",
          "keywords": { "en": [], "ar": []},
          "children": [
            {
              "name": {
                "en": "Bowls"
              },
              "description": {},
              "slug": "bowls",
              "keywords": { "en": [], "ar": []},
              "children": []
            },
            {
              "name": {
                "en": "Dinnerware Sets"
              },
              "description": {},
              "slug": "dinnerware-sets",
              "keywords": { "en": [], "ar": []},
              "children": []
            },
            {
              "name": {
                "en": "Dishes & Plates"
              },
              "description": {},
              "slug": "dishes-and-plates",
              "keywords": { "en": [], "ar": []},
              "children": []
            },
            {
              "name": {
                "en": "Gravy Boats"
              },
              "description": {},
              "slug": "gravy-boats",
              "keywords": { "en": [], "ar": []},
              "children": []
            },
            {
              "name": {
                "en": "Other Dinnerware"
              },
              "description": {},
              "slug": "other-dinnerware",
              "keywords": { "en": [], "ar": []},
              "children": []
            },
            {
              "name": {
                "en": "Sugar & Creamer Pots"
              },
              "description": {},
              "slug": "sugar-and-creamer-pots",
              "keywords": { "en": [], "ar": []},
              "children": []
            },
            {
              "name": {
                "en": "Tureens"
              },
              "description": {},
              "slug": "tureens",
              "keywords": { "en": [], "ar": []},
              "children": []
            }
          ]
        },
        {
          "name": {
            "en": "Drinkware"
          },
          "description": {},
          "slug": "drinkware",
          "keywords": { "en": [], "ar": []},
          "children": [
            {
              "name": {
                "en": "Coffee & Tea Sets"
              },
              "description": {},
              "slug": "coffee-and-tea-sets",
              "keywords": { "en": [], "ar": []},
              "children": []
            },
            {
              "name": {
                "en": "Drink Cup"
              },
              "description": {},
              "slug": "drink-cup",
              "keywords": { "en": [], "ar": []},
              "children": []
            },
            {
              "name": {
                "en": "Glass"
              },
              "description": {},
              "slug": "glass",
              "keywords": { "en": [], "ar": []},
              "children": []
            },
            {
              "name": {
                "en": "Hip Flasks"
              },
              "description": {},
              "slug": "hip-flasks",
              "keywords": { "en": [], "ar": []},
              "children": []
            },
            {
              "name": {
                "en": "Mugs"
              },
              "description": {},
              "slug": "mugs",
              "keywords": { "en": [], "ar": []},
              "children": []
            },
            {
              "name": {
                "en": "Other Drinkware"
              },
              "description": {},
              "slug": "other-drinkware",
              "keywords": { "en": [], "ar": []},
              "children": []
            },
            {
              "name": {
                "en": "Tea Cups & Saucers"
              },
              "description": {},
              "slug": "tea-cups-and-saucers",
              "keywords": { "en": [], "ar": []},
              "children": []
            },
            {
              "name": {
                "en": "Vacuum Flasks & Thermoses"
              },
              "description": {},
              "slug": "vacuum-flasks-and-thermoses",
              "keywords": { "en": [], "ar": []},
              "children": []
            },
            {
              "name": {
                "en": "Water Bottles"
              },
              "description": {},
              "slug": "water-bottles",
              "keywords": { "en": [], "ar": []},
              "children": []
            },
            {
              "name": {
                "en": "Water Pots & Kettles"
              },
              "description": {},
              "slug": "water-pots-and-kettles",
              "keywords": { "en": [], "ar": []},
              "children": []
            },
            {
              "name": {
                "en": "Wine Cup"
              },
              "description": {},
              "slug": "wine-cup",
              "keywords": { "en": [], "ar": []},
              "children": []
            }
          ]
        },
        {
          "name": {
            "en": "Flatware"
          },
          "description": {},
          "slug": "flatware",
          "keywords": { "en": [], "ar": []},
          "children": [
            {
              "name": {
                "en": "Chopsticks"
              },
              "description": {},
              "slug": "chopsticks",
              "keywords": { "en": [], "ar": []},
              "children": []
            },
            {
              "name": {
                "en": "Dinner Knives"
              },
              "description": {},
              "slug": "dinner-knives",
              "keywords": { "en": [], "ar": []},
              "children": []
            },
            {
              "name": {
                "en": "Flatware Sets"
              },
              "description": {},
              "slug": "flatware-sets",
              "keywords": { "en": [], "ar": []},
              "children": []
            },
            {
              "name": {
                "en": "Forks"
              },
              "description": {},
              "slug": "forks",
              "keywords": { "en": [], "ar": []},
              "children": []
            },
            {
              "name": {
                "en": "Spoons"
              },
              "description": {},
              "slug": "spoons",
              "keywords": { "en": [], "ar": []},
              "children": []
            }
          ]
        },
        {
          "name": {
            "en": "Kitchen Knives & Accessories"
          },
          "description": {},
          "slug": "kitchen-knives-and-accessories",
          "keywords": { "en": [], "ar": []},
          "children": [
            {
              "name": {
                "en": "Blocks & Roll Bags"
              },
              "description": {},
              "slug": "blocks-and-roll-bags",
              "keywords": { "en": [], "ar": []},
              "children": []
            },
            {
              "name": {
                "en": "Chopping Blocks"
              },
              "description": {},
              "slug": "chopping-blocks",
              "keywords": { "en": [], "ar": []},
              "children": []
            },
            {
              "name": {
                "en": "Kitchen Knives"
              },
              "description": {},
              "slug": "kitchen-knives",
              "keywords": { "en": [], "ar": []},
              "children": []
            },
            {
              "name": {
                "en": "Kitchen Scissor"
              },
              "description": {},
              "slug": "kitchen-scissor",
              "keywords": { "en": [], "ar": []},
              "children": []
            },
            {
              "name": {
                "en": "Knife Sets"
              },
              "description": {},
              "slug": "knife-sets",
              "keywords": { "en": [], "ar": []},
              "children": []
            },
            {
              "name": {
                "en": "Other Knife Accessories"
              },
              "description": {},
              "slug": "other-knife-accessories",
              "keywords": { "en": [], "ar": []},
              "children": []
            },
            {
              "name": {
                "en": "Sharpeners"
              },
              "description": {},
              "slug": "sharpeners",
              "keywords": { "en": [], "ar": []},
              "children": []
            }
          ]
        },
        {
          "name": {
            "en": "Kitchen Tools & Gadgets"
          },
          "description": {},
          "slug": "kitchen-tools-and-gadgets",
          "keywords": { "en": [], "ar": []},
          "children": [
            {
              "name": {
                "en": "Cheese Tools"
              },
              "description": {},
              "slug": "cheese-tools",
              "keywords": { "en": [], "ar": []},
              "children": []
            },
            {
              "name": {
                "en": "Coffee & Tea Tools"
              },
              "description": {},
              "slug": "coffee-and-tea-tools",
              "keywords": { "en": [], "ar": []},
              "children": []
            },
            {
              "name": {
                "en": "Colanders & Strainers"
              },
              "description": {},
              "slug": "colanders-and-strainers",
              "keywords": { "en": [], "ar": []},
              "children": []
            },
            {
              "name": {
                "en": "Cooking Tool Sets"
              },
              "description": {},
              "slug": "cooking-tool-sets",
              "keywords": { "en": [], "ar": []},
              "children": []
            },
            {
              "name": {
                "en": "Dessert Tools"
              },
              "description": {},
              "slug": "dessert-tools",
              "keywords": { "en": [], "ar": []},
              "children": []
            },
            {
              "name": {
                "en": "Egg Tools"
              },
              "description": {},
              "slug": "egg-tools",
              "keywords": { "en": [], "ar": []},
              "children": []
            },
            {
              "name": {
                "en": "Fruit & Vegetable Tools"
              },
              "description": {},
              "slug": "fruit-and-vegetable-tools",
              "keywords": { "en": [], "ar": []},
              "children": []
            },
            {
              "name": {
                "en": "Herb & Spice Tools"
              },
              "description": {},
              "slug": "herb-and-spice-tools",
              "keywords": { "en": [], "ar": []},
              "children": []
            },
            {
              "name": {
                "en": "Ice Cream Tools"
              },
              "description": {},
              "slug": "ice-cream-tools",
              "keywords": { "en": [], "ar": []},
              "children": []
            },
            {
              "name": {
                "en": "Kitchen Lighters"
              },
              "description": {},
              "slug": "kitchen-lighters",
              "keywords": { "en": [], "ar": []},
              "children": []
            },
            {
              "name": {
                "en": "Kitchen Timers"
              },
              "description": {},
              "slug": "kitchen-timers",
              "keywords": { "en": [], "ar": []},
              "children": []
            },
            {
              "name": {
                "en": "Measuring Tools"
              },
              "description": {},
              "slug": "measuring-tools",
              "keywords": { "en": [], "ar": []},
              "children": []
            },
            {
              "name": {
                "en": "Meat & Poultry Tools"
              },
              "description": {},
              "slug": "meat-and-poultry-tools",
              "keywords": { "en": [], "ar": []},
              "children": []
            },
            {
              "name": {
                "en": "Mills"
              },
              "description": {},
              "slug": "mills",
              "keywords": { "en": [], "ar": []},
              "children": []
            },
            {
              "name": {
                "en": "Openers"
              },
              "description": {},
              "slug": "openers",
              "keywords": { "en": [], "ar": []},
              "children": []
            },
            {
              "name": {
                "en": "Other Cooking Tools"
              },
              "description": {},
              "slug": "other-cooking-tools",
              "keywords": { "en": [], "ar": []},
              "children": []
            },
            {
              "name": {
                "en": "Pasta Tools"
              },
              "description": {},
              "slug": "pasta-tools",
              "keywords": { "en": [], "ar": []},
              "children": []
            },
            {
              "name": {
                "en": "Salad Tools"
              },
              "description": {},
              "slug": "salad-tools",
              "keywords": { "en": [], "ar": []},
              "children": []
            },
            {
              "name": {
                "en": "Seafood Tools"
              },
              "description": {},
              "slug": "seafood-tools",
              "keywords": { "en": [], "ar": []},
              "children": []
            },
            {
              "name": {
                "en": "Specialty Tools"
              },
              "description": {},
              "slug": "specialty-tools",
              "keywords": { "en": [], "ar": []},
              "children": []
            },
            {
              "name": {
                "en": "Spoon Rests & Pot Clips"
              },
              "description": {},
              "slug": "spoon-rests-and-pot-clips",
              "keywords": { "en": [], "ar": []},
              "children": []
            },
            {
              "name": {
                "en": "Sushi Tools"
              },
              "description": {},
              "slug": "sushi-tools",
              "keywords": { "en": [], "ar": []},
              "children": []
            },
            {
              "name": {
                "en": "Utensils"
              },
              "description": {},
              "slug": "utensils",
              "keywords": { "en": [], "ar": []},
              "children": []
            }
          ]
        },
        {
          "name": {
            "en": "Other Kitchen,Dining & Bar"
          },
          "description": {},
          "slug": "other-kitchendining-and-bar",
          "keywords": { "en": [], "ar": []},
          "children": []
        },
        {
          "name": {
            "en": "Other Tableware"
          },
          "description": {},
          "slug": "other-tableware",
          "keywords": { "en": [], "ar": []},
          "children": []
        },
        {
          "name": {
            "en": "Table Decoration & Accessories"
          },
          "description": {},
          "slug": "table-decoration-and-accessories",
          "keywords": { "en": [], "ar": []},
          "children": [
            {
              "name": {
                "en": "Mats & Pads"
              },
              "description": {},
              "slug": "mats-and-pads",
              "keywords": { "en": [], "ar": []},
              "children": []
            },
            {
              "name": {
                "en": "Napkin Rings"
              },
              "description": {},
              "slug": "napkin-rings",
              "keywords": { "en": [], "ar": []},
              "children": []
            },
            {
              "name": {
                "en": "Other Table Decoration & Accessories"
              },
              "description": {},
              "slug": "other-table-decoration-and-accessories",
              "keywords": { "en": [], "ar": []},
              "children": []
            },
            {
              "name": {
                "en": "Tissue Boxes"
              },
              "description": {},
              "slug": "tissue-boxes",
              "keywords": { "en": [], "ar": []},
              "children": []
            },
            {
              "name": {
                "en": "Toothpick Holders"
              },
              "description": {},
              "slug": "toothpick-holders",
              "keywords": { "en": [], "ar": []},
              "children": []
            },
            {
              "name": {
                "en": "Toothpicks"
              },
              "description": {},
              "slug": "toothpicks",
              "keywords": { "en": [], "ar": []},
              "children": []
            }
          ]
        }
      ]
    },
    {
      "name": {
        "en": "Lighters & Smoking Accessories"
      },
      "description": {},
      "slug": "lighters-and-smoking-accessories",
      "keywords": { "en": [], "ar": []},
      "children": [
        {
          "name": {
            "en": "Ashtrays"
          },
          "description": {},
          "slug": "ashtrays",
          "keywords": { "en": [], "ar": []},
          "children": []
        },
        {
          "name": {
            "en": "Cigar Accessories"
          },
          "description": {},
          "slug": "cigar-accessories",
          "keywords": { "en": [], "ar": []},
          "children": []
        },
        {
          "name": {
            "en": "Cigar Cases/Humidors"
          },
          "description": {},
          "slug": "cigar-caseshumidors",
          "keywords": { "en": [], "ar": []},
          "children": []
        },
        {
          "name": {
            "en": "Cigarette Cases"
          },
          "description": {},
          "slug": "cigarette-cases",
          "keywords": { "en": [], "ar": []},
          "children": []
        },
        {
          "name": {
            "en": "Hookahs"
          },
          "description": {},
          "slug": "hookahs",
          "keywords": { "en": [], "ar": []},
          "children": []
        },
        {
          "name": {
            "en": "Lighters"
          },
          "description": {},
          "slug": "lighters",
          "keywords": { "en": [], "ar": []},
          "children": []
        },
        {
          "name": {
            "en": "Matches"
          },
          "description": {},
          "slug": "matches",
          "keywords": { "en": [], "ar": []},
          "children": []
        },
        {
          "name": {
            "en": "Other Lighters & Smoking Accessories"
          },
          "description": {},
          "slug": "other-lighters-and-smoking-accessories",
          "keywords": { "en": [], "ar": []},
          "children": []
        },
        {
          "name": {
            "en": "Smoking Pipes"
          },
          "description": {},
          "slug": "smoking-pipes",
          "keywords": { "en": [], "ar": []},
          "children": []
        }
      ]
    },
    {
      "name": {
        "en": "Other Home Products"
      },
      "description": {},
      "slug": "other-home-products",
      "keywords": { "en": [], "ar": []},
      "children": []
    },
    {
      "name": {
        "en": "Pet Products"
      },
      "description": {},
      "slug": "pet-products",
      "keywords": { "en": [], "ar": []},
      "children": [
        {
          "name": {
            "en": "Aquariums & Accessories"
          },
          "description": {},
          "slug": "aquariums-and-accessories",
          "keywords": { "en": [], "ar": []},
          "children": []
        },
        {
          "name": {
            "en": "Other Pet Products"
          },
          "description": {},
          "slug": "other-pet-products",
          "keywords": { "en": [], "ar": []},
          "children": []
        },
        {
          "name": {
            "en": "Pet Apparel & Accessories"
          },
          "description": {},
          "slug": "pet-apparel-and-accessories",
          "keywords": { "en": [], "ar": []},
          "children": []
        },
        {
          "name": {
            "en": "Pet Beds & Accessories"
          },
          "description": {},
          "slug": "pet-beds-and-accessories",
          "keywords": { "en": [], "ar": []},
          "children": []
        },
        {
          "name": {
            "en": "Pet Bowls & Feeders"
          },
          "description": {},
          "slug": "pet-bowls-and-feeders",
          "keywords": { "en": [], "ar": []},
          "children": []
        },
        {
          "name": {
            "en": "Pet Cages, Carriers & Houses"
          },
          "description": {},
          "slug": "pet-cages-carriers-and-houses",
          "keywords": { "en": [], "ar": []},
          "children": []
        },
        {
          "name": {
            "en": "Pet Caskets & Urns"
          },
          "description": {},
          "slug": "pet-caskets-and-urns",
          "keywords": { "en": [], "ar": []},
          "children": []
        },
        {
          "name": {
            "en": "Pet Cleaning & Grooming Products"
          },
          "description": {},
          "slug": "pet-cleaning-and-grooming-products",
          "keywords": { "en": [], "ar": []},
          "children": []
        },
        {
          "name": {
            "en": "Pet Collars & Leashes"
          },
          "description": {},
          "slug": "pet-collars-and-leashes",
          "keywords": { "en": [], "ar": []},
          "children": []
        },
        {
          "name": {
            "en": "Pet Food"
          },
          "description": {},
          "slug": "pet-food",
          "keywords": { "en": [], "ar": []},
          "children": []
        },
        {
          "name": {
            "en": "Pet Health Care & Supplements"
          },
          "description": {},
          "slug": "pet-health-care-and-supplements",
          "keywords": { "en": [], "ar": []},
          "children": []
        },
        {
          "name": {
            "en": "Pet Toys"
          },
          "description": {},
          "slug": "pet-toys",
          "keywords": { "en": [], "ar": []},
          "children": []
        },
        {
          "name": {
            "en": "Pet Training Products"
          },
          "description": {},
          "slug": "pet-training-products",
          "keywords": { "en": [], "ar": []},
          "children": []
        },
        {
          "name": {
            "en": "Pet Travel & Outdoors"
          },
          "description": {},
          "slug": "pet-travel-and-outdoors",
          "keywords": { "en": [], "ar": []},
          "children": []
        }
      ]
    },
    {
      "name": {
        "en": "Rain Gear"
      },
      "description": {},
      "slug": "rain-gear",
      "keywords": { "en": [], "ar": []},
      "children": [
        {
          "name": {
            "en": "Other Rain Gear"
          },
          "description": {},
          "slug": "other-rain-gear",
          "keywords": { "en": [], "ar": []},
          "children": []
        },
        {
          "name": {
            "en": "Raincoats"
          },
          "description": {},
          "slug": "raincoats",
          "keywords": { "en": [], "ar": []},
          "children": []
        },
        {
          "name": {
            "en": "Umbrella Stands"
          },
          "description": {},
          "slug": "umbrella-stands",
          "keywords": { "en": [], "ar": []},
          "children": []
        },
        {
          "name": {
            "en": "Umbrellas"
          },
          "description": {},
          "slug": "umbrellas",
          "keywords": { "en": [], "ar": []},
          "children": []
        }
      ]
    }
  ]
}
