{
  "name": {
    "en": "Lights & Lighting"
  },
  "description": {},
  "slug": "lights-and-lighting",
  "keywords": { "en": [], "ar": []},
  "children": [
    {
      "name": {
        "en": "Commercial & Industrial Lighting"
      },
      "description": {},
      "slug": "commercial-and-industrial-lighting",
      "keywords": { "en": [], "ar": []},
      "children": [
        {
          "name": {
            "en": "BR Lamp"
          },
          "description": {},
          "slug": "br-lamp",
          "keywords": { "en": [], "ar": []},
          "children": []
        },
        {
          "name": {
            "en": "Canopy Light"
          },
          "description": {},
          "slug": "canopy-light",
          "keywords": { "en": [], "ar": []},
          "children": []
        },
        {
          "name": {
            "en": "Commercial Panel Light"
          },
          "description": {},
          "slug": "commercial-panel-light",
          "keywords": { "en": [], "ar": []},
          "children": []
        },
        {
          "name": {
            "en": "Commercial Down Light"
          },
          "description": {},
          "slug": "commercial-down-light",
          "keywords": { "en": [], "ar": []},
          "children": []
        },
        {
          "name": {
            "en": "Commercial Track Light"
          },
          "description": {},
          "slug": "commercial-track-light",
          "keywords": { "en": [], "ar": []},
          "children": []
        },
        {
          "name": {
            "en": "Decorative Lamp"
          },
          "description": {},
          "slug": "decorative-lamp",
          "keywords": { "en": [], "ar": []},
          "children": []
        },
        {
          "name": {
            "en": "Directional Lamp"
          },
          "description": {},
          "slug": "directional-lamp",
          "keywords": { "en": [], "ar": []},
          "children": []
        },
        {
          "name": {
            "en": "High Bay Lights"
          },
          "description": {},
          "slug": "high-bay-lights",
          "keywords": { "en": [], "ar": []},
          "children": []
        },
        {
          "name": {
            "en": "LED Profile Light"
          },
          "description": {},
          "slug": "led-profile-light",
          "keywords": { "en": [], "ar": []},
          "children": []
        },
        {
          "name": {
            "en": "Linear High Bay Light"
          },
          "description": {},
          "slug": "linear-high-bay-light",
          "keywords": { "en": [], "ar": []},
          "children": []
        },
        {
          "name": {
            "en": "Low Bay Light"
          },
          "description": {},
          "slug": "low-bay-light",
          "keywords": { "en": [], "ar": []},
          "children": []
        },
        {
          "name": {
            "en": "Omnidirectional Lamp"
          },
          "description": {},
          "slug": "omnidirectional-lamp",
          "keywords": { "en": [], "ar": []},
          "children": []
        },
        {
          "name": {
            "en": "Parking Garage Luminaires"
          },
          "description": {},
          "slug": "parking-garage-luminaires",
          "keywords": { "en": [], "ar": []},
          "children": []
        },
        {
          "name": {
            "en": "Plug-in Lamp"
          },
          "description": {},
          "slug": "plug-in-lamp",
          "keywords": { "en": [], "ar": []},
          "children": []
        },
        {
          "name": {
            "en": "Troffer Light"
          },
          "description": {},
          "slug": "troffer-light",
          "keywords": { "en": [], "ar": []},
          "children": []
        },
        {
          "name": {
            "en": "Vapor-tight Fixture"
          },
          "description": {},
          "slug": "vapor-tight-fixture",
          "keywords": { "en": [], "ar": []},
          "children": []
        },
        {
          "name": {
            "en": "Wall Mount Security Light"
          },
          "description": {},
          "slug": "wall-mount-security-light",
          "keywords": { "en": [], "ar": []},
          "children": []
        },
        {
          "name": {
            "en": "Wall Pack Light"
          },
          "description": {},
          "slug": "wall-pack-light",
          "keywords": { "en": [], "ar": []},
          "children": []
        }
      ]
    },
    {
      "name": {
        "en": "Holiday Lighting"
      },
      "description": {},
      "slug": "holiday-lighting",
      "keywords": { "en": [], "ar": []},
      "children": []
    },
    {
      "name": {
        "en": "Indoor Lighting"
      },
      "description": {},
      "slug": "indoor-lighting",
      "keywords": { "en": [], "ar": []},
      "children": [
        {
          "name": {
            "en": "Book Lights"
          },
          "description": {},
          "slug": "book-lights",
          "keywords": { "en": [], "ar": []},
          "children": []
        },
        {
          "name": {
            "en": "Cabinet Lights"
          },
          "description": {},
          "slug": "cabinet-lights",
          "keywords": { "en": [], "ar": []},
          "children": []
        },
        {
          "name": {
            "en": "Ceiling Lights"
          },
          "description": {},
          "slug": "ceiling-lights",
          "keywords": { "en": [], "ar": []},
          "children": []
        },
        {
          "name": {
            "en": "Chandeliers & Pendant Lights"
          },
          "description": {},
          "slug": "chandeliers-and-pendant-lights",
          "keywords": { "en": [], "ar": []},
          "children": []
        },
        {
          "name": {
            "en": "Downlights"
          },
          "description": {},
          "slug": "downlights",
          "keywords": { "en": [], "ar": []},
          "children": []
        },
        {
          "name": {
            "en": "Floor Lamps"
          },
          "description": {},
          "slug": "floor-lamps",
          "keywords": { "en": [], "ar": []},
          "children": []
        },
        {
          "name": {
            "en": "Grille Lights"
          },
          "description": {},
          "slug": "grille-lights",
          "keywords": { "en": [], "ar": []},
          "children": []
        },
        {
          "name": {
            "en": "LED Ceiling Fans"
          },
          "description": {},
          "slug": "led-ceiling-fans",
          "keywords": { "en": [], "ar": []},
          "children": []
        },
        {
          "name": {
            "en": "LED Night Lights"
          },
          "description": {},
          "slug": "led-night-lights",
          "keywords": { "en": [], "ar": []},
          "children": []
        },
        {
          "name": {
            "en": "Mirror Lamps"
          },
          "description": {},
          "slug": "mirror-lamps",
          "keywords": { "en": [], "ar": []},
          "children": []
        },
        {
          "name": {
            "en": "Other Intdoor Lighting"
          },
          "description": {},
          "slug": "other-intdoor-lighting",
          "keywords": { "en": [], "ar": []},
          "children": []
        },
        {
          "name": {
            "en": "Panel Lights"
          },
          "description": {},
          "slug": "panel-lights",
          "keywords": { "en": [], "ar": []},
          "children": []
        },
        {
          "name": {
            "en": "Spotlights"
          },
          "description": {},
          "slug": "spotlights",
          "keywords": { "en": [], "ar": []},
          "children": []
        },
        {
          "name": {
            "en": "Table Lamps"
          },
          "description": {},
          "slug": "table-lamps",
          "keywords": { "en": [], "ar": []},
          "children": []
        },
        {
          "name": {
            "en": "Track Lights"
          },
          "description": {},
          "slug": "track-lights",
          "keywords": { "en": [], "ar": []},
          "children": []
        },
        {
          "name": {
            "en": "Wall Lamps"
          },
          "description": {},
          "slug": "wall-lamps",
          "keywords": { "en": [], "ar": []},
          "children": []
        }
      ]
    },
    {
      "name": {
        "en": "Landscape Lighting"
      },
      "description": {},
      "slug": "landscape-lighting",
      "keywords": { "en": [], "ar": []},
      "children": [
        {
          "name": {
            "en": "Brick Lights"
          },
          "description": {},
          "slug": "brick-lights",
          "keywords": { "en": [], "ar": []},
          "children": []
        },
        {
          "name": {
            "en": "Fountain Lights"
          },
          "description": {},
          "slug": "fountain-lights",
          "keywords": { "en": [], "ar": []},
          "children": []
        },
        {
          "name": {
            "en": "LED Firework Lights"
          },
          "description": {},
          "slug": "led-firework-lights",
          "keywords": { "en": [], "ar": []},
          "children": []
        },
        {
          "name": {
            "en": "LED Illuminated Sign"
          },
          "description": {},
          "slug": "led-illuminated-sign",
          "keywords": { "en": [], "ar": []},
          "children": []
        },
        {
          "name": {
            "en": "LED Light Strings"
          },
          "description": {},
          "slug": "led-light-strings",
          "keywords": { "en": [], "ar": []},
          "children": []
        },
        {
          "name": {
            "en": "LED Neon Lights"
          },
          "description": {},
          "slug": "led-neon-lights",
          "keywords": { "en": [], "ar": []},
          "children": []
        },
        {
          "name": {
            "en": "LED Strips"
          },
          "description": {},
          "slug": "led-strips",
          "keywords": { "en": [], "ar": []},
          "children": []
        },
        {
          "name": {
            "en": "Motif Light"
          },
          "description": {},
          "slug": "motif-light",
          "keywords": { "en": [], "ar": []},
          "children": []
        },
        {
          "name": {
            "en": "Point Lights"
          },
          "description": {},
          "slug": "point-lights",
          "keywords": { "en": [], "ar": []},
          "children": []
        },
        {
          "name": {
            "en": "RGB Tubes"
          },
          "description": {},
          "slug": "rgb-tubes",
          "keywords": { "en": [], "ar": []},
          "children": []
        },
        {
          "name": {
            "en": "Rope Lights"
          },
          "description": {},
          "slug": "rope-lights",
          "keywords": { "en": [], "ar": []},
          "children": []
        }
      ]
    },
    {
      "name": {
        "en": "Lighting Accessories"
      },
      "description": {},
      "slug": "lighting-accessories",
      "keywords": { "en": [], "ar": []},
      "children": [
        {
          "name": {
            "en": "Ballasts"
          },
          "description": {},
          "slug": "ballasts",
          "keywords": { "en": [], "ar": []},
          "children": []
        },
        {
          "name": {
            "en": "Dimmers"
          },
          "description": {},
          "slug": "dimmers",
          "keywords": { "en": [], "ar": []},
          "children": []
        },
        {
          "name": {
            "en": "Heat Sinks"
          },
          "description": {},
          "slug": "heat-sinks",
          "keywords": { "en": [], "ar": []},
          "children": []
        },
        {
          "name": {
            "en": "Lamp Cord Cover"
          },
          "description": {},
          "slug": "lamp-cord-cover",
          "keywords": { "en": [], "ar": []},
          "children": []
        },
        {
          "name": {
            "en": "Lamp Covers & Shades"
          },
          "description": {},
          "slug": "lamp-covers-and-shades",
          "keywords": { "en": [], "ar": []},
          "children": []
        },
        {
          "name": {
            "en": "Lamp Cups"
          },
          "description": {},
          "slug": "lamp-cups",
          "keywords": { "en": [], "ar": []},
          "children": []
        },
        {
          "name": {
            "en": "Lamp Holders & Lamp Bases"
          },
          "description": {},
          "slug": "lamp-holders-and-lamp-bases",
          "keywords": { "en": [], "ar": []},
          "children": []
        },
        {
          "name": {
            "en": "Lamp Poles"
          },
          "description": {},
          "slug": "lamp-poles",
          "keywords": { "en": [], "ar": []},
          "children": []
        },
        {
          "name": {
            "en": "LED Driver"
          },
          "description": {},
          "slug": "led-driver",
          "keywords": { "en": [], "ar": []},
          "children": []
        },
        {
          "name": {
            "en": "LED Encapsulation Series"
          },
          "description": {},
          "slug": "led-encapsulation-series",
          "keywords": { "en": [], "ar": []},
          "children": [
            {
              "name": {
                "en": "AC LED"
              },
              "description": {},
              "slug": "ac-led",
              "keywords": { "en": [], "ar": []},
              "children": []
            },
            {
              "name": {
                "en": "COB LED"
              },
              "description": {},
              "slug": "cob-led",
              "keywords": { "en": [], "ar": []},
              "children": []
            },
            {
              "name": {
                "en": "High Power LED"
              },
              "description": {},
              "slug": "high-power-led",
              "keywords": { "en": [], "ar": []},
              "children": []
            },
            {
              "name": {
                "en": "Infrared Receiver Module"
              },
              "description": {},
              "slug": "infrared-receiver-module",
              "keywords": { "en": [], "ar": []},
              "children": []
            },
            {
              "name": {
                "en": "Lamp LED"
              },
              "description": {},
              "slug": "lamp-led",
              "keywords": { "en": [], "ar": []},
              "children": []
            },
            {
              "name": {
                "en": "Led Digital Tubes"
              },
              "description": {},
              "slug": "led-digital-tubes",
              "keywords": { "en": [], "ar": []},
              "children": []
            },
            {
              "name": {
                "en": "LED Dot Matrix"
              },
              "description": {},
              "slug": "led-dot-matrix",
              "keywords": { "en": [], "ar": []},
              "children": []
            },
            {
              "name": {
                "en": "LED Modules"
              },
              "description": {},
              "slug": "led-modules",
              "keywords": { "en": [], "ar": []},
              "children": []
            },
            {
              "name": {
                "en": "SMD LED"
              },
              "description": {},
              "slug": "smd-led",
              "keywords": { "en": [], "ar": []},
              "children": []
            },
            {
              "name": {
                "en": "Super Flux LED"
              },
              "description": {},
              "slug": "super-flux-led",
              "keywords": { "en": [], "ar": []},
              "children": []
            },
            {
              "name": {
                "en": "UV LED"
              },
              "description": {},
              "slug": "uv-led",
              "keywords": { "en": [], "ar": []},
              "children": []
            }
          ]
        },
        {
          "name": {
            "en": "LED Lenses & Reflectors"
          },
          "description": {},
          "slug": "led-lenses-and-reflectors",
          "keywords": { "en": [], "ar": []},
          "children": []
        },
        {
          "name": {
            "en": "Light Lifters"
          },
          "description": {},
          "slug": "light-lifters",
          "keywords": { "en": [], "ar": []},
          "children": []
        },
        {
          "name": {
            "en": "Lighting Transformers"
          },
          "description": {},
          "slug": "lighting-transformers",
          "keywords": { "en": [], "ar": []},
          "children": []
        },
        {
          "name": {
            "en": "Other Lighting Accessories"
          },
          "description": {},
          "slug": "other-lighting-accessories",
          "keywords": { "en": [], "ar": []},
          "children": []
        },
        {
          "name": {
            "en": "Retrofit Kits"
          },
          "description": {},
          "slug": "retrofit-kits",
          "keywords": { "en": [], "ar": []},
          "children": []
        },
        {
          "name": {
            "en": "Starters"
          },
          "description": {},
          "slug": "starters",
          "keywords": { "en": [], "ar": []},
          "children": []
        }
      ]
    },
    {
      "name": {
        "en": "Lighting Bulbs & Tubes"
      },
      "description": {},
      "slug": "lighting-bulbs-and-tubes",
      "keywords": { "en": [], "ar": []},
      "children": [
        {
          "name": {
            "en": "Energy Saving & Fluorescent"
          },
          "description": {},
          "slug": "energy-saving-and-fluorescent",
          "keywords": { "en": [], "ar": []},
          "children": []
        },
        {
          "name": {
            "en": "Halogen Bulbs"
          },
          "description": {},
          "slug": "halogen-bulbs",
          "keywords": { "en": [], "ar": []},
          "children": []
        },
        {
          "name": {
            "en": "High Pressure Sodium Lamps"
          },
          "description": {},
          "slug": "high-pressure-sodium-lamps",
          "keywords": { "en": [], "ar": []},
          "children": []
        },
        {
          "name": {
            "en": "Incandescent Bulbs"
          },
          "description": {},
          "slug": "incandescent-bulbs",
          "keywords": { "en": [], "ar": []},
          "children": []
        },
        {
          "name": {
            "en": "Induction Lamps"
          },
          "description": {},
          "slug": "induction-lamps",
          "keywords": { "en": [], "ar": []},
          "children": []
        },
        {
          "name": {
            "en": "LED Bulbs"
          },
          "description": {},
          "slug": "led-bulbs",
          "keywords": { "en": [], "ar": []},
          "children": []
        },
        {
          "name": {
            "en": "LED Tubes"
          },
          "description": {},
          "slug": "led-tubes",
          "keywords": { "en": [], "ar": []},
          "children": []
        },
        {
          "name": {
            "en": "Mercury Lamps"
          },
          "description": {},
          "slug": "mercury-lamps",
          "keywords": { "en": [], "ar": []},
          "children": []
        },
        {
          "name": {
            "en": "Metal Halide Lamps"
          },
          "description": {},
          "slug": "metal-halide-lamps",
          "keywords": { "en": [], "ar": []},
          "children": []
        },
        {
          "name": {
            "en": "Neon Bulbs & Tubes"
          },
          "description": {},
          "slug": "neon-bulbs-and-tubes",
          "keywords": { "en": [], "ar": []},
          "children": []
        },
        {
          "name": {
            "en": "Other Lighting Bulbs & Tubes"
          },
          "description": {},
          "slug": "other-lighting-bulbs-and-tubes",
          "keywords": { "en": [], "ar": []},
          "children": []
        },
        {
          "name": {
            "en": "Ultraviolet Lamps"
          },
          "description": {},
          "slug": "ultraviolet-lamps",
          "keywords": { "en": [], "ar": []},
          "children": []
        },
        {
          "name": {
            "en": "Xenon Lamps"
          },
          "description": {},
          "slug": "xenon-lamps",
          "keywords": { "en": [], "ar": []},
          "children": []
        }
      ]
    },
    {
      "name": {
        "en": "Other Lights & Lighting Products"
      },
      "description": {},
      "slug": "other-lights-and-lighting-products",
      "keywords": { "en": [], "ar": []},
      "children": []
    },
    {
      "name": {
        "en": "Outdoor Lighting"
      },
      "description": {},
      "slug": "outdoor-lighting",
      "keywords": { "en": [], "ar": []},
      "children": [
        {
          "name": {
            "en": "Bridge Lamps"
          },
          "description": {},
          "slug": "bridge-lamps",
          "keywords": { "en": [], "ar": []},
          "children": []
        },
        {
          "name": {
            "en": "Camping Lights"
          },
          "description": {},
          "slug": "camping-lights",
          "keywords": { "en": [], "ar": []},
          "children": []
        },
        {
          "name": {
            "en": "Flood Lights"
          },
          "description": {},
          "slug": "flood-lights",
          "keywords": { "en": [], "ar": []},
          "children": []
        },
        {
          "name": {
            "en": "Garden Lights"
          },
          "description": {},
          "slug": "garden-lights",
          "keywords": { "en": [], "ar": []},
          "children": []
        },
        {
          "name": {
            "en": "High Mast Lights"
          },
          "description": {},
          "slug": "high-mast-lights",
          "keywords": { "en": [], "ar": []},
          "children": []
        },
        {
          "name": {
            "en": "Lawn Lights"
          },
          "description": {},
          "slug": "lawn-lights",
          "keywords": { "en": [], "ar": []},
          "children": []
        },
        {
          "name": {
            "en": "Other Outdoor Lighting"
          },
          "description": {},
          "slug": "other-outdoor-lighting",
          "keywords": { "en": [], "ar": []},
          "children": []
        },
        {
          "name": {
            "en": "Outdoor Ceiling Light"
          },
          "description": {},
          "slug": "outdoor-ceiling-light",
          "keywords": { "en": [], "ar": []},
          "children": []
        },
        {
          "name": {
            "en": "Outdoor Pendant Light"
          },
          "description": {},
          "slug": "outdoor-pendant-light",
          "keywords": { "en": [], "ar": []},
          "children": []
        },
        {
          "name": {
            "en": "Outdoor Wall Lamps"
          },
          "description": {},
          "slug": "outdoor-wall-lamps",
          "keywords": { "en": [], "ar": []},
          "children": []
        },
        {
          "name": {
            "en": "Outdoor Wall Lights"
          },
          "description": {},
          "slug": "outdoor-wall-lights",
          "keywords": { "en": [], "ar": []},
          "children": []
        },
        {
          "name": {
            "en": "Path Lights"
          },
          "description": {},
          "slug": "path-lights",
          "keywords": { "en": [], "ar": []},
          "children": []
        },
        {
          "name": {
            "en": "Pillar Lights"
          },
          "description": {},
          "slug": "pillar-lights",
          "keywords": { "en": [], "ar": []},
          "children": []
        },
        {
          "name": {
            "en": "RGB Tubes"
          },
          "description": {},
          "slug": "outdoor-lighting-rgb-tubes",
          "keywords": { "en": [], "ar": []},
          "children": []
        },
        {
          "name": {
            "en": "Solar Light"
          },
          "description": {},
          "slug": "solar-light",
          "keywords": { "en": [], "ar": []},
          "children": []
        },
        {
          "name": {
            "en": "Street Lights"
          },
          "description": {},
          "slug": "street-lights",
          "keywords": { "en": [], "ar": []},
          "children": []
        },
        {
          "name": {
            "en": "Tunnel Lights"
          },
          "description": {},
          "slug": "tunnel-lights",
          "keywords": { "en": [], "ar": []},
          "children": []
        },
        {
          "name": {
            "en": "Underground Lights"
          },
          "description": {},
          "slug": "underground-lights",
          "keywords": { "en": [], "ar": []},
          "children": []
        },
        {
          "name": {
            "en": "Wall Washers"
          },
          "description": {},
          "slug": "wall-washers",
          "keywords": { "en": [], "ar": []},
          "children": []
        }
      ]
    },
    {
      "name": {
        "en": "Professional Lighting"
      },
      "description": {},
      "slug": "professional-lighting",
      "keywords": { "en": [], "ar": []},
      "children": [
        {
          "name": {
            "en": "Advertising Lights"
          },
          "description": {},
          "slug": "advertising-lights",
          "keywords": { "en": [], "ar": []},
          "children": []
        },
        {
          "name": {
            "en": "Aquarium Lights"
          },
          "description": {},
          "slug": "aquarium-lights",
          "keywords": { "en": [], "ar": []},
          "children": []
        },
        {
          "name": {
            "en": "Bug Zappers"
          },
          "description": {},
          "slug": "bug-zappers",
          "keywords": { "en": [], "ar": []},
          "children": []
        },
        {
          "name": {
            "en": "Emergency Lighting"
          },
          "description": {},
          "slug": "emergency-lighting",
          "keywords": { "en": [], "ar": []},
          "children": [
            {
              "name": {
                "en": "Aviation Obstruction Lights"
              },
              "description": {},
              "slug": "aviation-obstruction-lights",
              "keywords": { "en": [], "ar": []},
              "children": []
            },
            {
              "name": {
                "en": "Emergency Lights"
              },
              "description": {},
              "slug": "emergency-lights",
              "keywords": { "en": [], "ar": []},
              "children": []
            },
            {
              "name": {
                "en": "Equipment Indicator Lights"
              },
              "description": {},
              "slug": "equipment-indicator-lights",
              "keywords": { "en": [], "ar": []},
              "children": []
            },
            {
              "name": {
                "en": "（new）Lanterns"
              },
              "description": {},
              "slug": "newlanterns",
              "keywords": { "en": [], "ar": []},
              "children": []
            }
          ]
        },
        {
          "name": {
            "en": "Explosion-proof Lights"
          },
          "description": {},
          "slug": "explosion-proof-lights",
          "keywords": { "en": [], "ar": []},
          "children": []
        },
        {
          "name": {
            "en": "Fishing Lights"
          },
          "description": {},
          "slug": "fishing-lights",
          "keywords": { "en": [], "ar": []},
          "children": []
        },
        {
          "name": {
            "en": "Flashlights & Torches"
          },
          "description": {},
          "slug": "flashlights-and-torches",
          "keywords": { "en": [], "ar": []},
          "children": []
        },
        {
          "name": {
            "en": "Fresh Lights"
          },
          "description": {},
          "slug": "fresh-lights",
          "keywords": { "en": [], "ar": []},
          "children": []
        },
        {
          "name": {
            "en": "Grow Lights"
          },
          "description": {},
          "slug": "grow-lights",
          "keywords": { "en": [], "ar": []},
          "children": []
        },
        {
          "name": {
            "en": "Headlamps"
          },
          "description": {},
          "slug": "headlamps",
          "keywords": { "en": [], "ar": []},
          "children": []
        },
        {
          "name": {
            "en": "IR Lights"
          },
          "description": {},
          "slug": "ir-lights",
          "keywords": { "en": [], "ar": []},
          "children": []
        },
        {
          "name": {
            "en": "LED Fiber Optic Lights"
          },
          "description": {},
          "slug": "led-fiber-optic-lights",
          "keywords": { "en": [], "ar": []},
          "children": []
        },
        {
          "name": {
            "en": "LED Poultry Light"
          },
          "description": {},
          "slug": "led-poultry-light",
          "keywords": { "en": [], "ar": []},
          "children": []
        },
        {
          "name": {
            "en": "Machine Tool Working Lamps"
          },
          "description": {},
          "slug": "machine-tool-working-lamps",
          "keywords": { "en": [], "ar": []},
          "children": []
        },
        {
          "name": {
            "en": "Other Professional Lighting"
          },
          "description": {},
          "slug": "other-professional-lighting",
          "keywords": { "en": [], "ar": []},
          "children": []
        },
        {
          "name": {
            "en": "Pool Lights"
          },
          "description": {},
          "slug": "pool-lights",
          "keywords": { "en": [], "ar": []},
          "children": []
        },
        {
          "name": {
            "en": "Refrigerator Lamps"
          },
          "description": {},
          "slug": "refrigerator-lamps",
          "keywords": { "en": [], "ar": []},
          "children": []
        },
        {
          "name": {
            "en": "Searchlights"
          },
          "description": {},
          "slug": "searchlights",
          "keywords": { "en": [], "ar": []},
          "children": []
        },
        {
          "name": {
            "en": "Stage Lights"
          },
          "description": {},
          "slug": "stage-lights",
          "keywords": { "en": [], "ar": []},
          "children": []
        },
        {
          "name": {
            "en": "Video Lights"
          },
          "description": {},
          "slug": "video-lights",
          "keywords": { "en": [], "ar": []},
          "children": []
        },
        {
          "name": {
            "en": "Working Light"
          },
          "description": {},
          "slug": "working-light",
          "keywords": { "en": [], "ar": []},
          "children": []
        }
      ]
    }
  ]
}
