{
  "name": {
    "en": "Luggage, Bags & Cases"
  },
  "description": {},
  "slug": "luggage-bags-and-cases",
  "keywords": { "en": [], "ar": []},
  "children": [
    {
      "name": {
        "en": "Backpacks"
      },
      "description": {},
      "slug": "backpacks",
      "keywords": { "en": [], "ar": []},
      "children": []
    },
    {
      "name": {
        "en": "Bag & Luggage Making Materials"
      },
      "description": {},
      "slug": "bag-and-luggage-making-materials",
      "keywords": { "en": [], "ar": []},
      "children": []
    },
    {
      "name": {
        "en": "Bag Parts & Accessories"
      },
      "description": {},
      "slug": "bag-parts-and-accessories",
      "keywords": { "en": [], "ar": []},
      "children": []
    },
    {
      "name": {
        "en": "Business Bags & Cases"
      },
      "description": {},
      "slug": "business-bags-and-cases",
      "keywords": { "en": [], "ar": []},
      "children": [
        {
          "name": {
            "en": "Briefcases"
          },
          "description": {},
          "slug": "briefcases",
          "keywords": { "en": [], "ar": []},
          "children": []
        },
        {
          "name": {
            "en": "Laptop Bags"
          },
          "description": {},
          "slug": "laptop-bags",
          "keywords": { "en": [], "ar": []},
          "children": []
        },
        {
          "name": {
            "en": "Other Business Bags & Cases"
          },
          "description": {},
          "slug": "other-business-bags-and-cases",
          "keywords": { "en": [], "ar": []},
          "children": []
        }
      ]
    },
    {
      "name": {
        "en": "Handbags & Messenger Bags"
      },
      "description": {},
      "slug": "handbags-and-messenger-bags",
      "keywords": { "en": [], "ar": []},
      "children": [
        {
          "name": {
            "en": "Evening Bags"
          },
          "description": {},
          "slug": "evening-bags",
          "keywords": { "en": [], "ar": []},
          "children": []
        },
        {
          "name": {
            "en": "Handbags"
          },
          "description": {},
          "slug": "handbags",
          "keywords": { "en": [], "ar": []},
          "children": []
        },
        {
          "name": {
            "en": "Messenger Bags"
          },
          "description": {},
          "slug": "messenger-bags",
          "keywords": { "en": [], "ar": []},
          "children": []
        },
        {
          "name": {
            "en": "Other Handbags & Messenger Bags"
          },
          "description": {},
          "slug": "other-handbags-and-messenger-bags",
          "keywords": { "en": [], "ar": []},
          "children": []
        }
      ]
    },
    {
      "name": {
        "en": "Luggage Cart"
      },
      "description": {},
      "slug": "luggage-cart",
      "keywords": { "en": [], "ar": []},
      "children": []
    },
    {
      "name": {
        "en": "Other Luggage, Bags & Cases"
      },
      "description": {},
      "slug": "other-luggage-bags-and-cases",
      "keywords": { "en": [], "ar": []},
      "children": []
    },
    {
      "name": {
        "en": "Outdoor Bags & Luggage"
      },
      "description": {},
      "slug": "outdoor-bags-and-luggage",
      "keywords": { "en": [], "ar": []},
      "children": [
        {
          "name": {
            "en": "Duffel Bags"
          },
          "description": {},
          "slug": "duffel-bags",
          "keywords": { "en": [], "ar": []},
          "children": []
        },
        {
          "name": {
            "en": "Luggage"
          },
          "description": {},
          "slug": "luggage",
          "keywords": { "en": [], "ar": []},
          "children": []
        },
        {
          "name": {
            "en": "Other Outdoor Bags & Luggage"
          },
          "description": {},
          "slug": "other-outdoor-bags-and-luggage",
          "keywords": { "en": [], "ar": []},
          "children": []
        },
        {
          "name": {
            "en": "Picnic Bags"
          },
          "description": {},
          "slug": "picnic-bags",
          "keywords": { "en": [], "ar": []},
          "children": []
        },
        {
          "name": {
            "en": "Travel Bags"
          },
          "description": {},
          "slug": "travel-bags",
          "keywords": { "en": [], "ar": []},
          "children": []
        },
        {
          "name": {
            "en": "Waist Bags"
          },
          "description": {},
          "slug": "waist-bags",
          "keywords": { "en": [], "ar": []},
          "children": []
        }
      ]
    },
    {
      "name": {
        "en": "Special Purpose Bags & Cases"
      },
      "description": {},
      "slug": "special-purpose-bags-and-cases",
      "keywords": { "en": [], "ar": []},
      "children": [
        {
          "name": {
            "en": "CD Bags & Cases"
          },
          "description": {},
          "slug": "cd-bags-and-cases",
          "keywords": { "en": [], "ar": []},
          "children": []
        },
        {
          "name": {
            "en": "Chip Cases"
          },
          "description": {},
          "slug": "chip-cases",
          "keywords": { "en": [], "ar": []},
          "children": []
        },
        {
          "name": {
            "en": "Cooler Bags"
          },
          "description": {},
          "slug": "cooler-bags",
          "keywords": { "en": [], "ar": []},
          "children": []
        },
        {
          "name": {
            "en": "Cosmetic Bags & Cases"
          },
          "description": {},
          "slug": "cosmetic-bags-and-cases",
          "keywords": { "en": [], "ar": []},
          "children": []
        },
        {
          "name": {
            "en": "Diaper Bags"
          },
          "description": {},
          "slug": "diaper-bags",
          "keywords": { "en": [], "ar": []},
          "children": []
        },
        {
          "name": {
            "en": "Digital Gear & Camera Bags"
          },
          "description": {},
          "slug": "digital-gear-and-camera-bags",
          "keywords": { "en": [], "ar": []},
          "children": []
        },
        {
          "name": {
            "en": "Garment Bags"
          },
          "description": {},
          "slug": "garment-bags",
          "keywords": { "en": [], "ar": []},
          "children": []
        },
        {
          "name": {
            "en": "Instrument Bags & Cases"
          },
          "description": {},
          "slug": "instrument-bags-and-cases",
          "keywords": { "en": [], "ar": []},
          "children": []
        },
        {
          "name": {
            "en": "Other Special Purpose Bags & Cases"
          },
          "description": {},
          "slug": "other-special-purpose-bags-and-cases",
          "keywords": { "en": [], "ar": []},
          "children": []
        },
        {
          "name": {
            "en": "Promotional Bags"
          },
          "description": {},
          "slug": "promotional-bags",
          "keywords": { "en": [], "ar": []},
          "children": []
        },
        {
          "name": {
            "en": "School Bags"
          },
          "description": {},
          "slug": "school-bags",
          "keywords": { "en": [], "ar": []},
          "children": []
        },
        {
          "name": {
            "en": "Shopping Bags"
          },
          "description": {},
          "slug": "shopping-bags",
          "keywords": { "en": [], "ar": []},
          "children": []
        }
      ]
    },
    {
      "name": {
        "en": "Sports & Leisure Bags"
      },
      "description": {},
      "slug": "sports-and-leisure-bags",
      "keywords": { "en": [], "ar": []},
      "children": []
    },
    {
      "name": {
        "en": "Wallets & Holders"
      },
      "description": {},
      "slug": "wallets-and-holders",
      "keywords": { "en": [], "ar": []},
      "children": [
        {
          "name": {
            "en": "Card Holders"
          },
          "description": {},
          "slug": "card-holders",
          "keywords": { "en": [], "ar": []},
          "children": []
        },
        {
          "name": {
            "en": "Coin Purses"
          },
          "description": {},
          "slug": "coin-purses",
          "keywords": { "en": [], "ar": []},
          "children": []
        },
        {
          "name": {
            "en": "Key Wallets"
          },
          "description": {},
          "slug": "key-wallets",
          "keywords": { "en": [], "ar": []},
          "children": []
        },
        {
          "name": {
            "en": "Other Wallets & Holders"
          },
          "description": {},
          "slug": "other-wallets-and-holders",
          "keywords": { "en": [], "ar": []},
          "children": []
        },
        {
          "name": {
            "en": "Wallets"
          },
          "description": {},
          "slug": "wallets",
          "keywords": { "en": [], "ar": []},
          "children": []
        }
      ]
    }
  ]
}
