{
  "name": {
    "en": "Minerals & Metallurgy"
  },
  "description": {},
  "slug": "minerals-and-metallurgy",
  "keywords": { "en": [], "ar": []},
  "children": [
    {
      "name": {
        "en": "Aluminum"
      },
      "description": {},
      "slug": "aluminum",
      "keywords": { "en": [], "ar": []},
      "children": [
        {
          "name": {
            "en": "Aluminum Bars"
          },
          "description": {},
          "slug": "aluminum-bars",
          "keywords": { "en": [], "ar": []},
          "children": []
        },
        {
          "name": {
            "en": "Aluminum Coils"
          },
          "description": {},
          "slug": "aluminum-coils",
          "keywords": { "en": [], "ar": []},
          "children": []
        },
        {
          "name": {
            "en": "Aluminum Pipes"
          },
          "description": {},
          "slug": "aluminum-pipes",
          "keywords": { "en": [], "ar": []},
          "children": []
        },
        {
          "name": {
            "en": "Aluminum Powder"
          },
          "description": {},
          "slug": "aluminum-powder",
          "keywords": { "en": [], "ar": []},
          "children": []
        },
        {
          "name": {
            "en": "Aluminum Profiles"
          },
          "description": {},
          "slug": "aluminum-profiles",
          "keywords": { "en": [], "ar": []},
          "children": []
        },
        {
          "name": {
            "en": "Aluminum Sheets"
          },
          "description": {},
          "slug": "aluminum-sheets",
          "keywords": { "en": [], "ar": []},
          "children": []
        },
        {
          "name": {
            "en": "Aluminum Strips"
          },
          "description": {},
          "slug": "aluminum-strips",
          "keywords": { "en": [], "ar": []},
          "children": []
        },
        {
          "name": {
            "en": "Aluminum Wire"
          },
          "description": {},
          "slug": "aluminum-wire",
          "keywords": { "en": [], "ar": []},
          "children": []
        },
        {
          "name": {
            "en": "Other Aluminum"
          },
          "description": {},
          "slug": "other-aluminum",
          "keywords": { "en": [], "ar": []},
          "children": []
        }
      ]
    },
    {
      "name": {
        "en": "Barbed Wire"
      },
      "description": {},
      "slug": "barbed-wire",
      "keywords": { "en": [], "ar": []},
      "children": []
    },
    {
      "name": {
        "en": "Billets"
      },
      "description": {},
      "slug": "billets",
      "keywords": { "en": [], "ar": []},
      "children": [
        {
          "name": {
            "en": "Aluminum Billets"
          },
          "description": {},
          "slug": "aluminum-billets",
          "keywords": { "en": [], "ar": []},
          "children": []
        },
        {
          "name": {
            "en": "Other Billets"
          },
          "description": {},
          "slug": "other-billets",
          "keywords": { "en": [], "ar": []},
          "children": []
        },
        {
          "name": {
            "en": "Steel Billets"
          },
          "description": {},
          "slug": "steel-billets",
          "keywords": { "en": [], "ar": []},
          "children": []
        }
      ]
    },
    {
      "name": {
        "en": "Carbon"
      },
      "description": {},
      "slug": "carbon",
      "keywords": { "en": [], "ar": []},
      "children": []
    },
    {
      "name": {
        "en": "Cemented Carbide"
      },
      "description": {},
      "slug": "cemented-carbide",
      "keywords": { "en": [], "ar": []},
      "children": []
    },
    {
      "name": {
        "en": "Ceramic Fiber Products"
      },
      "description": {},
      "slug": "ceramic-fiber-products",
      "keywords": { "en": [], "ar": []},
      "children": [
        {
          "name": {
            "en": "Ceramic Fiber Blankets"
          },
          "description": {},
          "slug": "ceramic-fiber-blankets",
          "keywords": { "en": [], "ar": []},
          "children": []
        },
        {
          "name": {
            "en": "Ceramic Fiber Boards"
          },
          "description": {},
          "slug": "ceramic-fiber-boards",
          "keywords": { "en": [], "ar": []},
          "children": []
        },
        {
          "name": {
            "en": "Ceramic Fiber Cloth"
          },
          "description": {},
          "slug": "ceramic-fiber-cloth",
          "keywords": { "en": [], "ar": []},
          "children": []
        },
        {
          "name": {
            "en": "Ceramic Fiber Module"
          },
          "description": {},
          "slug": "ceramic-fiber-module",
          "keywords": { "en": [], "ar": []},
          "children": []
        },
        {
          "name": {
            "en": "Ceramic Fiber Paper"
          },
          "description": {},
          "slug": "ceramic-fiber-paper",
          "keywords": { "en": [], "ar": []},
          "children": []
        },
        {
          "name": {
            "en": "Ceramic Fiber Rope"
          },
          "description": {},
          "slug": "ceramic-fiber-rope",
          "keywords": { "en": [], "ar": []},
          "children": []
        },
        {
          "name": {
            "en": "Ceramic Fiber Yarn"
          },
          "description": {},
          "slug": "ceramic-fiber-yarn",
          "keywords": { "en": [], "ar": []},
          "children": []
        },
        {
          "name": {
            "en": "Ceramic Tape"
          },
          "description": {},
          "slug": "ceramic-tape",
          "keywords": { "en": [], "ar": []},
          "children": []
        },
        {
          "name": {
            "en": "Other Ceramic Fiber Products"
          },
          "description": {},
          "slug": "other-ceramic-fiber-products",
          "keywords": { "en": [], "ar": []},
          "children": []
        }
      ]
    },
    {
      "name": {
        "en": "Ceramics"
      },
      "description": {},
      "slug": "ceramics",
      "keywords": { "en": [], "ar": []},
      "children": []
    },
    {
      "name": {
        "en": "Copper"
      },
      "description": {},
      "slug": "copper",
      "keywords": { "en": [], "ar": []},
      "children": [
        {
          "name": {
            "en": "Copper Bars"
          },
          "description": {},
          "slug": "copper-bars",
          "keywords": { "en": [], "ar": []},
          "children": []
        },
        {
          "name": {
            "en": "Copper Cathode"
          },
          "description": {},
          "slug": "copper-cathode",
          "keywords": { "en": [], "ar": []},
          "children": []
        },
        {
          "name": {
            "en": "Copper Pipes"
          },
          "description": {},
          "slug": "copper-pipes",
          "keywords": { "en": [], "ar": []},
          "children": []
        },
        {
          "name": {
            "en": "Copper Powder"
          },
          "description": {},
          "slug": "copper-powder",
          "keywords": { "en": [], "ar": []},
          "children": []
        },
        {
          "name": {
            "en": "Copper Sheets"
          },
          "description": {},
          "slug": "copper-sheets",
          "keywords": { "en": [], "ar": []},
          "children": []
        },
        {
          "name": {
            "en": "Copper Strips"
          },
          "description": {},
          "slug": "copper-strips",
          "keywords": { "en": [], "ar": []},
          "children": []
        },
        {
          "name": {
            "en": "Copper Wire"
          },
          "description": {},
          "slug": "copper-wire",
          "keywords": { "en": [], "ar": []},
          "children": []
        },
        {
          "name": {
            "en": "Other Copper"
          },
          "description": {},
          "slug": "other-copper",
          "keywords": { "en": [], "ar": []},
          "children": []
        }
      ]
    },
    {
      "name": {
        "en": "Fiber Products"
      },
      "description": {},
      "slug": "fiber-products",
      "keywords": { "en": [], "ar": []},
      "children": []
    },
    {
      "name": {
        "en": "Fiberglass Products"
      },
      "description": {},
      "slug": "fiberglass-products",
      "keywords": { "en": [], "ar": []},
      "children": [
        {
          "name": {
            "en": "Fiberglass Cloth"
          },
          "description": {},
          "slug": "fiberglass-cloth",
          "keywords": { "en": [], "ar": []},
          "children": []
        },
        {
          "name": {
            "en": "Fiberglass Mat"
          },
          "description": {},
          "slug": "fiberglass-mat",
          "keywords": { "en": [], "ar": []},
          "children": []
        },
        {
          "name": {
            "en": "Fiberglass Mesh"
          },
          "description": {},
          "slug": "fiberglass-mesh",
          "keywords": { "en": [], "ar": []},
          "children": []
        },
        {
          "name": {
            "en": "Fiberglass Yarn"
          },
          "description": {},
          "slug": "fiberglass-yarn",
          "keywords": { "en": [], "ar": []},
          "children": []
        },
        {
          "name": {
            "en": "Other Fiberglass Products"
          },
          "description": {},
          "slug": "other-fiberglass-products",
          "keywords": { "en": [], "ar": []},
          "children": []
        }
      ]
    },
    {
      "name": {
        "en": "Glass"
      },
      "description": {},
      "slug": "minerals-and-metallurgy-glass",
      "keywords": { "en": [], "ar": []},
      "children": []
    },
    {
      "name": {
        "en": "Graphite Products"
      },
      "description": {},
      "slug": "graphite-products",
      "keywords": { "en": [], "ar": []},
      "children": [
        {
          "name": {
            "en": "Graphite Crucible"
          },
          "description": {},
          "slug": "graphite-crucible",
          "keywords": { "en": [], "ar": []},
          "children": []
        },
        {
          "name": {
            "en": "Graphite Electrodes"
          },
          "description": {},
          "slug": "graphite-electrodes",
          "keywords": { "en": [], "ar": []},
          "children": []
        },
        {
          "name": {
            "en": "Graphite Mold"
          },
          "description": {},
          "slug": "graphite-mold",
          "keywords": { "en": [], "ar": []},
          "children": []
        },
        {
          "name": {
            "en": "Graphite Powder"
          },
          "description": {},
          "slug": "graphite-powder",
          "keywords": { "en": [], "ar": []},
          "children": []
        },
        {
          "name": {
            "en": "Graphite Rod"
          },
          "description": {},
          "slug": "graphite-rod",
          "keywords": { "en": [], "ar": []},
          "children": []
        },
        {
          "name": {
            "en": "Graphite Sheets"
          },
          "description": {},
          "slug": "graphite-sheets",
          "keywords": { "en": [], "ar": []},
          "children": []
        },
        {
          "name": {
            "en": "Other Graphite Products"
          },
          "description": {},
          "slug": "other-graphite-products",
          "keywords": { "en": [], "ar": []},
          "children": []
        }
      ]
    },
    {
      "name": {
        "en": "Ingots"
      },
      "description": {},
      "slug": "ingots",
      "keywords": { "en": [], "ar": []},
      "children": [
        {
          "name": {
            "en": "Aluminum Ingots"
          },
          "description": {},
          "slug": "aluminum-ingots",
          "keywords": { "en": [], "ar": []},
          "children": []
        },
        {
          "name": {
            "en": "Antimony Ingots"
          },
          "description": {},
          "slug": "antimony-ingots",
          "keywords": { "en": [], "ar": []},
          "children": []
        },
        {
          "name": {
            "en": "Bismuth Ingots"
          },
          "description": {},
          "slug": "bismuth-ingots",
          "keywords": { "en": [], "ar": []},
          "children": []
        },
        {
          "name": {
            "en": "Copper Ingots"
          },
          "description": {},
          "slug": "copper-ingots",
          "keywords": { "en": [], "ar": []},
          "children": []
        },
        {
          "name": {
            "en": "Indium Ingots"
          },
          "description": {},
          "slug": "indium-ingots",
          "keywords": { "en": [], "ar": []},
          "children": []
        },
        {
          "name": {
            "en": "Lead Ingots"
          },
          "description": {},
          "slug": "lead-ingots",
          "keywords": { "en": [], "ar": []},
          "children": []
        },
        {
          "name": {
            "en": "Magnesium Ingots"
          },
          "description": {},
          "slug": "magnesium-ingots",
          "keywords": { "en": [], "ar": []},
          "children": []
        },
        {
          "name": {
            "en": "Manganese Ingots"
          },
          "description": {},
          "slug": "manganese-ingots",
          "keywords": { "en": [], "ar": []},
          "children": []
        },
        {
          "name": {
            "en": "Other Ingots"
          },
          "description": {},
          "slug": "other-ingots",
          "keywords": { "en": [], "ar": []},
          "children": []
        },
        {
          "name": {
            "en": "Silicon Ingots"
          },
          "description": {},
          "slug": "silicon-ingots",
          "keywords": { "en": [], "ar": []},
          "children": []
        },
        {
          "name": {
            "en": "Steel Ingots"
          },
          "description": {},
          "slug": "steel-ingots",
          "keywords": { "en": [], "ar": []},
          "children": []
        },
        {
          "name": {
            "en": "Tin Ingots"
          },
          "description": {},
          "slug": "tin-ingots",
          "keywords": { "en": [], "ar": []},
          "children": []
        },
        {
          "name": {
            "en": "Titanium Ingots"
          },
          "description": {},
          "slug": "titanium-ingots",
          "keywords": { "en": [], "ar": []},
          "children": []
        },
        {
          "name": {
            "en": "Zinc Ingots"
          },
          "description": {},
          "slug": "zinc-ingots",
          "keywords": { "en": [], "ar": []},
          "children": []
        }
      ]
    },
    {
      "name": {
        "en": "Iron"
      },
      "description": {},
      "slug": "iron",
      "keywords": { "en": [], "ar": []},
      "children": [
        {
          "name": {
            "en": "Iron Pipes"
          },
          "description": {},
          "slug": "iron-pipes",
          "keywords": { "en": [], "ar": []},
          "children": []
        },
        {
          "name": {
            "en": "Iron Wire"
          },
          "description": {},
          "slug": "iron-wire",
          "keywords": { "en": [], "ar": []},
          "children": []
        },
        {
          "name": {
            "en": "Other Iron"
          },
          "description": {},
          "slug": "other-iron",
          "keywords": { "en": [], "ar": []},
          "children": []
        }
      ]
    },
    {
      "name": {
        "en": "Lead"
      },
      "description": {},
      "slug": "lead",
      "keywords": { "en": [], "ar": []},
      "children": []
    },
    {
      "name": {
        "en": "Lime"
      },
      "description": {},
      "slug": "lime",
      "keywords": { "en": [], "ar": []},
      "children": []
    },
    {
      "name": {
        "en": "Magnetic Materials"
      },
      "description": {},
      "slug": "magnetic-materials",
      "keywords": { "en": [], "ar": []},
      "children": []
    },
    {
      "name": {
        "en": "Metal Scrap"
      },
      "description": {},
      "slug": "metal-scrap",
      "keywords": { "en": [], "ar": []},
      "children": [
        {
          "name": {
            "en": "Aluminum Scrap"
          },
          "description": {},
          "slug": "aluminum-scrap",
          "keywords": { "en": [], "ar": []},
          "children": []
        },
        {
          "name": {
            "en": "Copper Scrap"
          },
          "description": {},
          "slug": "copper-scrap",
          "keywords": { "en": [], "ar": []},
          "children": []
        },
        {
          "name": {
            "en": "Iron Scrap"
          },
          "description": {},
          "slug": "iron-scrap",
          "keywords": { "en": [], "ar": []},
          "children": []
        },
        {
          "name": {
            "en": "Lead Scrap"
          },
          "description": {},
          "slug": "lead-scrap",
          "keywords": { "en": [], "ar": []},
          "children": []
        },
        {
          "name": {
            "en": "Other Metal Scrap"
          },
          "description": {},
          "slug": "other-metal-scrap",
          "keywords": { "en": [], "ar": []},
          "children": []
        },
        {
          "name": {
            "en": "Stainless Steel Scrap"
          },
          "description": {},
          "slug": "stainless-steel-scrap",
          "keywords": { "en": [], "ar": []},
          "children": []
        },
        {
          "name": {
            "en": "Steel Scrap"
          },
          "description": {},
          "slug": "steel-scrap",
          "keywords": { "en": [], "ar": []},
          "children": []
        },
        {
          "name": {
            "en": "Titanium Scrap"
          },
          "description": {},
          "slug": "titanium-scrap",
          "keywords": { "en": [], "ar": []},
          "children": []
        }
      ]
    },
    {
      "name": {
        "en": "Metal Slabs"
      },
      "description": {},
      "slug": "metal-slabs",
      "keywords": { "en": [], "ar": []},
      "children": []
    },
    {
      "name": {
        "en": "Mineral Wool"
      },
      "description": {},
      "slug": "mineral-wool",
      "keywords": { "en": [], "ar": []},
      "children": []
    },
    {
      "name": {
        "en": "Molybdenum"
      },
      "description": {},
      "slug": "molybdenum",
      "keywords": { "en": [], "ar": []},
      "children": []
    },
    {
      "name": {
        "en": "Nickel"
      },
      "description": {},
      "slug": "nickel",
      "keywords": { "en": [], "ar": []},
      "children": []
    },
    {
      "name": {
        "en": "Non-Metallic Mineral Deposit"
      },
      "description": {},
      "slug": "non-metallic-mineral-deposit",
      "keywords": { "en": [], "ar": []},
      "children": [
        {
          "name": {
            "en": "Barite"
          },
          "description": {},
          "slug": "barite",
          "keywords": { "en": [], "ar": []},
          "children": []
        },
        {
          "name": {
            "en": "Bentonite"
          },
          "description": {},
          "slug": "bentonite",
          "keywords": { "en": [], "ar": []},
          "children": []
        },
        {
          "name": {
            "en": "Dolomite"
          },
          "description": {},
          "slug": "dolomite",
          "keywords": { "en": [], "ar": []},
          "children": []
        },
        {
          "name": {
            "en": "Kaolin"
          },
          "description": {},
          "slug": "kaolin",
          "keywords": { "en": [], "ar": []},
          "children": []
        },
        {
          "name": {
            "en": "Mica"
          },
          "description": {},
          "slug": "mica",
          "keywords": { "en": [], "ar": []},
          "children": []
        },
        {
          "name": {
            "en": "Other Non-Metallic Mineral Deposit"
          },
          "description": {},
          "slug": "other-non-metallic-mineral-deposit",
          "keywords": { "en": [], "ar": []},
          "children": []
        },
        {
          "name": {
            "en": "Perlite"
          },
          "description": {},
          "slug": "perlite",
          "keywords": { "en": [], "ar": []},
          "children": []
        },
        {
          "name": {
            "en": "Sepiolite"
          },
          "description": {},
          "slug": "sepiolite",
          "keywords": { "en": [], "ar": []},
          "children": []
        },
        {
          "name": {
            "en": "Silica"
          },
          "description": {},
          "slug": "silica",
          "keywords": { "en": [], "ar": []},
          "children": []
        },
        {
          "name": {
            "en": "Talc"
          },
          "description": {},
          "slug": "talc",
          "keywords": { "en": [], "ar": []},
          "children": []
        },
        {
          "name": {
            "en": "Vermiculite"
          },
          "description": {},
          "slug": "vermiculite",
          "keywords": { "en": [], "ar": []},
          "children": []
        },
        {
          "name": {
            "en": "Wollastonite"
          },
          "description": {},
          "slug": "wollastonite",
          "keywords": { "en": [], "ar": []},
          "children": []
        }
      ]
    },
    {
      "name": {
        "en": "Ore"
      },
      "description": {},
      "slug": "ore",
      "keywords": { "en": [], "ar": []},
      "children": [
        {
          "name": {
            "en": "Bauxite Ore"
          },
          "description": {},
          "slug": "bauxite-ore",
          "keywords": { "en": [], "ar": []},
          "children": []
        },
        {
          "name": {
            "en": "Chrome Ore"
          },
          "description": {},
          "slug": "chrome-ore",
          "keywords": { "en": [], "ar": []},
          "children": []
        },
        {
          "name": {
            "en": "Copper Ore"
          },
          "description": {},
          "slug": "copper-ore",
          "keywords": { "en": [], "ar": []},
          "children": []
        },
        {
          "name": {
            "en": "Iron Ore"
          },
          "description": {},
          "slug": "iron-ore",
          "keywords": { "en": [], "ar": []},
          "children": []
        },
        {
          "name": {
            "en": "Lead Ore"
          },
          "description": {},
          "slug": "lead-ore",
          "keywords": { "en": [], "ar": []},
          "children": []
        },
        {
          "name": {
            "en": "Manganese Ore"
          },
          "description": {},
          "slug": "manganese-ore",
          "keywords": { "en": [], "ar": []},
          "children": []
        },
        {
          "name": {
            "en": "Nickel Ore"
          },
          "description": {},
          "slug": "nickel-ore",
          "keywords": { "en": [], "ar": []},
          "children": []
        },
        {
          "name": {
            "en": "Other Ore"
          },
          "description": {},
          "slug": "other-ore",
          "keywords": { "en": [], "ar": []},
          "children": []
        },
        {
          "name": {
            "en": "Titanium Ore"
          },
          "description": {},
          "slug": "titanium-ore",
          "keywords": { "en": [], "ar": []},
          "children": []
        },
        {
          "name": {
            "en": "Tungsten Ore"
          },
          "description": {},
          "slug": "tungsten-ore",
          "keywords": { "en": [], "ar": []},
          "children": []
        },
        {
          "name": {
            "en": "Zinc Ore"
          },
          "description": {},
          "slug": "zinc-ore",
          "keywords": { "en": [], "ar": []},
          "children": []
        }
      ]
    },
    {
      "name": {
        "en": "Other Metals & Metal Products"
      },
      "description": {},
      "slug": "other-metals-and-metal-products",
      "keywords": { "en": [], "ar": []},
      "children": []
    },
    {
      "name": {
        "en": "Other Non-Metallic Minerals & Products"
      },
      "description": {},
      "slug": "other-non-metallic-minerals-and-products",
      "keywords": { "en": [], "ar": []},
      "children": []
    },
    {
      "name": {
        "en": "Pig Iron"
      },
      "description": {},
      "slug": "pig-iron",
      "keywords": { "en": [], "ar": []},
      "children": []
    },
    {
      "name": {
        "en": "Quartz Products"
      },
      "description": {},
      "slug": "quartz-products",
      "keywords": { "en": [], "ar": []},
      "children": [
        {
          "name": {
            "en": "Other Quartz Products"
          },
          "description": {},
          "slug": "other-quartz-products",
          "keywords": { "en": [], "ar": []},
          "children": []
        },
        {
          "name": {
            "en": "Quartz Crucible"
          },
          "description": {},
          "slug": "quartz-crucible",
          "keywords": { "en": [], "ar": []},
          "children": []
        },
        {
          "name": {
            "en": "Quartz Plate"
          },
          "description": {},
          "slug": "quartz-plate",
          "keywords": { "en": [], "ar": []},
          "children": []
        },
        {
          "name": {
            "en": "Quartz Rods"
          },
          "description": {},
          "slug": "quartz-rods",
          "keywords": { "en": [], "ar": []},
          "children": []
        },
        {
          "name": {
            "en": "Quartz Stone"
          },
          "description": {},
          "slug": "quartz-stone",
          "keywords": { "en": [], "ar": []},
          "children": []
        },
        {
          "name": {
            "en": "Quartz Tubes"
          },
          "description": {},
          "slug": "quartz-tubes",
          "keywords": { "en": [], "ar": []},
          "children": []
        }
      ]
    },
    {
      "name": {
        "en": "Rare Earth & Products"
      },
      "description": {},
      "slug": "rare-earth-and-products",
      "keywords": { "en": [], "ar": []},
      "children": []
    },
    {
      "name": {
        "en": "Refractory"
      },
      "description": {},
      "slug": "refractory",
      "keywords": { "en": [], "ar": []},
      "children": []
    },
    {
      "name": {
        "en": "Steel"
      },
      "description": {},
      "slug": "steel",
      "keywords": { "en": [], "ar": []},
      "children": [
        {
          "name": {
            "en": "Bearing Steel"
          },
          "description": {},
          "slug": "bearing-steel",
          "keywords": { "en": [], "ar": []},
          "children": []
        },
        {
          "name": {
            "en": "Other Steel Products"
          },
          "description": {},
          "slug": "other-steel-products",
          "keywords": { "en": [], "ar": []},
          "children": []
        },
        {
          "name": {
            "en": "Silicon Steel"
          },
          "description": {},
          "slug": "silicon-steel",
          "keywords": { "en": [], "ar": []},
          "children": []
        },
        {
          "name": {
            "en": "Spring Steel"
          },
          "description": {},
          "slug": "spring-steel",
          "keywords": { "en": [], "ar": []},
          "children": []
        },
        {
          "name": {
            "en": "Stainless Steel"
          },
          "description": {},
          "slug": "stainless-steel",
          "keywords": { "en": [], "ar": []},
          "children": [
            {
              "name": {
                "en": "Other Stainless Steel"
              },
              "description": {},
              "slug": "other-stainless-steel",
              "keywords": { "en": [], "ar": []},
              "children": []
            },
            {
              "name": {
                "en": "Stainless Steel Angles"
              },
              "description": {},
              "slug": "stainless-steel-angles",
              "keywords": { "en": [], "ar": []},
              "children": []
            },
            {
              "name": {
                "en": "Stainless Steel Balls"
              },
              "description": {},
              "slug": "stainless-steel-balls",
              "keywords": { "en": [], "ar": []},
              "children": []
            },
            {
              "name": {
                "en": "Stainless Steel Bars"
              },
              "description": {},
              "slug": "stainless-steel-bars",
              "keywords": { "en": [], "ar": []},
              "children": []
            },
            {
              "name": {
                "en": "Stainless Steel Channels"
              },
              "description": {},
              "slug": "stainless-steel-channels",
              "keywords": { "en": [], "ar": []},
              "children": []
            },
            {
              "name": {
                "en": "Stainless Steel Flats"
              },
              "description": {},
              "slug": "stainless-steel-flats",
              "keywords": { "en": [], "ar": []},
              "children": []
            },
            {
              "name": {
                "en": "Stainless Steel Pipes"
              },
              "description": {},
              "slug": "stainless-steel-pipes",
              "keywords": { "en": [], "ar": []},
              "children": []
            },
            {
              "name": {
                "en": "Stainless Steel Sheets"
              },
              "description": {},
              "slug": "stainless-steel-sheets",
              "keywords": { "en": [], "ar": []},
              "children": []
            },
            {
              "name": {
                "en": "Stainless Steel Strips"
              },
              "description": {},
              "slug": "stainless-steel-strips",
              "keywords": { "en": [], "ar": []},
              "children": []
            },
            {
              "name": {
                "en": "Stainless Steel Wire"
              },
              "description": {},
              "slug": "stainless-steel-wire",
              "keywords": { "en": [], "ar": []},
              "children": []
            }
          ]
        },
        {
          "name": {
            "en": "Steel Pipes"
          },
          "description": {},
          "slug": "steel-pipes",
          "keywords": { "en": [], "ar": []},
          "children": []
        },
        {
          "name": {
            "en": "Steel Profiles"
          },
          "description": {},
          "slug": "steel-profiles",
          "keywords": { "en": [], "ar": []},
          "children": [
            {
              "name": {
                "en": "Beams"
              },
              "description": {},
              "slug": "beams",
              "keywords": { "en": [], "ar": []},
              "children": []
            },
            {
              "name": {
                "en": "Flat Steel"
              },
              "description": {},
              "slug": "flat-steel",
              "keywords": { "en": [], "ar": []},
              "children": []
            },
            {
              "name": {
                "en": "Other Steel Profiles"
              },
              "description": {},
              "slug": "other-steel-profiles",
              "keywords": { "en": [], "ar": []},
              "children": []
            },
            {
              "name": {
                "en": "Square Steel"
              },
              "description": {},
              "slug": "square-steel",
              "keywords": { "en": [], "ar": []},
              "children": []
            },
            {
              "name": {
                "en": "Steel Angles"
              },
              "description": {},
              "slug": "steel-angles",
              "keywords": { "en": [], "ar": []},
              "children": []
            },
            {
              "name": {
                "en": "Steel Channels"
              },
              "description": {},
              "slug": "steel-channels",
              "keywords": { "en": [], "ar": []},
              "children": []
            },
            {
              "name": {
                "en": "Steel H-Beams"
              },
              "description": {},
              "slug": "steel-h-beams",
              "keywords": { "en": [], "ar": []},
              "children": []
            },
            {
              "name": {
                "en": "Steel I-Beams"
              },
              "description": {},
              "slug": "steel-i-beams",
              "keywords": { "en": [], "ar": []},
              "children": []
            }
          ]
        },
        {
          "name": {
            "en": "Steel Rails"
          },
          "description": {},
          "slug": "steel-rails",
          "keywords": { "en": [], "ar": []},
          "children": []
        },
        {
          "name": {
            "en": "Steel Rebars"
          },
          "description": {},
          "slug": "steel-rebars",
          "keywords": { "en": [], "ar": []},
          "children": []
        },
        {
          "name": {
            "en": "Steel Round Bars"
          },
          "description": {},
          "slug": "steel-round-bars",
          "keywords": { "en": [], "ar": []},
          "children": []
        },
        {
          "name": {
            "en": "Steel Sheets"
          },
          "description": {},
          "slug": "steel-sheets",
          "keywords": { "en": [], "ar": []},
          "children": []
        },
        {
          "name": {
            "en": "Steel Strips"
          },
          "description": {},
          "slug": "steel-strips",
          "keywords": { "en": [], "ar": []},
          "children": []
        },
        {
          "name": {
            "en": "Steel Structures"
          },
          "description": {},
          "slug": "steel-structures",
          "keywords": { "en": [], "ar": []},
          "children": []
        },
        {
          "name": {
            "en": "Steel Wire"
          },
          "description": {},
          "slug": "steel-wire",
          "keywords": { "en": [], "ar": []},
          "children": []
        },
        {
          "name": {
            "en": "Structural Steel"
          },
          "description": {},
          "slug": "structural-steel",
          "keywords": { "en": [], "ar": []},
          "children": []
        },
        {
          "name": {
            "en": "Tinplate"
          },
          "description": {},
          "slug": "tinplate",
          "keywords": { "en": [], "ar": []},
          "children": []
        }
      ]
    },
    {
      "name": {
        "en": "Titanium"
      },
      "description": {},
      "slug": "titanium",
      "keywords": { "en": [], "ar": []},
      "children": [
        {
          "name": {
            "en": "Other Titanium"
          },
          "description": {},
          "slug": "other-titanium",
          "keywords": { "en": [], "ar": []},
          "children": []
        },
        {
          "name": {
            "en": "Titanium Bars"
          },
          "description": {},
          "slug": "titanium-bars",
          "keywords": { "en": [], "ar": []},
          "children": []
        },
        {
          "name": {
            "en": "Titanium Foil"
          },
          "description": {},
          "slug": "titanium-foil",
          "keywords": { "en": [], "ar": []},
          "children": []
        },
        {
          "name": {
            "en": "Titanium Pipes"
          },
          "description": {},
          "slug": "titanium-pipes",
          "keywords": { "en": [], "ar": []},
          "children": []
        },
        {
          "name": {
            "en": "Titanium Powder"
          },
          "description": {},
          "slug": "titanium-powder",
          "keywords": { "en": [], "ar": []},
          "children": []
        },
        {
          "name": {
            "en": "Titanium Sheets"
          },
          "description": {},
          "slug": "titanium-sheets",
          "keywords": { "en": [], "ar": []},
          "children": []
        },
        {
          "name": {
            "en": "Titanium Wire"
          },
          "description": {},
          "slug": "titanium-wire",
          "keywords": { "en": [], "ar": []},
          "children": []
        }
      ]
    },
    {
      "name": {
        "en": "Tungsten"
      },
      "description": {},
      "slug": "tungsten",
      "keywords": { "en": [], "ar": []},
      "children": [
        {
          "name": {
            "en": "Tungsten Bars"
          },
          "description": {},
          "slug": "tungsten-bars",
          "keywords": { "en": [], "ar": []},
          "children": []
        },
        {
          "name": {
            "en": "Tungsten Crucibles"
          },
          "description": {},
          "slug": "tungsten-crucibles",
          "keywords": { "en": [], "ar": []},
          "children": []
        },
        {
          "name": {
            "en": "Tungsten Foil"
          },
          "description": {},
          "slug": "tungsten-foil",
          "keywords": { "en": [], "ar": []},
          "children": []
        },
        {
          "name": {
            "en": "Tungsten Pipes"
          },
          "description": {},
          "slug": "tungsten-pipes",
          "keywords": { "en": [], "ar": []},
          "children": []
        },
        {
          "name": {
            "en": "Tungsten Powder"
          },
          "description": {},
          "slug": "tungsten-powder",
          "keywords": { "en": [], "ar": []},
          "children": []
        },
        {
          "name": {
            "en": "Tungsten Sheets"
          },
          "description": {},
          "slug": "tungsten-sheets",
          "keywords": { "en": [], "ar": []},
          "children": []
        },
        {
          "name": {
            "en": "Tungsten Wire"
          },
          "description": {},
          "slug": "tungsten-wire",
          "keywords": { "en": [], "ar": []},
          "children": []
        }
      ]
    },
    {
      "name": {
        "en": "Wire Mesh"
      },
      "description": {},
      "slug": "wire-mesh",
      "keywords": { "en": [], "ar": []},
      "children": [
        {
          "name": {
            "en": "Aluminum Wire Mesh"
          },
          "description": {},
          "slug": "aluminum-wire-mesh",
          "keywords": { "en": [], "ar": []},
          "children": []
        },
        {
          "name": {
            "en": "Copper Wire Mesh"
          },
          "description": {},
          "slug": "copper-wire-mesh",
          "keywords": { "en": [], "ar": []},
          "children": []
        },
        {
          "name": {
            "en": "Iron Wire Mesh"
          },
          "description": {},
          "slug": "iron-wire-mesh",
          "keywords": { "en": [], "ar": []},
          "children": []
        },
        {
          "name": {
            "en": "Other Wire Mesh"
          },
          "description": {},
          "slug": "other-wire-mesh",
          "keywords": { "en": [], "ar": []},
          "children": []
        },
        {
          "name": {
            "en": "Steel Wire Mesh"
          },
          "description": {},
          "slug": "steel-wire-mesh",
          "keywords": { "en": [], "ar": []},
          "children": []
        }
      ]
    },
    {
      "name": {
        "en": "Zinc"
      },
      "description": {},
      "slug": "zinc",
      "keywords": { "en": [], "ar": []},
      "children": []
    }
  ]
}
