{
  "name": {
    "en": "Office & School Supplies"
  },
  "description": {},
  "slug": "office-and-school-supplies",
  "keywords": { "en": [], "ar": []},
  "children": [
    {
      "name": {
        "en": "Art Supplies"
      },
      "description": {},
      "slug": "art-supplies",
      "keywords": { "en": [], "ar": []},
      "children": [
        {
          "name": {
            "en": "Art Sets"
          },
          "description": {},
          "slug": "art-sets",
          "keywords": { "en": [], "ar": []},
          "children": []
        },
        {
          "name": {
            "en": "Calligraphy Brushes"
          },
          "description": {},
          "slug": "calligraphy-brushes",
          "keywords": { "en": [], "ar": []},
          "children": []
        },
        {
          "name": {
            "en": "Crayons"
          },
          "description": {},
          "slug": "crayons",
          "keywords": { "en": [], "ar": []},
          "children": []
        },
        {
          "name": {
            "en": "Other Art Supplies"
          },
          "description": {},
          "slug": "other-art-supplies",
          "keywords": { "en": [], "ar": []},
          "children": []
        },
        {
          "name": {
            "en": "Paint Brushes"
          },
          "description": {},
          "slug": "paint-brushes",
          "keywords": { "en": [], "ar": []},
          "children": []
        },
        {
          "name": {
            "en": "Painting Medium"
          },
          "description": {},
          "slug": "painting-medium",
          "keywords": { "en": [], "ar": []},
          "children": [
            {
              "name": {
                "en": "Painting Canvas"
              },
              "description": {},
              "slug": "painting-canvas",
              "keywords": { "en": [], "ar": []},
              "children": []
            },
            {
              "name": {
                "en": "Painting Paper"
              },
              "description": {},
              "slug": "painting-paper",
              "keywords": { "en": [], "ar": []},
              "children": []
            }
          ]
        },
        {
          "name": {
            "en": "Paints"
          },
          "description": {},
          "slug": "paints",
          "keywords": { "en": [], "ar": []},
          "children": [
            {
              "name": {
                "en": "Acrylic Paints"
              },
              "description": {},
              "slug": "acrylic-paints",
              "keywords": { "en": [], "ar": []},
              "children": []
            },
            {
              "name": {
                "en": "Gouache Paint"
              },
              "description": {},
              "slug": "gouache-paint",
              "keywords": { "en": [], "ar": []},
              "children": []
            },
            {
              "name": {
                "en": "Oil Paints"
              },
              "description": {},
              "slug": "oil-paints",
              "keywords": { "en": [], "ar": []},
              "children": []
            },
            {
              "name": {
                "en": "Other Art Paints"
              },
              "description": {},
              "slug": "other-art-paints",
              "keywords": { "en": [], "ar": []},
              "children": []
            },
            {
              "name": {
                "en": "Water Color"
              },
              "description": {},
              "slug": "water-color",
              "keywords": { "en": [], "ar": []},
              "children": []
            }
          ]
        },
        {
          "name": {
            "en": "Palette"
          },
          "description": {},
          "slug": "palette",
          "keywords": { "en": [], "ar": []},
          "children": []
        }
      ]
    },
    {
      "name": {
        "en": "Badge Holder & Accessories"
      },
      "description": {},
      "slug": "badge-holder-and-accessories",
      "keywords": { "en": [], "ar": []},
      "children": []
    },
    {
      "name": {
        "en": "Board"
      },
      "description": {},
      "slug": "board",
      "keywords": { "en": [], "ar": []},
      "children": [
        {
          "name": {
            "en": "Blackboard"
          },
          "description": {},
          "slug": "blackboard",
          "keywords": { "en": [], "ar": []},
          "children": []
        },
        {
          "name": {
            "en": "Bulletin Board"
          },
          "description": {},
          "slug": "bulletin-board",
          "keywords": { "en": [], "ar": []},
          "children": []
        },
        {
          "name": {
            "en": "Flip Chart"
          },
          "description": {},
          "slug": "flip-chart",
          "keywords": { "en": [], "ar": []},
          "children": []
        },
        {
          "name": {
            "en": "Other Boards for Office & School"
          },
          "description": {},
          "slug": "other-boards-for-office-and-school",
          "keywords": { "en": [], "ar": []},
          "children": []
        },
        {
          "name": {
            "en": "Whiteboard"
          },
          "description": {},
          "slug": "whiteboard",
          "keywords": { "en": [], "ar": []},
          "children": []
        }
      ]
    },
    {
      "name": {
        "en": "Board Eraser"
      },
      "description": {},
      "slug": "board-eraser",
      "keywords": { "en": [], "ar": []},
      "children": [
        {
          "name": {
            "en": "Blackboard Eraser"
          },
          "description": {},
          "slug": "blackboard-eraser",
          "keywords": { "en": [], "ar": []},
          "children": []
        },
        {
          "name": {
            "en": "Other Board Eraser"
          },
          "description": {},
          "slug": "other-board-eraser",
          "keywords": { "en": [], "ar": []},
          "children": []
        },
        {
          "name": {
            "en": "Whiteboard Eraser"
          },
          "description": {},
          "slug": "whiteboard-eraser",
          "keywords": { "en": [], "ar": []},
          "children": []
        }
      ]
    },
    {
      "name": {
        "en": "Book Cover"
      },
      "description": {},
      "slug": "book-cover",
      "keywords": { "en": [], "ar": []},
      "children": []
    },
    {
      "name": {
        "en": "Books"
      },
      "description": {},
      "slug": "books",
      "keywords": { "en": [], "ar": []},
      "children": []
    },
    {
      "name": {
        "en": "Calculator"
      },
      "description": {},
      "slug": "calculator",
      "keywords": { "en": [], "ar": []},
      "children": []
    },
    {
      "name": {
        "en": "Calendar"
      },
      "description": {},
      "slug": "calendar",
      "keywords": { "en": [], "ar": []},
      "children": []
    },
    {
      "name": {
        "en": "Clipboard"
      },
      "description": {},
      "slug": "clipboard",
      "keywords": { "en": [], "ar": []},
      "children": []
    },
    {
      "name": {
        "en": "Correction Supplies"
      },
      "description": {},
      "slug": "correction-supplies",
      "keywords": { "en": [], "ar": []},
      "children": [
        {
          "name": {
            "en": "Correction Fluid"
          },
          "description": {},
          "slug": "correction-fluid",
          "keywords": { "en": [], "ar": []},
          "children": []
        },
        {
          "name": {
            "en": "Correction Tape"
          },
          "description": {},
          "slug": "correction-tape",
          "keywords": { "en": [], "ar": []},
          "children": []
        },
        {
          "name": {
            "en": "Eraser"
          },
          "description": {},
          "slug": "eraser",
          "keywords": { "en": [], "ar": []},
          "children": []
        }
      ]
    },
    {
      "name": {
        "en": "Desk Organizer"
      },
      "description": {},
      "slug": "desk-organizer",
      "keywords": { "en": [], "ar": []},
      "children": [
        {
          "name": {
            "en": "Bookends"
          },
          "description": {},
          "slug": "bookends",
          "keywords": { "en": [], "ar": []},
          "children": []
        },
        {
          "name": {
            "en": "Card Holder & Note Holder"
          },
          "description": {},
          "slug": "card-holder-and-note-holder",
          "keywords": { "en": [], "ar": []},
          "children": []
        },
        {
          "name": {
            "en": "Clip Holder & Clip Dispenser"
          },
          "description": {},
          "slug": "clip-holder-and-clip-dispenser",
          "keywords": { "en": [], "ar": []},
          "children": []
        },
        {
          "name": {
            "en": "Desk Set"
          },
          "description": {},
          "slug": "desk-set",
          "keywords": { "en": [], "ar": []},
          "children": []
        },
        {
          "name": {
            "en": "File Tray"
          },
          "description": {},
          "slug": "file-tray",
          "keywords": { "en": [], "ar": []},
          "children": []
        },
        {
          "name": {
            "en": "Letter Holder"
          },
          "description": {},
          "slug": "letter-holder",
          "keywords": { "en": [], "ar": []},
          "children": []
        },
        {
          "name": {
            "en": "Magazine Organizer"
          },
          "description": {},
          "slug": "magazine-organizer",
          "keywords": { "en": [], "ar": []},
          "children": []
        },
        {
          "name": {
            "en": "Other Desk Organizer"
          },
          "description": {},
          "slug": "other-desk-organizer",
          "keywords": { "en": [], "ar": []},
          "children": []
        },
        {
          "name": {
            "en": "Pen Holders"
          },
          "description": {},
          "slug": "pen-holders",
          "keywords": { "en": [], "ar": []},
          "children": []
        },
        {
          "name": {
            "en": "Stationery Holder"
          },
          "description": {},
          "slug": "stationery-holder",
          "keywords": { "en": [], "ar": []},
          "children": []
        }
      ]
    },
    {
      "name": {
        "en": "Drafting Supplies"
      },
      "description": {},
      "slug": "drafting-supplies",
      "keywords": { "en": [], "ar": []},
      "children": [
        {
          "name": {
            "en": "Compasses"
          },
          "description": {},
          "slug": "compasses",
          "keywords": { "en": [], "ar": []},
          "children": []
        },
        {
          "name": {
            "en": "Math Sets"
          },
          "description": {},
          "slug": "math-sets",
          "keywords": { "en": [], "ar": []},
          "children": []
        },
        {
          "name": {
            "en": "Other Drafting Supplies"
          },
          "description": {},
          "slug": "other-drafting-supplies",
          "keywords": { "en": [], "ar": []},
          "children": []
        },
        {
          "name": {
            "en": "Protractor"
          },
          "description": {},
          "slug": "protractor",
          "keywords": { "en": [], "ar": []},
          "children": []
        },
        {
          "name": {
            "en": "Rulers"
          },
          "description": {},
          "slug": "rulers",
          "keywords": { "en": [], "ar": []},
          "children": []
        }
      ]
    },
    {
      "name": {
        "en": "Easels"
      },
      "description": {},
      "slug": "easels",
      "keywords": { "en": [], "ar": []},
      "children": []
    },
    {
      "name": {
        "en": "Education Supplies"
      },
      "description": {},
      "slug": "education-supplies",
      "keywords": { "en": [], "ar": []},
      "children": [
        {
          "name": {
            "en": "Chalk"
          },
          "description": {},
          "slug": "chalk",
          "keywords": { "en": [], "ar": []},
          "children": []
        },
        {
          "name": {
            "en": "Educational Equipment"
          },
          "description": {},
          "slug": "educational-equipment",
          "keywords": { "en": [], "ar": []},
          "children": []
        },
        {
          "name": {
            "en": "Other Educational Supplies"
          },
          "description": {},
          "slug": "other-educational-supplies",
          "keywords": { "en": [], "ar": []},
          "children": []
        },
        {
          "name": {
            "en": "Teaching Resources"
          },
          "description": {},
          "slug": "teaching-resources",
          "keywords": { "en": [], "ar": []},
          "children": [
            {
              "name": {
                "en": "Chemistry"
              },
              "description": {},
              "slug": "chemistry",
              "keywords": { "en": [], "ar": []},
              "children": []
            },
            {
              "name": {
                "en": "Geography"
              },
              "description": {},
              "slug": "geography",
              "keywords": { "en": [], "ar": []},
              "children": []
            },
            {
              "name": {
                "en": "Language Learning"
              },
              "description": {},
              "slug": "language-learning",
              "keywords": { "en": [], "ar": []},
              "children": []
            },
            {
              "name": {
                "en": "Mathematics"
              },
              "description": {},
              "slug": "mathematics",
              "keywords": { "en": [], "ar": []},
              "children": []
            },
            {
              "name": {
                "en": "Medical Science"
              },
              "description": {},
              "slug": "medical-science",
              "keywords": { "en": [], "ar": []},
              "children": []
            },
            {
              "name": {
                "en": "Other Teaching Resources"
              },
              "description": {},
              "slug": "other-teaching-resources",
              "keywords": { "en": [], "ar": []},
              "children": []
            },
            {
              "name": {
                "en": "Physics"
              },
              "description": {},
              "slug": "physics",
              "keywords": { "en": [], "ar": []},
              "children": []
            }
          ]
        }
      ]
    },
    {
      "name": {
        "en": "Electronic Dictionary"
      },
      "description": {},
      "slug": "electronic-dictionary",
      "keywords": { "en": [], "ar": []},
      "children": []
    },
    {
      "name": {
        "en": "File Folder Accessories"
      },
      "description": {},
      "slug": "file-folder-accessories",
      "keywords": { "en": [], "ar": []},
      "children": []
    },
    {
      "name": {
        "en": "Filing Products"
      },
      "description": {},
      "slug": "filing-products",
      "keywords": { "en": [], "ar": []},
      "children": []
    },
    {
      "name": {
        "en": "Letter Pad / Paper"
      },
      "description": {},
      "slug": "letter-pad-paper",
      "keywords": { "en": [], "ar": []},
      "children": []
    },
    {
      "name": {
        "en": "Magazines"
      },
      "description": {},
      "slug": "magazines",
      "keywords": { "en": [], "ar": []},
      "children": []
    },
    {
      "name": {
        "en": "Map"
      },
      "description": {},
      "slug": "map",
      "keywords": { "en": [], "ar": []},
      "children": []
    },
    {
      "name": {
        "en": "Markers & Highlighters"
      },
      "description": {},
      "slug": "markers-and-highlighters",
      "keywords": { "en": [], "ar": []},
      "children": [
        {
          "name": {
            "en": "Art Markers"
          },
          "description": {},
          "slug": "art-markers",
          "keywords": { "en": [], "ar": []},
          "children": []
        },
        {
          "name": {
            "en": "Highlighters"
          },
          "description": {},
          "slug": "highlighters",
          "keywords": { "en": [], "ar": []},
          "children": []
        },
        {
          "name": {
            "en": "Marker Pens"
          },
          "description": {},
          "slug": "marker-pens",
          "keywords": { "en": [], "ar": []},
          "children": []
        },
        {
          "name": {
            "en": "Other Markers & Highlighters"
          },
          "description": {},
          "slug": "other-markers-and-highlighters",
          "keywords": { "en": [], "ar": []},
          "children": []
        },
        {
          "name": {
            "en": "Whiteboard Marker"
          },
          "description": {},
          "slug": "whiteboard-marker",
          "keywords": { "en": [], "ar": []},
          "children": []
        }
      ]
    },
    {
      "name": {
        "en": "Notebooks & Writing Pads"
      },
      "description": {},
      "slug": "notebooks-and-writing-pads",
      "keywords": { "en": [], "ar": []},
      "children": [
        {
          "name": {
            "en": "Memo Pad"
          },
          "description": {},
          "slug": "memo-pad",
          "keywords": { "en": [], "ar": []},
          "children": []
        },
        {
          "name": {
            "en": "Notebook"
          },
          "description": {},
          "slug": "notebook",
          "keywords": { "en": [], "ar": []},
          "children": []
        }
      ]
    },
    {
      "name": {
        "en": "Office Adhesives & Tapes"
      },
      "description": {},
      "slug": "office-adhesives-and-tapes",
      "keywords": { "en": [], "ar": []},
      "children": [
        {
          "name": {
            "en": "Glue Stick"
          },
          "description": {},
          "slug": "glue-stick",
          "keywords": { "en": [], "ar": []},
          "children": []
        },
        {
          "name": {
            "en": "Liquid Glue"
          },
          "description": {},
          "slug": "liquid-glue",
          "keywords": { "en": [], "ar": []},
          "children": []
        },
        {
          "name": {
            "en": "Office Adhesive Tape"
          },
          "description": {},
          "slug": "office-adhesive-tape",
          "keywords": { "en": [], "ar": []},
          "children": []
        },
        {
          "name": {
            "en": "Other Glue"
          },
          "description": {},
          "slug": "other-glue",
          "keywords": { "en": [], "ar": []},
          "children": []
        },
        {
          "name": {
            "en": "Tape Dispenser"
          },
          "description": {},
          "slug": "tape-dispenser",
          "keywords": { "en": [], "ar": []},
          "children": []
        }
      ]
    },
    {
      "name": {
        "en": "Office Binding Supplies"
      },
      "description": {},
      "slug": "office-binding-supplies",
      "keywords": { "en": [], "ar": []},
      "children": [
        {
          "name": {
            "en": "Clips"
          },
          "description": {},
          "slug": "clips",
          "keywords": { "en": [], "ar": []},
          "children": []
        },
        {
          "name": {
            "en": "Hole Punch"
          },
          "description": {},
          "slug": "hole-punch",
          "keywords": { "en": [], "ar": []},
          "children": []
        },
        {
          "name": {
            "en": "Pin"
          },
          "description": {},
          "slug": "pin",
          "keywords": { "en": [], "ar": []},
          "children": []
        },
        {
          "name": {
            "en": "Staple Remover"
          },
          "description": {},
          "slug": "staple-remover",
          "keywords": { "en": [], "ar": []},
          "children": []
        },
        {
          "name": {
            "en": "Stapler"
          },
          "description": {},
          "slug": "stapler",
          "keywords": { "en": [], "ar": []},
          "children": []
        },
        {
          "name": {
            "en": "Staples"
          },
          "description": {},
          "slug": "staples",
          "keywords": { "en": [], "ar": []},
          "children": []
        }
      ]
    },
    {
      "name": {
        "en": "Office Cutting Supplies"
      },
      "description": {},
      "slug": "office-cutting-supplies",
      "keywords": { "en": [], "ar": []},
      "children": [
        {
          "name": {
            "en": "Letter Opener"
          },
          "description": {},
          "slug": "letter-opener",
          "keywords": { "en": [], "ar": []},
          "children": []
        },
        {
          "name": {
            "en": "Paper Scissors"
          },
          "description": {},
          "slug": "paper-scissors",
          "keywords": { "en": [], "ar": []},
          "children": []
        },
        {
          "name": {
            "en": "Utility Knife"
          },
          "description": {},
          "slug": "utility-knife",
          "keywords": { "en": [], "ar": []},
          "children": []
        }
      ]
    },
    {
      "name": {
        "en": "Office Equipment"
      },
      "description": {},
      "slug": "office-equipment",
      "keywords": { "en": [], "ar": []},
      "children": [
        {
          "name": {
            "en": "All-in-One Printers"
          },
          "description": {},
          "slug": "all-in-one-printers",
          "keywords": { "en": [], "ar": []},
          "children": []
        },
        {
          "name": {
            "en": "Binding Machine"
          },
          "description": {},
          "slug": "binding-machine",
          "keywords": { "en": [], "ar": []},
          "children": []
        },
        {
          "name": {
            "en": "Conference System"
          },
          "description": {},
          "slug": "conference-system",
          "keywords": { "en": [], "ar": []},
          "children": []
        },
        {
          "name": {
            "en": "Copiers"
          },
          "description": {},
          "slug": "copiers",
          "keywords": { "en": [], "ar": []},
          "children": []
        },
        {
          "name": {
            "en": "Digital Duplicator"
          },
          "description": {},
          "slug": "digital-duplicator",
          "keywords": { "en": [], "ar": []},
          "children": []
        },
        {
          "name": {
            "en": "Fax Machines"
          },
          "description": {},
          "slug": "fax-machines",
          "keywords": { "en": [], "ar": []},
          "children": []
        },
        {
          "name": {
            "en": "Graph Plotter"
          },
          "description": {},
          "slug": "graph-plotter",
          "keywords": { "en": [], "ar": []},
          "children": []
        },
        {
          "name": {
            "en": "Laminator"
          },
          "description": {},
          "slug": "laminator",
          "keywords": { "en": [], "ar": []},
          "children": []
        },
        {
          "name": {
            "en": "Other Office Equipment"
          },
          "description": {},
          "slug": "other-office-equipment",
          "keywords": { "en": [], "ar": []},
          "children": []
        },
        {
          "name": {
            "en": "Paper Trimmer"
          },
          "description": {},
          "slug": "paper-trimmer",
          "keywords": { "en": [], "ar": []},
          "children": []
        },
        {
          "name": {
            "en": "Shredder"
          },
          "description": {},
          "slug": "shredder",
          "keywords": { "en": [], "ar": []},
          "children": []
        },
        {
          "name": {
            "en": "Time Recording"
          },
          "description": {},
          "slug": "time-recording",
          "keywords": { "en": [], "ar": []},
          "children": []
        }
      ]
    },
    {
      "name": {
        "en": "Office Paper"
      },
      "description": {},
      "slug": "office-paper",
      "keywords": { "en": [], "ar": []},
      "children": [
        {
          "name": {
            "en": "Carbon Paper"
          },
          "description": {},
          "slug": "carbon-paper",
          "keywords": { "en": [], "ar": []},
          "children": []
        },
        {
          "name": {
            "en": "Carbonless Paper"
          },
          "description": {},
          "slug": "carbonless-paper",
          "keywords": { "en": [], "ar": []},
          "children": []
        },
        {
          "name": {
            "en": "Cash Register Paper"
          },
          "description": {},
          "slug": "cash-register-paper",
          "keywords": { "en": [], "ar": []},
          "children": []
        },
        {
          "name": {
            "en": "Copy Paper"
          },
          "description": {},
          "slug": "copy-paper",
          "keywords": { "en": [], "ar": []},
          "children": []
        },
        {
          "name": {
            "en": "Other Office Paper"
          },
          "description": {},
          "slug": "other-office-paper",
          "keywords": { "en": [], "ar": []},
          "children": []
        },
        {
          "name": {
            "en": "Photo Paper"
          },
          "description": {},
          "slug": "photo-paper",
          "keywords": { "en": [], "ar": []},
          "children": []
        },
        {
          "name": {
            "en": "Thermal Fax Paper"
          },
          "description": {},
          "slug": "thermal-fax-paper",
          "keywords": { "en": [], "ar": []},
          "children": []
        }
      ]
    },
    {
      "name": {
        "en": "Other Office & School Supplies"
      },
      "description": {},
      "slug": "other-office-and-school-supplies",
      "keywords": { "en": [], "ar": []},
      "children": []
    },
    {
      "name": {
        "en": "Paper Envelopes"
      },
      "description": {},
      "slug": "paper-envelopes",
      "keywords": { "en": [], "ar": []},
      "children": []
    },
    {
      "name": {
        "en": "Pencil Cases & Bags"
      },
      "description": {},
      "slug": "pencil-cases-and-bags",
      "keywords": { "en": [], "ar": []},
      "children": [
        {
          "name": {
            "en": "Pencil Bags"
          },
          "description": {},
          "slug": "pencil-bags",
          "keywords": { "en": [], "ar": []},
          "children": []
        },
        {
          "name": {
            "en": "Pencil Cases"
          },
          "description": {},
          "slug": "pencil-cases",
          "keywords": { "en": [], "ar": []},
          "children": []
        }
      ]
    },
    {
      "name": {
        "en": "Pencil Sharpeners"
      },
      "description": {},
      "slug": "pencil-sharpeners",
      "keywords": { "en": [], "ar": []},
      "children": []
    },
    {
      "name": {
        "en": "Pencils"
      },
      "description": {},
      "slug": "pencils",
      "keywords": { "en": [], "ar": []},
      "children": [
        {
          "name": {
            "en": "Colored Pencils"
          },
          "description": {},
          "slug": "colored-pencils",
          "keywords": { "en": [], "ar": []},
          "children": []
        },
        {
          "name": {
            "en": "Mechanical Pencils"
          },
          "description": {},
          "slug": "mechanical-pencils",
          "keywords": { "en": [], "ar": []},
          "children": []
        },
        {
          "name": {
            "en": "Other Pencils"
          },
          "description": {},
          "slug": "other-pencils",
          "keywords": { "en": [], "ar": []},
          "children": []
        },
        {
          "name": {
            "en": "Standard Pencils"
          },
          "description": {},
          "slug": "standard-pencils",
          "keywords": { "en": [], "ar": []},
          "children": []
        }
      ]
    },
    {
      "name": {
        "en": "Pens"
      },
      "description": {},
      "slug": "pens",
      "keywords": { "en": [], "ar": []},
      "children": [
        {
          "name": {
            "en": "Ballpoint Pens"
          },
          "description": {},
          "slug": "ballpoint-pens",
          "keywords": { "en": [], "ar": []},
          "children": []
        },
        {
          "name": {
            "en": "Fountain Pens"
          },
          "description": {},
          "slug": "fountain-pens",
          "keywords": { "en": [], "ar": []},
          "children": []
        },
        {
          "name": {
            "en": "Gel Pens"
          },
          "description": {},
          "slug": "gel-pens",
          "keywords": { "en": [], "ar": []},
          "children": []
        },
        {
          "name": {
            "en": "Multi Function Pen"
          },
          "description": {},
          "slug": "multi-function-pen",
          "keywords": { "en": [], "ar": []},
          "children": []
        },
        {
          "name": {
            "en": "Other Pens"
          },
          "description": {},
          "slug": "other-pens",
          "keywords": { "en": [], "ar": []},
          "children": []
        },
        {
          "name": {
            "en": "Roller Pens"
          },
          "description": {},
          "slug": "roller-pens",
          "keywords": { "en": [], "ar": []},
          "children": []
        }
      ]
    },
    {
      "name": {
        "en": "Printer Supplies"
      },
      "description": {},
      "slug": "printer-supplies",
      "keywords": { "en": [], "ar": []},
      "children": [
        {
          "name": {
            "en": "Cartridge Chip"
          },
          "description": {},
          "slug": "cartridge-chip",
          "keywords": { "en": [], "ar": []},
          "children": []
        },
        {
          "name": {
            "en": "Continuous Ink Supply System"
          },
          "description": {},
          "slug": "continuous-ink-supply-system",
          "keywords": { "en": [], "ar": []},
          "children": []
        },
        {
          "name": {
            "en": "Fuser Film Sleeves"
          },
          "description": {},
          "slug": "fuser-film-sleeves",
          "keywords": { "en": [], "ar": []},
          "children": []
        },
        {
          "name": {
            "en": "Fuser Roller"
          },
          "description": {},
          "slug": "fuser-roller",
          "keywords": { "en": [], "ar": []},
          "children": []
        },
        {
          "name": {
            "en": "Ink Cartridges"
          },
          "description": {},
          "slug": "ink-cartridges",
          "keywords": { "en": [], "ar": []},
          "children": []
        },
        {
          "name": {
            "en": "Ink Refill Kits"
          },
          "description": {},
          "slug": "ink-refill-kits",
          "keywords": { "en": [], "ar": []},
          "children": []
        },
        {
          "name": {
            "en": "OPC Drum"
          },
          "description": {},
          "slug": "opc-drum",
          "keywords": { "en": [], "ar": []},
          "children": []
        },
        {
          "name": {
            "en": "Other Printer Supplies"
          },
          "description": {},
          "slug": "other-printer-supplies",
          "keywords": { "en": [], "ar": []},
          "children": []
        },
        {
          "name": {
            "en": "Printer Ribbons"
          },
          "description": {},
          "slug": "printer-ribbons",
          "keywords": { "en": [], "ar": []},
          "children": []
        },
        {
          "name": {
            "en": "Toner Cartridges"
          },
          "description": {},
          "slug": "toner-cartridges",
          "keywords": { "en": [], "ar": []},
          "children": []
        },
        {
          "name": {
            "en": "Toner Powder"
          },
          "description": {},
          "slug": "toner-powder",
          "keywords": { "en": [], "ar": []},
          "children": []
        }
      ]
    },
    {
      "name": {
        "en": "Stamps"
      },
      "description": {},
      "slug": "stamps",
      "keywords": { "en": [], "ar": []},
      "children": []
    },
    {
      "name": {
        "en": "Stationery Set"
      },
      "description": {},
      "slug": "stationery-set",
      "keywords": { "en": [], "ar": []},
      "children": []
    },
    {
      "name": {
        "en": "Stencils"
      },
      "description": {},
      "slug": "stencils",
      "keywords": { "en": [], "ar": []},
      "children": []
    },
    {
      "name": {
        "en": "Writing Accessories"
      },
      "description": {},
      "slug": "writing-accessories",
      "keywords": { "en": [], "ar": []},
      "children": []
    },
    {
      "name": {
        "en": "Yellow Page"
      },
      "description": {},
      "slug": "yellow-page",
      "keywords": { "en": [], "ar": []},
      "children": []
    }
  ]
}
