{
  "name": {
    "en": "Packaging & Printing"
  },
  "description": {},
  "slug": "packaging-and-printing",
  "keywords": { "en": [], "ar": []},
  "children": [
    {
      "name": {
        "en": "Adhesive Tape, Film, Paper（old）"
      },
      "description": {},
      "slug": "adhesive-tape-film-paperold",
      "keywords": { "en": [], "ar": []},
      "children": []
    },
    {
      "name": {
        "en": "Biodegradable Packaging"
      },
      "description": {},
      "slug": "biodegradable-packaging",
      "keywords": { "en": [], "ar": []},
      "children": []
    },
    {
      "name": {
        "en": "Biodegradable Packaging"
      },
      "description": {},
      "slug": "packaging-and-printing-biodegradable-packaging",
      "keywords": { "en": [], "ar": []},
      "children": [
        {
          "name": {
            "en": "Biodegradable Bags"
          },
          "description": {},
          "slug": "biodegradable-bags",
          "keywords": { "en": [], "ar": []},
          "children": []
        },
        {
          "name": {
            "en": "Biodegradable Boxes"
          },
          "description": {},
          "slug": "biodegradable-boxes",
          "keywords": { "en": [], "ar": []},
          "children": []
        },
        {
          "name": {
            "en": "Biodegradable Cups"
          },
          "description": {},
          "slug": "biodegradable-cups",
          "keywords": { "en": [], "ar": []},
          "children": []
        },
        {
          "name": {
            "en": "Other Biodegradable Packaging"
          },
          "description": {},
          "slug": "other-biodegradable-packaging",
          "keywords": { "en": [], "ar": []},
          "children": []
        }
      ]
    },
    {
      "name": {
        "en": "Drug Packaging"
      },
      "description": {},
      "slug": "drug-packaging",
      "keywords": { "en": [], "ar": []},
      "children": [
        {
          "name": {
            "en": "Empty Capsules"
          },
          "description": {},
          "slug": "empty-capsules",
          "keywords": { "en": [], "ar": []},
          "children": []
        },
        {
          "name": {
            "en": "Pill Storage Cases"
          },
          "description": {},
          "slug": "pill-storage-cases",
          "keywords": { "en": [], "ar": []},
          "children": []
        }
      ]
    },
    {
      "name": {
        "en": "Gift Ribbon"
      },
      "description": {},
      "slug": "gift-ribbon",
      "keywords": { "en": [], "ar": []},
      "children": []
    },
    {
      "name": {
        "en": "Glass Packaging"
      },
      "description": {},
      "slug": "glass-packaging",
      "keywords": { "en": [], "ar": []},
      "children": [
        {
          "name": {
            "en": "Glass Bottle"
          },
          "description": {},
          "slug": "glass-bottle",
          "keywords": { "en": [], "ar": []},
          "children": []
        },
        {
          "name": {
            "en": "Glass Jar"
          },
          "description": {},
          "slug": "glass-jar",
          "keywords": { "en": [], "ar": []},
          "children": []
        },
        {
          "name": {
            "en": "Other Glass Packaging"
          },
          "description": {},
          "slug": "other-glass-packaging",
          "keywords": { "en": [], "ar": []},
          "children": []
        }
      ]
    },
    {
      "name": {
        "en": "Handles"
      },
      "description": {},
      "slug": "handles",
      "keywords": { "en": [], "ar": []},
      "children": []
    },
    {
      "name": {
        "en": "Metal Packaging"
      },
      "description": {},
      "slug": "metal-packaging",
      "keywords": { "en": [], "ar": []},
      "children": [
        {
          "name": {
            "en": "Aluminum Foil"
          },
          "description": {},
          "slug": "aluminum-foil",
          "keywords": { "en": [], "ar": []},
          "children": []
        },
        {
          "name": {
            "en": "Beer Keg"
          },
          "description": {},
          "slug": "beer-keg",
          "keywords": { "en": [], "ar": []},
          "children": []
        },
        {
          "name": {
            "en": "Foil Containers"
          },
          "description": {},
          "slug": "foil-containers",
          "keywords": { "en": [], "ar": []},
          "children": []
        },
        {
          "name": {
            "en": "Metal Bottles"
          },
          "description": {},
          "slug": "metal-bottles",
          "keywords": { "en": [], "ar": []},
          "children": []
        },
        {
          "name": {
            "en": "Metal Box"
          },
          "description": {},
          "slug": "metal-box",
          "keywords": { "en": [], "ar": []},
          "children": []
        },
        {
          "name": {
            "en": "Metal Can"
          },
          "description": {},
          "slug": "metal-can",
          "keywords": { "en": [], "ar": []},
          "children": []
        },
        {
          "name": {
            "en": "Metal Tube"
          },
          "description": {},
          "slug": "metal-tube",
          "keywords": { "en": [], "ar": []},
          "children": []
        },
        {
          "name": {
            "en": "Other Metal Packaging"
          },
          "description": {},
          "slug": "other-metal-packaging",
          "keywords": { "en": [], "ar": []},
          "children": []
        }
      ]
    },
    {
      "name": {
        "en": "Other Packaging Products"
      },
      "description": {},
      "slug": "other-packaging-products",
      "keywords": { "en": [], "ar": []},
      "children": []
    },
    {
      "name": {
        "en": "Packaging Auxiliary Materials"
      },
      "description": {},
      "slug": "packaging-auxiliary-materials",
      "keywords": { "en": [], "ar": []},
      "children": [
        {
          "name": {
            "en": "Adhesive Paper & Film"
          },
          "description": {},
          "slug": "adhesive-paper-and-film",
          "keywords": { "en": [], "ar": []},
          "children": []
        },
        {
          "name": {
            "en": "Adhesive tape"
          },
          "description": {},
          "slug": "adhesive-tape",
          "keywords": { "en": [], "ar": []},
          "children": []
        },
        {
          "name": {
            "en": "Flower Sleeve"
          },
          "description": {},
          "slug": "flower-sleeve",
          "keywords": { "en": [], "ar": []},
          "children": []
        },
        {
          "name": {
            "en": "Ice Pack"
          },
          "description": {},
          "slug": "ice-pack",
          "keywords": { "en": [], "ar": []},
          "children": []
        },
        {
          "name": {
            "en": "Lids, Bottle Caps, Closures"
          },
          "description": {},
          "slug": "lids-bottle-caps-closures",
          "keywords": { "en": [], "ar": []},
          "children": []
        },
        {
          "name": {
            "en": "Packaging Label"
          },
          "description": {},
          "slug": "packaging-label",
          "keywords": { "en": [], "ar": []},
          "children": []
        }
      ]
    },
    {
      "name": {
        "en": "Packaging Design"
      },
      "description": {},
      "slug": "packaging-design",
      "keywords": { "en": [], "ar": []},
      "children": []
    },
    {
      "name": {
        "en": "Packaging Rope"
      },
      "description": {},
      "slug": "packaging-rope",
      "keywords": { "en": [], "ar": []},
      "children": []
    },
    {
      "name": {
        "en": "Paper Packaging"
      },
      "description": {},
      "slug": "paper-packaging",
      "keywords": { "en": [], "ar": []},
      "children": [
        {
          "name": {
            "en": "Other Paper Packaging"
          },
          "description": {},
          "slug": "other-paper-packaging",
          "keywords": { "en": [], "ar": []},
          "children": []
        },
        {
          "name": {
            "en": "Packaging paper"
          },
          "description": {},
          "slug": "packaging-paper",
          "keywords": { "en": [], "ar": []},
          "children": []
        },
        {
          "name": {
            "en": "Paper & Paperboard"
          },
          "description": {},
          "slug": "paper-and-paperboard",
          "keywords": { "en": [], "ar": []},
          "children": []
        },
        {
          "name": {
            "en": "Paper Bags"
          },
          "description": {},
          "slug": "paper-bags",
          "keywords": { "en": [], "ar": []},
          "children": []
        },
        {
          "name": {
            "en": "Paper Boxes"
          },
          "description": {},
          "slug": "paper-boxes",
          "keywords": { "en": [], "ar": []},
          "children": []
        },
        {
          "name": {
            "en": "Paper Cup"
          },
          "description": {},
          "slug": "paper-cup",
          "keywords": { "en": [], "ar": []},
          "children": []
        },
        {
          "name": {
            "en": "Paper Plate & Bowl"
          },
          "description": {},
          "slug": "paper-plate-and-bowl",
          "keywords": { "en": [], "ar": []},
          "children": []
        },
        {
          "name": {
            "en": "Paper Suction Tube"
          },
          "description": {},
          "slug": "paper-suction-tube",
          "keywords": { "en": [], "ar": []},
          "children": []
        },
        {
          "name": {
            "en": "Paper Tube"
          },
          "description": {},
          "slug": "paper-tube",
          "keywords": { "en": [], "ar": []},
          "children": []
        }
      ]
    },
    {
      "name": {
        "en": "Plastic Packaging"
      },
      "description": {},
      "slug": "plastic-packaging",
      "keywords": { "en": [], "ar": []},
      "children": [
        {
          "name": {
            "en": "Other Plastic Packaging"
          },
          "description": {},
          "slug": "other-plastic-packaging",
          "keywords": { "en": [], "ar": []},
          "children": []
        },
        {
          "name": {
            "en": "Plastic Bag"
          },
          "description": {},
          "slug": "plastic-bag",
          "keywords": { "en": [], "ar": []},
          "children": [
            {
              "name": {
                "en": "Laminated Plastic Bags"
              },
              "description": {},
              "slug": "laminated-plastic-bags",
              "keywords": { "en": [], "ar": []},
              "children": []
            },
            {
              "name": {
                "en": "Other plastic bags"
              },
              "description": {},
              "slug": "other-plastic-bags",
              "keywords": { "en": [], "ar": []},
              "children": []
            },
            {
              "name": {
                "en": "Single-layer plastic bag"
              },
              "description": {},
              "slug": "single-layer-plastic-bag",
              "keywords": { "en": [], "ar": []},
              "children": []
            }
          ]
        },
        {
          "name": {
            "en": "Plastic Bottles"
          },
          "description": {},
          "slug": "plastic-bottles",
          "keywords": { "en": [], "ar": []},
          "children": []
        },
        {
          "name": {
            "en": "Plastic Boxes"
          },
          "description": {},
          "slug": "plastic-boxes",
          "keywords": { "en": [], "ar": []},
          "children": []
        },
        {
          "name": {
            "en": "Plastic Cup"
          },
          "description": {},
          "slug": "plastic-cup",
          "keywords": { "en": [], "ar": []},
          "children": []
        },
        {
          "name": {
            "en": "Plastic Film"
          },
          "description": {},
          "slug": "plastic-film",
          "keywords": { "en": [], "ar": []},
          "children": []
        },
        {
          "name": {
            "en": "Plastic Jar"
          },
          "description": {},
          "slug": "plastic-jar",
          "keywords": { "en": [], "ar": []},
          "children": []
        },
        {
          "name": {
            "en": "Plastic Plate & Bowl"
          },
          "description": {},
          "slug": "plastic-plate-and-bowl",
          "keywords": { "en": [], "ar": []},
          "children": []
        },
        {
          "name": {
            "en": "Plastic Tube"
          },
          "description": {},
          "slug": "plastic-tube",
          "keywords": { "en": [], "ar": []},
          "children": []
        },
        {
          "name": {
            "en": "Preforms"
          },
          "description": {},
          "slug": "preforms",
          "keywords": { "en": [], "ar": []},
          "children": []
        }
      ]
    },
    {
      "name": {
        "en": "Printing Materials"
      },
      "description": {},
      "slug": "printing-materials",
      "keywords": { "en": [], "ar": []},
      "children": [
        {
          "name": {
            "en": "Hot Stamping Foil"
          },
          "description": {},
          "slug": "hot-stamping-foil",
          "keywords": { "en": [], "ar": []},
          "children": []
        },
        {
          "name": {
            "en": "Other Printing Materials"
          },
          "description": {},
          "slug": "other-printing-materials",
          "keywords": { "en": [], "ar": []},
          "children": []
        },
        {
          "name": {
            "en": "Printing Inks"
          },
          "description": {},
          "slug": "printing-inks",
          "keywords": { "en": [], "ar": []},
          "children": []
        },
        {
          "name": {
            "en": "Printing Mesh"
          },
          "description": {},
          "slug": "printing-mesh",
          "keywords": { "en": [], "ar": []},
          "children": []
        },
        {
          "name": {
            "en": "Printing Plate"
          },
          "description": {},
          "slug": "printing-plate",
          "keywords": { "en": [], "ar": []},
          "children": []
        },
        {
          "name": {
            "en": "Transfer Film"
          },
          "description": {},
          "slug": "transfer-film",
          "keywords": { "en": [], "ar": []},
          "children": []
        },
        {
          "name": {
            "en": "Transfer Paper"
          },
          "description": {},
          "slug": "transfer-paper",
          "keywords": { "en": [], "ar": []},
          "children": []
        }
      ]
    },
    {
      "name": {
        "en": "Printing Services"
      },
      "description": {},
      "slug": "printing-services",
      "keywords": { "en": [], "ar": []},
      "children": [
        {
          "name": {
            "en": "Disk Replication & Printing"
          },
          "description": {},
          "slug": "disk-replication-and-printing",
          "keywords": { "en": [], "ar": []},
          "children": []
        },
        {
          "name": {
            "en": "Metal Printing"
          },
          "description": {},
          "slug": "metal-printing",
          "keywords": { "en": [], "ar": []},
          "children": []
        },
        {
          "name": {
            "en": "Other Printing Services"
          },
          "description": {},
          "slug": "other-printing-services",
          "keywords": { "en": [], "ar": []},
          "children": []
        },
        {
          "name": {
            "en": "Paper & Paperboard Printing"
          },
          "description": {},
          "slug": "paper-and-paperboard-printing",
          "keywords": { "en": [], "ar": []},
          "children": []
        },
        {
          "name": {
            "en": "Plastic Printing"
          },
          "description": {},
          "slug": "plastic-printing",
          "keywords": { "en": [], "ar": []},
          "children": []
        },
        {
          "name": {
            "en": "Transfer Printing"
          },
          "description": {},
          "slug": "transfer-printing",
          "keywords": { "en": [], "ar": []},
          "children": []
        }
      ]
    },
    {
      "name": {
        "en": "Pulp"
      },
      "description": {},
      "slug": "pulp",
      "keywords": { "en": [], "ar": []},
      "children": []
    },
    {
      "name": {
        "en": "Textile Packaging"
      },
      "description": {},
      "slug": "textile-packaging",
      "keywords": { "en": [], "ar": []},
      "children": [
        {
          "name": {
            "en": "Cotton Packing"
          },
          "description": {},
          "slug": "cotton-packing",
          "keywords": { "en": [], "ar": []},
          "children": []
        },
        {
          "name": {
            "en": "Non-woven Packing"
          },
          "description": {},
          "slug": "non-woven-packing",
          "keywords": { "en": [], "ar": []},
          "children": []
        },
        {
          "name": {
            "en": "Other Textile Packaging"
          },
          "description": {},
          "slug": "other-textile-packaging",
          "keywords": { "en": [], "ar": []},
          "children": []
        },
        {
          "name": {
            "en": "Packaging Organza Material"
          },
          "description": {},
          "slug": "packaging-organza-material",
          "keywords": { "en": [], "ar": []},
          "children": []
        },
        {
          "name": {
            "en": "Velvet Bags"
          },
          "description": {},
          "slug": "velvet-bags",
          "keywords": { "en": [], "ar": []},
          "children": []
        }
      ]
    },
    {
      "name": {
        "en": "Transport Packaging"
      },
      "description": {},
      "slug": "transport-packaging",
      "keywords": { "en": [], "ar": []},
      "children": [
        {
          "name": {
            "en": "Air Dunnage Bag"
          },
          "description": {},
          "slug": "air-dunnage-bag",
          "keywords": { "en": [], "ar": []},
          "children": []
        },
        {
          "name": {
            "en": "Crates"
          },
          "description": {},
          "slug": "crates",
          "keywords": { "en": [], "ar": []},
          "children": []
        },
        {
          "name": {
            "en": "Drums, Pails & Barrels"
          },
          "description": {},
          "slug": "drums-pails-and-barrels",
          "keywords": { "en": [], "ar": []},
          "children": []
        },
        {
          "name": {
            "en": "FIBC Bag"
          },
          "description": {},
          "slug": "fibc-bag",
          "keywords": { "en": [], "ar": []},
          "children": []
        },
        {
          "name": {
            "en": "FlexiTank"
          },
          "description": {},
          "slug": "flexitank",
          "keywords": { "en": [], "ar": []},
          "children": []
        },
        {
          "name": {
            "en": "Gas Cylinders"
          },
          "description": {},
          "slug": "gas-cylinders",
          "keywords": { "en": [], "ar": []},
          "children": []
        },
        {
          "name": {
            "en": "Mailing Bags"
          },
          "description": {},
          "slug": "mailing-bags",
          "keywords": { "en": [], "ar": []},
          "children": []
        },
        {
          "name": {
            "en": "Pallets"
          },
          "description": {},
          "slug": "pallets",
          "keywords": { "en": [], "ar": []},
          "children": []
        },
        {
          "name": {
            "en": "Protective & Cushioning Material"
          },
          "description": {},
          "slug": "protective-and-cushioning-material",
          "keywords": { "en": [], "ar": []},
          "children": []
        },
        {
          "name": {
            "en": "Strapping"
          },
          "description": {},
          "slug": "strapping",
          "keywords": { "en": [], "ar": []},
          "children": []
        }
      ]
    },
    {
      "name": {
        "en": "Woodenen & Bamboo Packaging"
      },
      "description": {},
      "slug": "woodenen-and-bamboo-packaging",
      "keywords": { "en": [], "ar": []},
      "children": [
        {
          "name": {
            "en": "Wooden & Bamboo Box"
          },
          "description": {},
          "slug": "wooden-and-bamboo-box",
          "keywords": { "en": [], "ar": []},
          "children": []
        },
        {
          "name": {
            "en": "Wooden & Bamboo Jar"
          },
          "description": {},
          "slug": "wooden-and-bamboo-jar",
          "keywords": { "en": [], "ar": []},
          "children": []
        },
        {
          "name": {
            "en": "Wooden Cask"
          },
          "description": {},
          "slug": "wooden-cask",
          "keywords": { "en": [], "ar": []},
          "children": []
        }
      ]
    }
  ]
}
