{
  "name": {
    "en": "Rubber & Plastics"
  },
  "description": {},
  "slug": "rubber-and-plastics",
  "keywords": { "en": [], "ar": []},
  "children": [
    {
      "name": {
        "en": "Plastic Products"
      },
      "description": {},
      "slug": "plastic-products",
      "keywords": { "en": [], "ar": []},
      "children": [
        {
          "name": {
            "en": "Agricultural Plastic Products"
          },
          "description": {},
          "slug": "agricultural-plastic-products",
          "keywords": { "en": [], "ar": []},
          "children": []
        },
        {
          "name": {
            "en": "Automotive Plastic Products"
          },
          "description": {},
          "slug": "automotive-plastic-products",
          "keywords": { "en": [], "ar": []},
          "children": []
        },
        {
          "name": {
            "en": "Composite Pipes"
          },
          "description": {},
          "slug": "composite-pipes",
          "keywords": { "en": [], "ar": []},
          "children": []
        },
        {
          "name": {
            "en": "Electronic Plastic"
          },
          "description": {},
          "slug": "electronic-plastic",
          "keywords": { "en": [], "ar": []},
          "children": []
        },
        {
          "name": {
            "en": "Home Appliance Plastic"
          },
          "description": {},
          "slug": "home-appliance-plastic",
          "keywords": { "en": [], "ar": []},
          "children": []
        },
        {
          "name": {
            "en": "Medical Plastic"
          },
          "description": {},
          "slug": "medical-plastic",
          "keywords": { "en": [], "ar": []},
          "children": []
        },
        {
          "name": {
            "en": "Other Plastic Products"
          },
          "description": {},
          "slug": "other-plastic-products",
          "keywords": { "en": [], "ar": []},
          "children": []
        },
        {
          "name": {
            "en": "Plastic Cards"
          },
          "description": {},
          "slug": "plastic-cards",
          "keywords": { "en": [], "ar": []},
          "children": []
        },
        {
          "name": {
            "en": "Plastic Nets"
          },
          "description": {},
          "slug": "plastic-nets",
          "keywords": { "en": [], "ar": []},
          "children": []
        },
        {
          "name": {
            "en": "Plastic Rods"
          },
          "description": {},
          "slug": "plastic-rods",
          "keywords": { "en": [], "ar": []},
          "children": []
        },
        {
          "name": {
            "en": "Plastic Sheets"
          },
          "description": {},
          "slug": "plastic-sheets",
          "keywords": { "en": [], "ar": []},
          "children": []
        },
        {
          "name": {
            "en": "Plastic Tubes"
          },
          "description": {},
          "slug": "plastic-tubes",
          "keywords": { "en": [], "ar": []},
          "children": []
        }
      ]
    },
    {
      "name": {
        "en": "Plastic Projects"
      },
      "description": {},
      "slug": "plastic-projects",
      "keywords": { "en": [], "ar": []},
      "children": []
    },
    {
      "name": {
        "en": "Plastic Raw Materials"
      },
      "description": {},
      "slug": "plastic-raw-materials",
      "keywords": { "en": [], "ar": []},
      "children": [
        {
          "name": {
            "en": "ABS"
          },
          "description": {},
          "slug": "abs",
          "keywords": { "en": [], "ar": []},
          "children": []
        },
        {
          "name": {
            "en": "EPS"
          },
          "description": {},
          "slug": "eps",
          "keywords": { "en": [], "ar": []},
          "children": []
        },
        {
          "name": {
            "en": "EVA"
          },
          "description": {},
          "slug": "eva",
          "keywords": { "en": [], "ar": []},
          "children": []
        },
        {
          "name": {
            "en": "HDPE"
          },
          "description": {},
          "slug": "hdpe",
          "keywords": { "en": [], "ar": []},
          "children": []
        },
        {
          "name": {
            "en": "HIPS"
          },
          "description": {},
          "slug": "hips",
          "keywords": { "en": [], "ar": []},
          "children": []
        },
        {
          "name": {
            "en": "LDPE"
          },
          "description": {},
          "slug": "ldpe",
          "keywords": { "en": [], "ar": []},
          "children": []
        },
        {
          "name": {
            "en": "LLDPE"
          },
          "description": {},
          "slug": "lldpe",
          "keywords": { "en": [], "ar": []},
          "children": []
        },
        {
          "name": {
            "en": "Other Plastic Raw Materials"
          },
          "description": {},
          "slug": "other-plastic-raw-materials",
          "keywords": { "en": [], "ar": []},
          "children": []
        },
        {
          "name": {
            "en": "PA"
          },
          "description": {},
          "slug": "pa",
          "keywords": { "en": [], "ar": []},
          "children": []
        },
        {
          "name": {
            "en": "PBT"
          },
          "description": {},
          "slug": "pbt",
          "keywords": { "en": [], "ar": []},
          "children": []
        },
        {
          "name": {
            "en": "PC"
          },
          "description": {},
          "slug": "pc",
          "keywords": { "en": [], "ar": []},
          "children": []
        },
        {
          "name": {
            "en": "PET"
          },
          "description": {},
          "slug": "pet",
          "keywords": { "en": [], "ar": []},
          "children": []
        },
        {
          "name": {
            "en": "Plastic Masterbatches"
          },
          "description": {},
          "slug": "plastic-masterbatches",
          "keywords": { "en": [], "ar": []},
          "children": []
        },
        {
          "name": {
            "en": "PMMA"
          },
          "description": {},
          "slug": "pmma",
          "keywords": { "en": [], "ar": []},
          "children": []
        },
        {
          "name": {
            "en": "POM"
          },
          "description": {},
          "slug": "pom",
          "keywords": { "en": [], "ar": []},
          "children": []
        },
        {
          "name": {
            "en": "PP"
          },
          "description": {},
          "slug": "pp",
          "keywords": { "en": [], "ar": []},
          "children": []
        },
        {
          "name": {
            "en": "PPO"
          },
          "description": {},
          "slug": "ppo",
          "keywords": { "en": [], "ar": []},
          "children": []
        },
        {
          "name": {
            "en": "PPS"
          },
          "description": {},
          "slug": "pps",
          "keywords": { "en": [], "ar": []},
          "children": []
        },
        {
          "name": {
            "en": "PS"
          },
          "description": {},
          "slug": "ps",
          "keywords": { "en": [], "ar": []},
          "children": []
        },
        {
          "name": {
            "en": "PTFE"
          },
          "description": {},
          "slug": "ptfe",
          "keywords": { "en": [], "ar": []},
          "children": []
        },
        {
          "name": {
            "en": "PVC"
          },
          "description": {},
          "slug": "pvc",
          "keywords": { "en": [], "ar": []},
          "children": []
        },
        {
          "name": {
            "en": "SBS"
          },
          "description": {},
          "slug": "sbs",
          "keywords": { "en": [], "ar": []},
          "children": []
        },
        {
          "name": {
            "en": "TPE"
          },
          "description": {},
          "slug": "tpe",
          "keywords": { "en": [], "ar": []},
          "children": []
        },
        {
          "name": {
            "en": "TPR"
          },
          "description": {},
          "slug": "tpr",
          "keywords": { "en": [], "ar": []},
          "children": []
        },
        {
          "name": {
            "en": "TPU"
          },
          "description": {},
          "slug": "tpu",
          "keywords": { "en": [], "ar": []},
          "children": []
        }
      ]
    },
    {
      "name": {
        "en": "Plastic Stocks"
      },
      "description": {},
      "slug": "plastic-stocks",
      "keywords": { "en": [], "ar": []},
      "children": []
    },
    {
      "name": {
        "en": "Recycled Plastic"
      },
      "description": {},
      "slug": "recycled-plastic",
      "keywords": { "en": [], "ar": []},
      "children": []
    },
    {
      "name": {
        "en": "Recycled Rubber"
      },
      "description": {},
      "slug": "recycled-rubber",
      "keywords": { "en": [], "ar": []},
      "children": []
    },
    {
      "name": {
        "en": "Rubber Products"
      },
      "description": {},
      "slug": "rubber-products",
      "keywords": { "en": [], "ar": []},
      "children": [
        {
          "name": {
            "en": "Agricultural Rubber"
          },
          "description": {},
          "slug": "agricultural-rubber",
          "keywords": { "en": [], "ar": []},
          "children": []
        },
        {
          "name": {
            "en": "Automotive Rubber"
          },
          "description": {},
          "slug": "automotive-rubber",
          "keywords": { "en": [], "ar": []},
          "children": []
        },
        {
          "name": {
            "en": "Home Appliance Rubber"
          },
          "description": {},
          "slug": "home-appliance-rubber",
          "keywords": { "en": [], "ar": []},
          "children": []
        },
        {
          "name": {
            "en": "Household Rubber"
          },
          "description": {},
          "slug": "household-rubber",
          "keywords": { "en": [], "ar": []},
          "children": []
        },
        {
          "name": {
            "en": "Medical Rubber"
          },
          "description": {},
          "slug": "medical-rubber",
          "keywords": { "en": [], "ar": []},
          "children": []
        },
        {
          "name": {
            "en": "Other Rubber Products"
          },
          "description": {},
          "slug": "other-rubber-products",
          "keywords": { "en": [], "ar": []},
          "children": []
        },
        {
          "name": {
            "en": "Rubber Belts"
          },
          "description": {},
          "slug": "rubber-belts",
          "keywords": { "en": [], "ar": []},
          "children": []
        },
        {
          "name": {
            "en": "Rubber Hoses"
          },
          "description": {},
          "slug": "rubber-hoses",
          "keywords": { "en": [], "ar": []},
          "children": []
        },
        {
          "name": {
            "en": "Rubber Rollers"
          },
          "description": {},
          "slug": "rubber-rollers",
          "keywords": { "en": [], "ar": []},
          "children": []
        },
        {
          "name": {
            "en": "Rubber Sheets"
          },
          "description": {},
          "slug": "rubber-sheets",
          "keywords": { "en": [], "ar": []},
          "children": []
        }
      ]
    },
    {
      "name": {
        "en": "Rubber Projects"
      },
      "description": {},
      "slug": "rubber-projects",
      "keywords": { "en": [], "ar": []},
      "children": []
    },
    {
      "name": {
        "en": "Rubber Raw Materials"
      },
      "description": {},
      "slug": "rubber-raw-materials",
      "keywords": { "en": [], "ar": []},
      "children": [
        {
          "name": {
            "en": "Butyl Rubber"
          },
          "description": {},
          "slug": "butyl-rubber",
          "keywords": { "en": [], "ar": []},
          "children": []
        },
        {
          "name": {
            "en": "Crepe Rubber"
          },
          "description": {},
          "slug": "crepe-rubber",
          "keywords": { "en": [], "ar": []},
          "children": []
        },
        {
          "name": {
            "en": "EPDM"
          },
          "description": {},
          "slug": "epdm",
          "keywords": { "en": [], "ar": []},
          "children": []
        },
        {
          "name": {
            "en": "Fluorocarbon Rubber"
          },
          "description": {},
          "slug": "fluorocarbon-rubber",
          "keywords": { "en": [], "ar": []},
          "children": []
        },
        {
          "name": {
            "en": "Latex Rubber"
          },
          "description": {},
          "slug": "latex-rubber",
          "keywords": { "en": [], "ar": []},
          "children": []
        },
        {
          "name": {
            "en": "Natural Foam"
          },
          "description": {},
          "slug": "natural-foam",
          "keywords": { "en": [], "ar": []},
          "children": []
        },
        {
          "name": {
            "en": "Neoprene"
          },
          "description": {},
          "slug": "neoprene",
          "keywords": { "en": [], "ar": []},
          "children": []
        },
        {
          "name": {
            "en": "Nitrile Rubber"
          },
          "description": {},
          "slug": "nitrile-rubber",
          "keywords": { "en": [], "ar": []},
          "children": []
        },
        {
          "name": {
            "en": "Other Rubber Raw Materials"
          },
          "description": {},
          "slug": "other-rubber-raw-materials",
          "keywords": { "en": [], "ar": []},
          "children": []
        },
        {
          "name": {
            "en": "Polyurethane Rubber"
          },
          "description": {},
          "slug": "polyurethane-rubber",
          "keywords": { "en": [], "ar": []},
          "children": []
        },
        {
          "name": {
            "en": "Ribbed Smoked Sheets"
          },
          "description": {},
          "slug": "ribbed-smoked-sheets",
          "keywords": { "en": [], "ar": []},
          "children": []
        },
        {
          "name": {
            "en": "Rubber Masterbatches"
          },
          "description": {},
          "slug": "rubber-masterbatches",
          "keywords": { "en": [], "ar": []},
          "children": []
        },
        {
          "name": {
            "en": "Silicone Rubber"
          },
          "description": {},
          "slug": "silicone-rubber",
          "keywords": { "en": [], "ar": []},
          "children": []
        },
        {
          "name": {
            "en": "Styrene Butadiene Rubber"
          },
          "description": {},
          "slug": "styrene-butadiene-rubber",
          "keywords": { "en": [], "ar": []},
          "children": []
        }
      ]
    },
    {
      "name": {
        "en": "Rubber Stocks"
      },
      "description": {},
      "slug": "rubber-stocks",
      "keywords": { "en": [], "ar": []},
      "children": []
    }
  ]
}
