{
  "name": {
    "en": "Security & Protection"
  },
  "description": {},
  "slug": "security-and-protection",
  "keywords": { "en": [], "ar": []},
  "children": [
    {
      "name": {
        "en": "Access Control Systems & Products"
      },
      "description": {},
      "slug": "access-control-systems-and-products",
      "keywords": { "en": [], "ar": []},
      "children": [
        {
          "name": {
            "en": "Access Control Card"
          },
          "description": {},
          "slug": "access-control-card",
          "keywords": { "en": [], "ar": []},
          "children": []
        },
        {
          "name": {
            "en": "Access Control Card Reader"
          },
          "description": {},
          "slug": "access-control-card-reader",
          "keywords": { "en": [], "ar": []},
          "children": []
        },
        {
          "name": {
            "en": "Access Control System"
          },
          "description": {},
          "slug": "access-control-system",
          "keywords": { "en": [], "ar": []},
          "children": []
        },
        {
          "name": {
            "en": "Audio Door Phone"
          },
          "description": {},
          "slug": "audio-door-phone",
          "keywords": { "en": [], "ar": []},
          "children": []
        },
        {
          "name": {
            "en": "EAS System"
          },
          "description": {},
          "slug": "eas-system",
          "keywords": { "en": [], "ar": []},
          "children": []
        },
        {
          "name": {
            "en": "Guard Tour System"
          },
          "description": {},
          "slug": "guard-tour-system",
          "keywords": { "en": [], "ar": []},
          "children": []
        },
        {
          "name": {
            "en": "Other Access Control Products"
          },
          "description": {},
          "slug": "other-access-control-products",
          "keywords": { "en": [], "ar": []},
          "children": []
        },
        {
          "name": {
            "en": "Smart Security Devices"
          },
          "description": {},
          "slug": "smart-security-devices",
          "keywords": { "en": [], "ar": []},
          "children": []
        }
      ]
    },
    {
      "name": {
        "en": "Alarm"
      },
      "description": {},
      "slug": "alarm",
      "keywords": { "en": [], "ar": []},
      "children": []
    },
    {
      "name": {
        "en": "CCTV Products"
      },
      "description": {},
      "slug": "cctv-products",
      "keywords": { "en": [], "ar": []},
      "children": [
        {
          "name": {
            "en": "Baby Monitors"
          },
          "description": {},
          "slug": "baby-monitors",
          "keywords": { "en": [], "ar": []},
          "children": []
        },
        {
          "name": {
            "en": "CCTV Accessories"
          },
          "description": {},
          "slug": "cctv-accessories",
          "keywords": { "en": [], "ar": []},
          "children": []
        },
        {
          "name": {
            "en": "CCTV Camera"
          },
          "description": {},
          "slug": "cctv-camera",
          "keywords": { "en": [], "ar": []},
          "children": []
        },
        {
          "name": {
            "en": "CCTV Camera Housing"
          },
          "description": {},
          "slug": "cctv-camera-housing",
          "keywords": { "en": [], "ar": []},
          "children": []
        },
        {
          "name": {
            "en": "CCTV DVR"
          },
          "description": {},
          "slug": "cctv-dvr",
          "keywords": { "en": [], "ar": []},
          "children": []
        },
        {
          "name": {
            "en": "CCTV Lens"
          },
          "description": {},
          "slug": "cctv-lens",
          "keywords": { "en": [], "ar": []},
          "children": []
        },
        {
          "name": {
            "en": "CCTV Monitor"
          },
          "description": {},
          "slug": "cctv-monitor",
          "keywords": { "en": [], "ar": []},
          "children": []
        },
        {
          "name": {
            "en": "CCTV System"
          },
          "description": {},
          "slug": "cctv-system",
          "keywords": { "en": [], "ar": []},
          "children": []
        },
        {
          "name": {
            "en": "DVR Card"
          },
          "description": {},
          "slug": "dvr-card",
          "keywords": { "en": [], "ar": []},
          "children": []
        },
        {
          "name": {
            "en": "Other Surveillance Products"
          },
          "description": {},
          "slug": "other-surveillance-products",
          "keywords": { "en": [], "ar": []},
          "children": []
        }
      ]
    },
    {
      "name": {
        "en": "Firefighting Supplies"
      },
      "description": {},
      "slug": "firefighting-supplies",
      "keywords": { "en": [], "ar": []},
      "children": [
        {
          "name": {
            "en": "Fire Alarm"
          },
          "description": {},
          "slug": "fire-alarm",
          "keywords": { "en": [], "ar": []},
          "children": []
        },
        {
          "name": {
            "en": "Fire Alarm Control Panel"
          },
          "description": {},
          "slug": "fire-alarm-control-panel",
          "keywords": { "en": [], "ar": []},
          "children": []
        },
        {
          "name": {
            "en": "Fire Blanket"
          },
          "description": {},
          "slug": "fire-blanket",
          "keywords": { "en": [], "ar": []},
          "children": []
        },
        {
          "name": {
            "en": "Fire Detectors"
          },
          "description": {},
          "slug": "fire-detectors",
          "keywords": { "en": [], "ar": []},
          "children": []
        },
        {
          "name": {
            "en": "Fire Extinguisher"
          },
          "description": {},
          "slug": "fire-extinguisher",
          "keywords": { "en": [], "ar": []},
          "children": []
        },
        {
          "name": {
            "en": "Fire Extinguisher Powder"
          },
          "description": {},
          "slug": "fire-extinguisher-powder",
          "keywords": { "en": [], "ar": []},
          "children": []
        },
        {
          "name": {
            "en": "Fire Hose"
          },
          "description": {},
          "slug": "fire-hose",
          "keywords": { "en": [], "ar": []},
          "children": []
        },
        {
          "name": {
            "en": "Fire Hydrant"
          },
          "description": {},
          "slug": "fire-hydrant",
          "keywords": { "en": [], "ar": []},
          "children": []
        },
        {
          "name": {
            "en": "Firefighter Suits"
          },
          "description": {},
          "slug": "firefighter-suits",
          "keywords": { "en": [], "ar": []},
          "children": []
        },
        {
          "name": {
            "en": "Firefighting Equipment"
          },
          "description": {},
          "slug": "firefighting-equipment",
          "keywords": { "en": [], "ar": []},
          "children": []
        },
        {
          "name": {
            "en": "Lightning Rod"
          },
          "description": {},
          "slug": "lightning-rod",
          "keywords": { "en": [], "ar": []},
          "children": []
        },
        {
          "name": {
            "en": "Other Firefighting Supplies"
          },
          "description": {},
          "slug": "other-firefighting-supplies",
          "keywords": { "en": [], "ar": []},
          "children": []
        }
      ]
    },
    {
      "name": {
        "en": "Locks & Keys"
      },
      "description": {},
      "slug": "locks-and-keys",
      "keywords": { "en": [], "ar": []},
      "children": [
        {
          "name": {
            "en": "Keys"
          },
          "description": {},
          "slug": "keys",
          "keywords": { "en": [], "ar": []},
          "children": []
        },
        {
          "name": {
            "en": "Lock Cylinder"
          },
          "description": {},
          "slug": "lock-cylinder",
          "keywords": { "en": [], "ar": []},
          "children": []
        },
        {
          "name": {
            "en": "Lock Parts"
          },
          "description": {},
          "slug": "lock-parts",
          "keywords": { "en": [], "ar": []},
          "children": []
        },
        {
          "name": {
            "en": "Locks"
          },
          "description": {},
          "slug": "locks",
          "keywords": { "en": [], "ar": []},
          "children": []
        },
        {
          "name": {
            "en": "Locksmith Supplies"
          },
          "description": {},
          "slug": "locksmith-supplies",
          "keywords": { "en": [], "ar": []},
          "children": []
        },
        {
          "name": {
            "en": "Other Locks & Keys"
          },
          "description": {},
          "slug": "other-locks-and-keys",
          "keywords": { "en": [], "ar": []},
          "children": []
        },
        {
          "name": {
            "en": "Padlocks"
          },
          "description": {},
          "slug": "padlocks",
          "keywords": { "en": [], "ar": []},
          "children": []
        },
        {
          "name": {
            "en": "Smart Locks"
          },
          "description": {},
          "slug": "smart-locks",
          "keywords": { "en": [], "ar": []},
          "children": []
        }
      ]
    },
    {
      "name": {
        "en": "Other Security & Protection Products"
      },
      "description": {},
      "slug": "other-security-and-protection-products",
      "keywords": { "en": [], "ar": []},
      "children": []
    },
    {
      "name": {
        "en": "Personal Protective Equipment"
      },
      "description": {},
      "slug": "personal-protective-equipment",
      "keywords": { "en": [], "ar": []},
      "children": [
        {
          "name": {
            "en": "Eye Protection"
          },
          "description": {},
          "slug": "eye-protection",
          "keywords": { "en": [], "ar": []},
          "children": []
        },
        {
          "name": {
            "en": "Face Shield"
          },
          "description": {},
          "slug": "face-shield",
          "keywords": { "en": [], "ar": []},
          "children": []
        },
        {
          "name": {
            "en": "Fall Protection"
          },
          "description": {},
          "slug": "fall-protection",
          "keywords": { "en": [], "ar": []},
          "children": []
        },
        {
          "name": {
            "en": "Foot Protection"
          },
          "description": {},
          "slug": "foot-protection",
          "keywords": { "en": [], "ar": []},
          "children": []
        },
        {
          "name": {
            "en": "Hard Hats"
          },
          "description": {},
          "slug": "hard-hats",
          "keywords": { "en": [], "ar": []},
          "children": []
        },
        {
          "name": {
            "en": "Hearing Protection"
          },
          "description": {},
          "slug": "hearing-protection",
          "keywords": { "en": [], "ar": []},
          "children": []
        },
        {
          "name": {
            "en": "Other Safety Products"
          },
          "description": {},
          "slug": "other-safety-products",
          "keywords": { "en": [], "ar": []},
          "children": []
        },
        {
          "name": {
            "en": "Respirators & Masks"
          },
          "description": {},
          "slug": "respirators-and-masks",
          "keywords": { "en": [], "ar": []},
          "children": []
        },
        {
          "name": {
            "en": "Safety Clothing"
          },
          "description": {},
          "slug": "safety-clothing",
          "keywords": { "en": [], "ar": []},
          "children": []
        },
        {
          "name": {
            "en": "Safety Gloves"
          },
          "description": {},
          "slug": "safety-gloves",
          "keywords": { "en": [], "ar": []},
          "children": []
        }
      ]
    },
    {
      "name": {
        "en": "Police & Military Supplies"
      },
      "description": {},
      "slug": "police-and-military-supplies",
      "keywords": { "en": [], "ar": []},
      "children": [
        {
          "name": {
            "en": "Baton"
          },
          "description": {},
          "slug": "baton",
          "keywords": { "en": [], "ar": []},
          "children": []
        },
        {
          "name": {
            "en": "Boots"
          },
          "description": {},
          "slug": "boots",
          "keywords": { "en": [], "ar": []},
          "children": []
        },
        {
          "name": {
            "en": "Bullet Proof Helmet"
          },
          "description": {},
          "slug": "bullet-proof-helmet",
          "keywords": { "en": [], "ar": []},
          "children": []
        },
        {
          "name": {
            "en": "Bullet Proof Vest"
          },
          "description": {},
          "slug": "bullet-proof-vest",
          "keywords": { "en": [], "ar": []},
          "children": []
        },
        {
          "name": {
            "en": "Gun Bag"
          },
          "description": {},
          "slug": "gun-bag",
          "keywords": { "en": [], "ar": []},
          "children": []
        },
        {
          "name": {
            "en": "Handcuff"
          },
          "description": {},
          "slug": "handcuff",
          "keywords": { "en": [], "ar": []},
          "children": []
        },
        {
          "name": {
            "en": "Other Police & Military Supplies"
          },
          "description": {},
          "slug": "other-police-and-military-supplies",
          "keywords": { "en": [], "ar": []},
          "children": []
        },
        {
          "name": {
            "en": "Warning Tape"
          },
          "description": {},
          "slug": "warning-tape",
          "keywords": { "en": [], "ar": []},
          "children": []
        }
      ]
    },
    {
      "name": {
        "en": "Roadway Safety"
      },
      "description": {},
      "slug": "roadway-safety",
      "keywords": { "en": [], "ar": []},
      "children": [
        {
          "name": {
            "en": "Alcohol Tester"
          },
          "description": {},
          "slug": "alcohol-tester",
          "keywords": { "en": [], "ar": []},
          "children": []
        },
        {
          "name": {
            "en": "Convex Mirror"
          },
          "description": {},
          "slug": "convex-mirror",
          "keywords": { "en": [], "ar": []},
          "children": []
        },
        {
          "name": {
            "en": "Dock Bumpers"
          },
          "description": {},
          "slug": "dock-bumpers",
          "keywords": { "en": [], "ar": []},
          "children": []
        },
        {
          "name": {
            "en": "Emergency Kits"
          },
          "description": {},
          "slug": "emergency-kits",
          "keywords": { "en": [], "ar": []},
          "children": []
        },
        {
          "name": {
            "en": "Other Roadway Products"
          },
          "description": {},
          "slug": "other-roadway-products",
          "keywords": { "en": [], "ar": []},
          "children": []
        },
        {
          "name": {
            "en": "Parking Curbs"
          },
          "description": {},
          "slug": "parking-curbs",
          "keywords": { "en": [], "ar": []},
          "children": []
        },
        {
          "name": {
            "en": "Reflective Material"
          },
          "description": {},
          "slug": "reflective-material",
          "keywords": { "en": [], "ar": []},
          "children": []
        },
        {
          "name": {
            "en": "Reflective Safety Clothing"
          },
          "description": {},
          "slug": "reflective-safety-clothing",
          "keywords": { "en": [], "ar": []},
          "children": []
        },
        {
          "name": {
            "en": "Speed Bump"
          },
          "description": {},
          "slug": "speed-bump",
          "keywords": { "en": [], "ar": []},
          "children": []
        },
        {
          "name": {
            "en": "Traffic Barrier"
          },
          "description": {},
          "slug": "traffic-barrier",
          "keywords": { "en": [], "ar": []},
          "children": []
        },
        {
          "name": {
            "en": "Traffic Light"
          },
          "description": {},
          "slug": "traffic-light",
          "keywords": { "en": [], "ar": []},
          "children": []
        },
        {
          "name": {
            "en": "Traffic Signs"
          },
          "description": {},
          "slug": "traffic-signs",
          "keywords": { "en": [], "ar": []},
          "children": []
        },
        {
          "name": {
            "en": "Traffic Warning Products"
          },
          "description": {},
          "slug": "traffic-warning-products",
          "keywords": { "en": [], "ar": []},
          "children": []
        },
        {
          "name": {
            "en": "Wheel Chocks"
          },
          "description": {},
          "slug": "wheel-chocks",
          "keywords": { "en": [], "ar": []},
          "children": []
        }
      ]
    },
    {
      "name": {
        "en": "Safes"
      },
      "description": {},
      "slug": "safes",
      "keywords": { "en": [], "ar": []},
      "children": []
    },
    {
      "name": {
        "en": "Security Services"
      },
      "description": {},
      "slug": "security-services",
      "keywords": { "en": [], "ar": []},
      "children": []
    },
    {
      "name": {
        "en": "Self Defense Supplies"
      },
      "description": {},
      "slug": "self-defense-supplies",
      "keywords": { "en": [], "ar": []},
      "children": []
    },
    {
      "name": {
        "en": "Water Safety Products"
      },
      "description": {},
      "slug": "water-safety-products",
      "keywords": { "en": [], "ar": []},
      "children": [
        {
          "name": {
            "en": "Life Buoy"
          },
          "description": {},
          "slug": "life-buoy",
          "keywords": { "en": [], "ar": []},
          "children": []
        },
        {
          "name": {
            "en": "Life Raft"
          },
          "description": {},
          "slug": "life-raft",
          "keywords": { "en": [], "ar": []},
          "children": []
        },
        {
          "name": {
            "en": "Life Vest"
          },
          "description": {},
          "slug": "life-vest",
          "keywords": { "en": [], "ar": []},
          "children": []
        },
        {
          "name": {
            "en": "Other Water Safety Products"
          },
          "description": {},
          "slug": "other-water-safety-products",
          "keywords": { "en": [], "ar": []},
          "children": []
        }
      ]
    }
  ]
}
