{
  "name": {
    "en": "Service Equipment"
  },
  "description": {},
  "slug": "service-equipment",
  "keywords": { "en": [], "ar": []},
  "children": [
    {
      "name": {
        "en": "Advertising Equipment"
      },
      "description": {},
      "slug": "advertising-equipment",
      "keywords": { "en": [], "ar": []},
      "children": [
        {
          "name": {
            "en": "Advertising Boards"
          },
          "description": {},
          "slug": "advertising-boards",
          "keywords": { "en": [], "ar": []},
          "children": []
        },
        {
          "name": {
            "en": "Advertising Inflatables"
          },
          "description": {},
          "slug": "advertising-inflatables",
          "keywords": { "en": [], "ar": []},
          "children": []
        },
        {
          "name": {
            "en": "Advertising Light Boxes"
          },
          "description": {},
          "slug": "advertising-light-boxes",
          "keywords": { "en": [], "ar": []},
          "children": []
        },
        {
          "name": {
            "en": "Advertising Playing Equipment"
          },
          "description": {},
          "slug": "advertising-playing-equipment",
          "keywords": { "en": [], "ar": []},
          "children": []
        },
        {
          "name": {
            "en": "Advertising Screens"
          },
          "description": {},
          "slug": "advertising-screens",
          "keywords": { "en": [], "ar": []},
          "children": []
        },
        {
          "name": {
            "en": "Billboards"
          },
          "description": {},
          "slug": "billboards",
          "keywords": { "en": [], "ar": []},
          "children": []
        },
        {
          "name": {
            "en": "Display Racks"
          },
          "description": {},
          "slug": "display-racks",
          "keywords": { "en": [], "ar": []},
          "children": []
        },
        {
          "name": {
            "en": "Other Advertising Equipment"
          },
          "description": {},
          "slug": "other-advertising-equipment",
          "keywords": { "en": [], "ar": []},
          "children": []
        },
        {
          "name": {
            "en": "Poster Materials"
          },
          "description": {},
          "slug": "poster-materials",
          "keywords": { "en": [], "ar": []},
          "children": []
        },
        {
          "name": {
            "en": "Roll up Display"
          },
          "description": {},
          "slug": "roll-up-display",
          "keywords": { "en": [], "ar": []},
          "children": []
        }
      ]
    },
    {
      "name": {
        "en": "Cargo & Storage Equipment"
      },
      "description": {},
      "slug": "cargo-and-storage-equipment",
      "keywords": { "en": [], "ar": []},
      "children": []
    },
    {
      "name": {
        "en": "Commercial Laundry Equipment"
      },
      "description": {},
      "slug": "commercial-laundry-equipment",
      "keywords": { "en": [], "ar": []},
      "children": []
    },
    {
      "name": {
        "en": "Financial Equipment"
      },
      "description": {},
      "slug": "financial-equipment",
      "keywords": { "en": [], "ar": []},
      "children": [
        {
          "name": {
            "en": "ATM"
          },
          "description": {},
          "slug": "atm",
          "keywords": { "en": [], "ar": []},
          "children": []
        },
        {
          "name": {
            "en": "Bill Counters"
          },
          "description": {},
          "slug": "bill-counters",
          "keywords": { "en": [], "ar": []},
          "children": []
        },
        {
          "name": {
            "en": "Coin Counters & Sorters"
          },
          "description": {},
          "slug": "coin-counters-and-sorters",
          "keywords": { "en": [], "ar": []},
          "children": []
        },
        {
          "name": {
            "en": "Currency Binders"
          },
          "description": {},
          "slug": "currency-binders",
          "keywords": { "en": [], "ar": []},
          "children": []
        },
        {
          "name": {
            "en": "Currency Detectors"
          },
          "description": {},
          "slug": "currency-detectors",
          "keywords": { "en": [], "ar": []},
          "children": []
        },
        {
          "name": {
            "en": "Other Financial Equipment"
          },
          "description": {},
          "slug": "other-financial-equipment",
          "keywords": { "en": [], "ar": []},
          "children": []
        },
        {
          "name": {
            "en": "Payment Kiosks"
          },
          "description": {},
          "slug": "payment-kiosks",
          "keywords": { "en": [], "ar": []},
          "children": []
        },
        {
          "name": {
            "en": "POS Systems"
          },
          "description": {},
          "slug": "pos-systems",
          "keywords": { "en": [], "ar": []},
          "children": []
        }
      ]
    },
    {
      "name": {
        "en": "Funeral Supplies"
      },
      "description": {},
      "slug": "funeral-supplies",
      "keywords": { "en": [], "ar": []},
      "children": []
    },
    {
      "name": {
        "en": "Other Service Equipment"
      },
      "description": {},
      "slug": "other-service-equipment",
      "keywords": { "en": [], "ar": []},
      "children": []
    },
    {
      "name": {
        "en": "Other Service Equipment(old)"
      },
      "description": {},
      "slug": "other-service-equipmentold",
      "keywords": { "en": [], "ar": []},
      "children": []
    },
    {
      "name": {
        "en": "Restaurant & Hotel Supplies"
      },
      "description": {},
      "slug": "restaurant-and-hotel-supplies",
      "keywords": { "en": [], "ar": []},
      "children": [
        {
          "name": {
            "en": "Cleaning Carts"
          },
          "description": {},
          "slug": "cleaning-carts",
          "keywords": { "en": [], "ar": []},
          "children": []
        },
        {
          "name": {
            "en": "Drink Dispensers"
          },
          "description": {},
          "slug": "drink-dispensers",
          "keywords": { "en": [], "ar": []},
          "children": []
        },
        {
          "name": {
            "en": "Hotel Amenities"
          },
          "description": {},
          "slug": "hotel-amenities",
          "keywords": { "en": [], "ar": []},
          "children": []
        },
        {
          "name": {
            "en": "Other Hotel & Restaurant Supplies"
          },
          "description": {},
          "slug": "other-hotel-and-restaurant-supplies",
          "keywords": { "en": [], "ar": []},
          "children": []
        },
        {
          "name": {
            "en": "Serving Trays"
          },
          "description": {},
          "slug": "serving-trays",
          "keywords": { "en": [], "ar": []},
          "children": []
        },
        {
          "name": {
            "en": "Umbrella Wrapping Machine"
          },
          "description": {},
          "slug": "umbrella-wrapping-machine",
          "keywords": { "en": [], "ar": []},
          "children": []
        }
      ]
    },
    {
      "name": {
        "en": "Store & Supermarket Supplies"
      },
      "description": {},
      "slug": "store-and-supermarket-supplies",
      "keywords": { "en": [], "ar": []},
      "children": [
        {
          "name": {
            "en": "Checkout Counters"
          },
          "description": {},
          "slug": "checkout-counters",
          "keywords": { "en": [], "ar": []},
          "children": []
        },
        {
          "name": {
            "en": "Display Hooks"
          },
          "description": {},
          "slug": "display-hooks",
          "keywords": { "en": [], "ar": []},
          "children": []
        },
        {
          "name": {
            "en": "Labelers"
          },
          "description": {},
          "slug": "labelers",
          "keywords": { "en": [], "ar": []},
          "children": []
        },
        {
          "name": {
            "en": "Lockers"
          },
          "description": {},
          "slug": "lockers",
          "keywords": { "en": [], "ar": []},
          "children": []
        },
        {
          "name": {
            "en": "Other Store & Supermarket Equipment"
          },
          "description": {},
          "slug": "other-store-and-supermarket-equipment",
          "keywords": { "en": [], "ar": []},
          "children": []
        },
        {
          "name": {
            "en": "Promotion Table"
          },
          "description": {},
          "slug": "promotion-table",
          "keywords": { "en": [], "ar": []},
          "children": []
        },
        {
          "name": {
            "en": "Refrigeration Equipment"
          },
          "description": {},
          "slug": "refrigeration-equipment",
          "keywords": { "en": [], "ar": []},
          "children": []
        },
        {
          "name": {
            "en": "Shopping Basket"
          },
          "description": {},
          "slug": "shopping-basket",
          "keywords": { "en": [], "ar": []},
          "children": []
        },
        {
          "name": {
            "en": "Shopping Trolleys & Carts"
          },
          "description": {},
          "slug": "shopping-trolleys-and-carts",
          "keywords": { "en": [], "ar": []},
          "children": []
        },
        {
          "name": {
            "en": "Showcase"
          },
          "description": {},
          "slug": "showcase",
          "keywords": { "en": [], "ar": []},
          "children": []
        },
        {
          "name": {
            "en": "Stacking Racks & Shelves"
          },
          "description": {},
          "slug": "stacking-racks-and-shelves",
          "keywords": { "en": [], "ar": []},
          "children": []
        },
        {
          "name": {
            "en": "Storage Cages"
          },
          "description": {},
          "slug": "storage-cages",
          "keywords": { "en": [], "ar": []},
          "children": []
        },
        {
          "name": {
            "en": "Supermarket Shelves"
          },
          "description": {},
          "slug": "supermarket-shelves",
          "keywords": { "en": [], "ar": []},
          "children": []
        }
      ]
    },
    {
      "name": {
        "en": "Trade Show Equipment"
      },
      "description": {},
      "slug": "trade-show-equipment",
      "keywords": { "en": [], "ar": []},
      "children": [
        {
          "name": {
            "en": "Banner Stands"
          },
          "description": {},
          "slug": "banner-stands",
          "keywords": { "en": [], "ar": []},
          "children": []
        },
        {
          "name": {
            "en": "Other Trade Show Equipment"
          },
          "description": {},
          "slug": "other-trade-show-equipment",
          "keywords": { "en": [], "ar": []},
          "children": []
        },
        {
          "name": {
            "en": "Panel Display"
          },
          "description": {},
          "slug": "panel-display",
          "keywords": { "en": [], "ar": []},
          "children": []
        },
        {
          "name": {
            "en": "Tabletop Display"
          },
          "description": {},
          "slug": "tabletop-display",
          "keywords": { "en": [], "ar": []},
          "children": []
        },
        {
          "name": {
            "en": "Truss Display"
          },
          "description": {},
          "slug": "truss-display",
          "keywords": { "en": [], "ar": []},
          "children": []
        }
      ]
    },
    {
      "name": {
        "en": "Vending Machines"
      },
      "description": {},
      "slug": "vending-machines",
      "keywords": { "en": [], "ar": []},
      "children": []
    },
    {
      "name": {
        "en": "Wedding Supplies"
      },
      "description": {},
      "slug": "wedding-supplies",
      "keywords": { "en": [], "ar": []},
      "children": []
    }
  ]
}
