{
  "name": {
    "en": "Shoes & Accessories"
  },
  "description": {},
  "slug": "shoes-and-accessories",
  "keywords": { "en": [], "ar": []},
  "children": [
    {
      "name": {
        "en": "Baby Shoes"
      },
      "description": {},
      "slug": "baby-shoes",
      "keywords": { "en": [], "ar": []},
      "children": [
        {
          "name": {
            "en": "Boots"
          },
          "description": {},
          "slug": "baby-shoes-boots",
          "keywords": { "en": [], "ar": []},
          "children": []
        },
        {
          "name": {
            "en": "Casual Shoes"
          },
          "description": {},
          "slug": "casual-shoes",
          "keywords": { "en": [], "ar": []},
          "children": []
        },
        {
          "name": {
            "en": "Dress Shoes"
          },
          "description": {},
          "slug": "dress-shoes",
          "keywords": { "en": [], "ar": []},
          "children": []
        },
        {
          "name": {
            "en": "Sandals"
          },
          "description": {},
          "slug": "sandals",
          "keywords": { "en": [], "ar": []},
          "children": []
        },
        {
          "name": {
            "en": "Slippers"
          },
          "description": {},
          "slug": "slippers",
          "keywords": { "en": [], "ar": []},
          "children": []
        }
      ]
    },
    {
      "name": {
        "en": "Children's Shoes"
      },
      "description": {},
      "slug": "childrens-shoes",
      "keywords": { "en": [], "ar": []},
      "children": [
        {
          "name": {
            "en": "Boots"
          },
          "description": {},
          "slug": "childrens-shoes-boots",
          "keywords": { "en": [], "ar": []},
          "children": []
        },
        {
          "name": {
            "en": "Casual Shoes"
          },
          "description": {},
          "slug": "childrens-shoes-casual-shoes",
          "keywords": { "en": [], "ar": []},
          "children": []
        },
        {
          "name": {
            "en": "Clogs"
          },
          "description": {},
          "slug": "clogs",
          "keywords": { "en": [], "ar": []},
          "children": []
        },
        {
          "name": {
            "en": "Dress Shoes"
          },
          "description": {},
          "slug": "childrens-shoes-dress-shoes",
          "keywords": { "en": [], "ar": []},
          "children": []
        },
        {
          "name": {
            "en": "Sandals"
          },
          "description": {},
          "slug": "childrens-shoes-sandals",
          "keywords": { "en": [], "ar": []},
          "children": []
        },
        {
          "name": {
            "en": "Slippers"
          },
          "description": {},
          "slug": "childrens-shoes-slippers",
          "keywords": { "en": [], "ar": []},
          "children": []
        }
      ]
    },
    {
      "name": {
        "en": "Men Shoes"
      },
      "description": {},
      "slug": "men-shoes",
      "keywords": { "en": [], "ar": []},
      "children": [
        {
          "name": {
            "en": "Boots"
          },
          "description": {},
          "slug": "men-shoes-boots",
          "keywords": { "en": [], "ar": []},
          "children": []
        },
        {
          "name": {
            "en": "Casual Shoes"
          },
          "description": {},
          "slug": "men-shoes-casual-shoes",
          "keywords": { "en": [], "ar": []},
          "children": []
        },
        {
          "name": {
            "en": "Clogs"
          },
          "description": {},
          "slug": "men-shoes-clogs",
          "keywords": { "en": [], "ar": []},
          "children": []
        },
        {
          "name": {
            "en": "Dress Shoes"
          },
          "description": {},
          "slug": "men-shoes-dress-shoes",
          "keywords": { "en": [], "ar": []},
          "children": []
        },
        {
          "name": {
            "en": "Fashion Sneakers"
          },
          "description": {},
          "slug": "fashion-sneakers",
          "keywords": { "en": [], "ar": []},
          "children": []
        },
        {
          "name": {
            "en": "Sandals"
          },
          "description": {},
          "slug": "men-shoes-sandals",
          "keywords": { "en": [], "ar": []},
          "children": []
        },
        {
          "name": {
            "en": "Slippers"
          },
          "description": {},
          "slug": "men-shoes-slippers",
          "keywords": { "en": [], "ar": []},
          "children": []
        }
      ]
    },
    {
      "name": {
        "en": "Other Shoes"
      },
      "description": {},
      "slug": "other-shoes",
      "keywords": { "en": [], "ar": []},
      "children": []
    },
    {
      "name": {
        "en": "Shoe Materials"
      },
      "description": {},
      "slug": "shoe-materials",
      "keywords": { "en": [], "ar": []},
      "children": [
        {
          "name": {
            "en": "Other Shoe Materials"
          },
          "description": {},
          "slug": "other-shoe-materials",
          "keywords": { "en": [], "ar": []},
          "children": []
        },
        {
          "name": {
            "en": "Shoe Fabric"
          },
          "description": {},
          "slug": "shoe-fabric",
          "keywords": { "en": [], "ar": []},
          "children": []
        },
        {
          "name": {
            "en": "Shoe Leather"
          },
          "description": {},
          "slug": "shoe-leather",
          "keywords": { "en": [], "ar": []},
          "children": []
        },
        {
          "name": {
            "en": "Shoe Plastic"
          },
          "description": {},
          "slug": "shoe-plastic",
          "keywords": { "en": [], "ar": []},
          "children": []
        },
        {
          "name": {
            "en": "Shoe Rubber"
          },
          "description": {},
          "slug": "shoe-rubber",
          "keywords": { "en": [], "ar": []},
          "children": []
        }
      ]
    },
    {
      "name": {
        "en": "Shoe Parts & Accessories"
      },
      "description": {},
      "slug": "shoe-parts-and-accessories",
      "keywords": { "en": [], "ar": []},
      "children": [
        {
          "name": {
            "en": "Insoles"
          },
          "description": {},
          "slug": "insoles",
          "keywords": { "en": [], "ar": []},
          "children": []
        },
        {
          "name": {
            "en": "Other Shoe Parts & Accessories"
          },
          "description": {},
          "slug": "other-shoe-parts-and-accessories",
          "keywords": { "en": [], "ar": []},
          "children": []
        },
        {
          "name": {
            "en": "Shoe Brush"
          },
          "description": {},
          "slug": "shoe-brush",
          "keywords": { "en": [], "ar": []},
          "children": []
        },
        {
          "name": {
            "en": "Shoe Care Kit"
          },
          "description": {},
          "slug": "shoe-care-kit",
          "keywords": { "en": [], "ar": []},
          "children": []
        },
        {
          "name": {
            "en": "Shoe Decorations"
          },
          "description": {},
          "slug": "shoe-decorations",
          "keywords": { "en": [], "ar": []},
          "children": []
        },
        {
          "name": {
            "en": "Shoe Deodorant"
          },
          "description": {},
          "slug": "shoe-deodorant",
          "keywords": { "en": [], "ar": []},
          "children": []
        },
        {
          "name": {
            "en": "Shoe Dryer"
          },
          "description": {},
          "slug": "shoe-dryer",
          "keywords": { "en": [], "ar": []},
          "children": []
        },
        {
          "name": {
            "en": "Shoe Hanger"
          },
          "description": {},
          "slug": "shoe-hanger",
          "keywords": { "en": [], "ar": []},
          "children": []
        },
        {
          "name": {
            "en": "Shoe Heels"
          },
          "description": {},
          "slug": "shoe-heels",
          "keywords": { "en": [], "ar": []},
          "children": []
        },
        {
          "name": {
            "en": "Shoe Hooks"
          },
          "description": {},
          "slug": "shoe-hooks",
          "keywords": { "en": [], "ar": []},
          "children": []
        },
        {
          "name": {
            "en": "Shoe Horns"
          },
          "description": {},
          "slug": "shoe-horns",
          "keywords": { "en": [], "ar": []},
          "children": []
        },
        {
          "name": {
            "en": "Shoe Labels & Tags"
          },
          "description": {},
          "slug": "shoe-labels-and-tags",
          "keywords": { "en": [], "ar": []},
          "children": []
        },
        {
          "name": {
            "en": "Shoe Linings"
          },
          "description": {},
          "slug": "shoe-linings",
          "keywords": { "en": [], "ar": []},
          "children": []
        },
        {
          "name": {
            "en": "Shoe Mesh"
          },
          "description": {},
          "slug": "shoe-mesh",
          "keywords": { "en": [], "ar": []},
          "children": []
        },
        {
          "name": {
            "en": "Shoe Polish"
          },
          "description": {},
          "slug": "shoe-polish",
          "keywords": { "en": [], "ar": []},
          "children": []
        },
        {
          "name": {
            "en": "Shoe Polishing Equipment"
          },
          "description": {},
          "slug": "shoe-polishing-equipment",
          "keywords": { "en": [], "ar": []},
          "children": []
        },
        {
          "name": {
            "en": "Shoe Trees"
          },
          "description": {},
          "slug": "shoe-trees",
          "keywords": { "en": [], "ar": []},
          "children": []
        },
        {
          "name": {
            "en": "Shoe Uppers"
          },
          "description": {},
          "slug": "shoe-uppers",
          "keywords": { "en": [], "ar": []},
          "children": []
        },
        {
          "name": {
            "en": "Shoe Zippers & Sliders"
          },
          "description": {},
          "slug": "shoe-zippers-and-sliders",
          "keywords": { "en": [], "ar": []},
          "children": []
        },
        {
          "name": {
            "en": "Shoelaces"
          },
          "description": {},
          "slug": "shoelaces",
          "keywords": { "en": [], "ar": []},
          "children": []
        },
        {
          "name": {
            "en": "Soles"
          },
          "description": {},
          "slug": "soles",
          "keywords": { "en": [], "ar": []},
          "children": []
        }
      ]
    },
    {
      "name": {
        "en": "Shoe Repairing Equipment"
      },
      "description": {},
      "slug": "shoe-repairing-equipment",
      "keywords": { "en": [], "ar": []},
      "children": []
    },
    {
      "name": {
        "en": "Shoes Design Services"
      },
      "description": {},
      "slug": "shoes-design-services",
      "keywords": { "en": [], "ar": []},
      "children": []
    },
    {
      "name": {
        "en": "Shoes Processing Services"
      },
      "description": {},
      "slug": "shoes-processing-services",
      "keywords": { "en": [], "ar": []},
      "children": []
    },
    {
      "name": {
        "en": "Shoes Stock"
      },
      "description": {},
      "slug": "shoes-stock",
      "keywords": { "en": [], "ar": []},
      "children": []
    },
    {
      "name": {
        "en": "Special Purpose Shoes"
      },
      "description": {},
      "slug": "special-purpose-shoes",
      "keywords": { "en": [], "ar": []},
      "children": [
        {
          "name": {
            "en": "Electrically Heated Shoes"
          },
          "description": {},
          "slug": "electrically-heated-shoes",
          "keywords": { "en": [], "ar": []},
          "children": []
        },
        {
          "name": {
            "en": "Height Increasing Shoes"
          },
          "description": {},
          "slug": "height-increasing-shoes",
          "keywords": { "en": [], "ar": []},
          "children": []
        },
        {
          "name": {
            "en": "Massage Shoes"
          },
          "description": {},
          "slug": "massage-shoes",
          "keywords": { "en": [], "ar": []},
          "children": []
        },
        {
          "name": {
            "en": "Other Special Purpose Shoes"
          },
          "description": {},
          "slug": "other-special-purpose-shoes",
          "keywords": { "en": [], "ar": []},
          "children": []
        },
        {
          "name": {
            "en": "Rain Boots"
          },
          "description": {},
          "slug": "rain-boots",
          "keywords": { "en": [], "ar": []},
          "children": []
        },
        {
          "name": {
            "en": "Safety Shoes"
          },
          "description": {},
          "slug": "safety-shoes",
          "keywords": { "en": [], "ar": []},
          "children": []
        }
      ]
    },
    {
      "name": {
        "en": "Used Shoes"
      },
      "description": {},
      "slug": "used-shoes",
      "keywords": { "en": [], "ar": []},
      "children": []
    },
    {
      "name": {
        "en": "Women Shoes"
      },
      "description": {},
      "slug": "women-shoes",
      "keywords": { "en": [], "ar": []},
      "children": [
        {
          "name": {
            "en": "Boots"
          },
          "description": {},
          "slug": "women-shoes-boots",
          "keywords": { "en": [], "ar": []},
          "children": []
        },
        {
          "name": {
            "en": "Clogs & Mules"
          },
          "description": {},
          "slug": "clogs-and-mules",
          "keywords": { "en": [], "ar": []},
          "children": []
        },
        {
          "name": {
            "en": "Fashion Sneakers"
          },
          "description": {},
          "slug": "women-shoes-fashion-sneakers",
          "keywords": { "en": [], "ar": []},
          "children": []
        },
        {
          "name": {
            "en": "Flats"
          },
          "description": {},
          "slug": "flats",
          "keywords": { "en": [], "ar": []},
          "children": []
        },
        {
          "name": {
            "en": "Pumps"
          },
          "description": {},
          "slug": "pumps",
          "keywords": { "en": [], "ar": []},
          "children": []
        },
        {
          "name": {
            "en": "Sandals"
          },
          "description": {},
          "slug": "women-shoes-sandals",
          "keywords": { "en": [], "ar": []},
          "children": []
        },
        {
          "name": {
            "en": "Slippers"
          },
          "description": {},
          "slug": "women-shoes-slippers",
          "keywords": { "en": [], "ar": []},
          "children": []
        }
      ]
    }
  ]
}
