{
  "name": {
    "en": "Sports & Entertainment"
  },
  "description": {},
  "slug": "sports-and-entertainment",
  "keywords": { "en": [], "ar": []},
  "children": [
    {
      "name": {
        "en": "Aircraft"
      },
      "description": {},
      "slug": "aircraft",
      "keywords": { "en": [], "ar": []},
      "children": []
    },
    {
      "name": {
        "en": "Amusement Park"
      },
      "description": {},
      "slug": "amusement-park",
      "keywords": { "en": [], "ar": []},
      "children": [
        {
          "name": {
            "en": "Amusement Park Rides"
          },
          "description": {},
          "slug": "amusement-park-rides",
          "keywords": { "en": [], "ar": []},
          "children": []
        },
        {
          "name": {
            "en": "Animatronic Model"
          },
          "description": {},
          "slug": "animatronic-model",
          "keywords": { "en": [], "ar": []},
          "children": []
        },
        {
          "name": {
            "en": "Bumper Cars"
          },
          "description": {},
          "slug": "bumper-cars",
          "keywords": { "en": [], "ar": []},
          "children": []
        },
        {
          "name": {
            "en": "Climbing Walls"
          },
          "description": {},
          "slug": "climbing-walls",
          "keywords": { "en": [], "ar": []},
          "children": []
        },
        {
          "name": {
            "en": "Other Amusement Park Products"
          },
          "description": {},
          "slug": "other-amusement-park-products",
          "keywords": { "en": [], "ar": []},
          "children": []
        },
        {
          "name": {
            "en": "Playground"
          },
          "description": {},
          "slug": "playground",
          "keywords": { "en": [], "ar": []},
          "children": []
        },
        {
          "name": {
            "en": "Slides"
          },
          "description": {},
          "slug": "slides",
          "keywords": { "en": [], "ar": []},
          "children": []
        },
        {
          "name": {
            "en": "Water Play Equipment"
          },
          "description": {},
          "slug": "water-play-equipment",
          "keywords": { "en": [], "ar": []},
          "children": []
        }
      ]
    },
    {
      "name": {
        "en": "Artificial Grass & Sports Flooring"
      },
      "description": {},
      "slug": "artificial-grass-and-sports-flooring",
      "keywords": { "en": [], "ar": []},
      "children": []
    },
    {
      "name": {
        "en": "Boats & Ships"
      },
      "description": {},
      "slug": "boats-and-ships",
      "keywords": { "en": [], "ar": []},
      "children": [
        {
          "name": {
            "en": "Barge"
          },
          "description": {},
          "slug": "barge",
          "keywords": { "en": [], "ar": []},
          "children": []
        },
        {
          "name": {
            "en": "Cabin Cruiser"
          },
          "description": {},
          "slug": "cabin-cruiser",
          "keywords": { "en": [], "ar": []},
          "children": []
        },
        {
          "name": {
            "en": "Canoe/Kayak"
          },
          "description": {},
          "slug": "canoekayak",
          "keywords": { "en": [], "ar": []},
          "children": []
        },
        {
          "name": {
            "en": "Cargo Ship"
          },
          "description": {},
          "slug": "cargo-ship",
          "keywords": { "en": [], "ar": []},
          "children": []
        },
        {
          "name": {
            "en": "Fishing Vessel"
          },
          "description": {},
          "slug": "fishing-vessel",
          "keywords": { "en": [], "ar": []},
          "children": []
        },
        {
          "name": {
            "en": "Other Boats"
          },
          "description": {},
          "slug": "other-boats",
          "keywords": { "en": [], "ar": []},
          "children": []
        },
        {
          "name": {
            "en": "Parts & Accessories"
          },
          "description": {},
          "slug": "parts-and-accessories",
          "keywords": { "en": [], "ar": []},
          "children": []
        },
        {
          "name": {
            "en": "Passenger Ship"
          },
          "description": {},
          "slug": "passenger-ship",
          "keywords": { "en": [], "ar": []},
          "children": []
        },
        {
          "name": {
            "en": "Raft"
          },
          "description": {},
          "slug": "raft",
          "keywords": { "en": [], "ar": []},
          "children": []
        },
        {
          "name": {
            "en": "Sailboat"
          },
          "description": {},
          "slug": "sailboat",
          "keywords": { "en": [], "ar": []},
          "children": []
        },
        {
          "name": {
            "en": "Tanker"
          },
          "description": {},
          "slug": "tanker",
          "keywords": { "en": [], "ar": []},
          "children": []
        },
        {
          "name": {
            "en": "Yacht"
          },
          "description": {},
          "slug": "yacht",
          "keywords": { "en": [], "ar": []},
          "children": []
        }
      ]
    },
    {
      "name": {
        "en": "Cycling"
      },
      "description": {},
      "slug": "cycling",
      "keywords": { "en": [], "ar": []},
      "children": [
        {
          "name": {
            "en": "Bicycle"
          },
          "description": {},
          "slug": "bicycle",
          "keywords": { "en": [], "ar": []},
          "children": []
        },
        {
          "name": {
            "en": "Bicycle Accessories"
          },
          "description": {},
          "slug": "bicycle-accessories",
          "keywords": { "en": [], "ar": []},
          "children": [
            {
              "name": {
                "en": "Bicycle Bags & Boxes"
              },
              "description": {},
              "slug": "bicycle-bags-and-boxes",
              "keywords": { "en": [], "ar": []},
              "children": []
            },
            {
              "name": {
                "en": "Bicycle Basket"
              },
              "description": {},
              "slug": "bicycle-basket",
              "keywords": { "en": [], "ar": []},
              "children": []
            },
            {
              "name": {
                "en": "Bicycle Bell"
              },
              "description": {},
              "slug": "bicycle-bell",
              "keywords": { "en": [], "ar": []},
              "children": []
            },
            {
              "name": {
                "en": "Bicycle Computer"
              },
              "description": {},
              "slug": "bicycle-computer",
              "keywords": { "en": [], "ar": []},
              "children": []
            },
            {
              "name": {
                "en": "Bicycle Helmet"
              },
              "description": {},
              "slug": "bicycle-helmet",
              "keywords": { "en": [], "ar": []},
              "children": []
            },
            {
              "name": {
                "en": "Bicycle Light"
              },
              "description": {},
              "slug": "bicycle-light",
              "keywords": { "en": [], "ar": []},
              "children": []
            },
            {
              "name": {
                "en": "Bicycle Lock"
              },
              "description": {},
              "slug": "bicycle-lock",
              "keywords": { "en": [], "ar": []},
              "children": []
            },
            {
              "name": {
                "en": "Bicycle Rack"
              },
              "description": {},
              "slug": "bicycle-rack",
              "keywords": { "en": [], "ar": []},
              "children": []
            },
            {
              "name": {
                "en": "Bicycle Water Bottle"
              },
              "description": {},
              "slug": "bicycle-water-bottle",
              "keywords": { "en": [], "ar": []},
              "children": []
            },
            {
              "name": {
                "en": "Bicycle Water Bottles"
              },
              "description": {},
              "slug": "bicycle-water-bottles",
              "keywords": { "en": [], "ar": []},
              "children": []
            },
            {
              "name": {
                "en": "Other Bicycle Accessories"
              },
              "description": {},
              "slug": "other-bicycle-accessories",
              "keywords": { "en": [], "ar": []},
              "children": []
            }
          ]
        },
        {
          "name": {
            "en": "Bicycle Parts"
          },
          "description": {},
          "slug": "bicycle-parts",
          "keywords": { "en": [], "ar": []},
          "children": [
            {
              "name": {
                "en": "Bicycle Brake"
              },
              "description": {},
              "slug": "bicycle-brake",
              "keywords": { "en": [], "ar": []},
              "children": []
            },
            {
              "name": {
                "en": "Bicycle Chain"
              },
              "description": {},
              "slug": "bicycle-chain",
              "keywords": { "en": [], "ar": []},
              "children": []
            },
            {
              "name": {
                "en": "Bicycle Crank & Chainwheel"
              },
              "description": {},
              "slug": "bicycle-crank-and-chainwheel",
              "keywords": { "en": [], "ar": []},
              "children": []
            },
            {
              "name": {
                "en": "Bicycle Derailleur"
              },
              "description": {},
              "slug": "bicycle-derailleur",
              "keywords": { "en": [], "ar": []},
              "children": []
            },
            {
              "name": {
                "en": "Bicycle Fork"
              },
              "description": {},
              "slug": "bicycle-fork",
              "keywords": { "en": [], "ar": []},
              "children": []
            },
            {
              "name": {
                "en": "Bicycle Frame"
              },
              "description": {},
              "slug": "bicycle-frame",
              "keywords": { "en": [], "ar": []},
              "children": []
            },
            {
              "name": {
                "en": "Bicycle Freewheel"
              },
              "description": {},
              "slug": "bicycle-freewheel",
              "keywords": { "en": [], "ar": []},
              "children": []
            },
            {
              "name": {
                "en": "Bicycle Handlebar"
              },
              "description": {},
              "slug": "bicycle-handlebar",
              "keywords": { "en": [], "ar": []},
              "children": []
            },
            {
              "name": {
                "en": "Bicycle Hubs"
              },
              "description": {},
              "slug": "bicycle-hubs",
              "keywords": { "en": [], "ar": []},
              "children": []
            },
            {
              "name": {
                "en": "Bicycle Pedal"
              },
              "description": {},
              "slug": "bicycle-pedal",
              "keywords": { "en": [], "ar": []},
              "children": []
            },
            {
              "name": {
                "en": "Bicycle Saddle"
              },
              "description": {},
              "slug": "bicycle-saddle",
              "keywords": { "en": [], "ar": []},
              "children": []
            },
            {
              "name": {
                "en": "Bicycle Seat Post"
              },
              "description": {},
              "slug": "bicycle-seat-post",
              "keywords": { "en": [], "ar": []},
              "children": []
            },
            {
              "name": {
                "en": "Bicycle Spoke"
              },
              "description": {},
              "slug": "bicycle-spoke",
              "keywords": { "en": [], "ar": []},
              "children": []
            },
            {
              "name": {
                "en": "Bicycle Stem"
              },
              "description": {},
              "slug": "bicycle-stem",
              "keywords": { "en": [], "ar": []},
              "children": []
            },
            {
              "name": {
                "en": "Bicycle Tires"
              },
              "description": {},
              "slug": "bicycle-tires",
              "keywords": { "en": [], "ar": []},
              "children": []
            },
            {
              "name": {
                "en": "Bicycle Wheel"
              },
              "description": {},
              "slug": "bicycle-wheel",
              "keywords": { "en": [], "ar": []},
              "children": []
            },
            {
              "name": {
                "en": "Other Bicycle Parts"
              },
              "description": {},
              "slug": "other-bicycle-parts",
              "keywords": { "en": [], "ar": []},
              "children": []
            }
          ]
        },
        {
          "name": {
            "en": "Electric Bicycle"
          },
          "description": {},
          "slug": "electric-bicycle",
          "keywords": { "en": [], "ar": []},
          "children": []
        },
        {
          "name": {
            "en": "Electric Bicycle Part"
          },
          "description": {},
          "slug": "electric-bicycle-part",
          "keywords": { "en": [], "ar": []},
          "children": [
            {
              "name": {
                "en": "Electric Bicycle Battery"
              },
              "description": {},
              "slug": "electric-bicycle-battery",
              "keywords": { "en": [], "ar": []},
              "children": []
            },
            {
              "name": {
                "en": "Electric Bicycle Motor"
              },
              "description": {},
              "slug": "electric-bicycle-motor",
              "keywords": { "en": [], "ar": []},
              "children": []
            },
            {
              "name": {
                "en": "Other Electric Bicycle Parts"
              },
              "description": {},
              "slug": "other-electric-bicycle-parts",
              "keywords": { "en": [], "ar": []},
              "children": []
            }
          ]
        }
      ]
    },
    {
      "name": {
        "en": "Fitness & Body Building"
      },
      "description": {},
      "slug": "fitness-and-body-building",
      "keywords": { "en": [], "ar": []},
      "children": [
        {
          "name": {
            "en": "Boxing"
          },
          "description": {},
          "slug": "boxing",
          "keywords": { "en": [], "ar": []},
          "children": [
            {
              "name": {
                "en": "Boxing Ring"
              },
              "description": {},
              "slug": "boxing-ring",
              "keywords": { "en": [], "ar": []},
              "children": []
            },
            {
              "name": {
                "en": "Other Boxing Products"
              },
              "description": {},
              "slug": "other-boxing-products",
              "keywords": { "en": [], "ar": []},
              "children": []
            },
            {
              "name": {
                "en": "Punching Bag & Sand Bag"
              },
              "description": {},
              "slug": "punching-bag-and-sand-bag",
              "keywords": { "en": [], "ar": []},
              "children": []
            },
            {
              "name": {
                "en": "Punching Balls & Speed Balls"
              },
              "description": {},
              "slug": "punching-balls-and-speed-balls",
              "keywords": { "en": [], "ar": []},
              "children": []
            }
          ]
        },
        {
          "name": {
            "en": "Cardio Training"
          },
          "description": {},
          "slug": "cardio-training",
          "keywords": { "en": [], "ar": []},
          "children": [
            {
              "name": {
                "en": "Dance Pads"
              },
              "description": {},
              "slug": "dance-pads",
              "keywords": { "en": [], "ar": []},
              "children": []
            },
            {
              "name": {
                "en": "Elliptical Trainers"
              },
              "description": {},
              "slug": "elliptical-trainers",
              "keywords": { "en": [], "ar": []},
              "children": []
            },
            {
              "name": {
                "en": "Exercise Bikes"
              },
              "description": {},
              "slug": "exercise-bikes",
              "keywords": { "en": [], "ar": []},
              "children": []
            },
            {
              "name": {
                "en": "Rowers"
              },
              "description": {},
              "slug": "rowers",
              "keywords": { "en": [], "ar": []},
              "children": []
            },
            {
              "name": {
                "en": "spinning bike"
              },
              "description": {},
              "slug": "spinning-bike",
              "keywords": { "en": [], "ar": []},
              "children": []
            },
            {
              "name": {
                "en": "Treadmills"
              },
              "description": {},
              "slug": "treadmills",
              "keywords": { "en": [], "ar": []},
              "children": []
            },
            {
              "name": {
                "en": "Vibration Platform Machines"
              },
              "description": {},
              "slug": "vibration-platform-machines",
              "keywords": { "en": [], "ar": []},
              "children": []
            }
          ]
        },
        {
          "name": {
            "en": "Dance Pads"
          },
          "description": {},
          "slug": "fitness-and-body-building-dance-pads",
          "keywords": { "en": [], "ar": []},
          "children": []
        },
        {
          "name": {
            "en": "Exercise rehabilitation"
          },
          "description": {},
          "slug": "exercise-rehabilitation",
          "keywords": { "en": [], "ar": []},
          "children": []
        },
        {
          "name": {
            "en": "Fitness Accessories"
          },
          "description": {},
          "slug": "fitness-and-body-building-fitness-accessories",
          "keywords": { "en": [], "ar": []},
          "children": [
            {
              "name": {
                "en": "Collars"
              },
              "description": {},
              "slug": "collars",
              "keywords": { "en": [], "ar": []},
              "children": []
            },
            {
              "name": {
                "en": "Exercise Balls & Accessories"
              },
              "description": {},
              "slug": "exercise-balls-and-accessories",
              "keywords": { "en": [], "ar": []},
              "children": []
            },
            {
              "name": {
                "en": "Exercise Bands"
              },
              "description": {},
              "slug": "exercise-bands",
              "keywords": { "en": [], "ar": []},
              "children": []
            },
            {
              "name": {
                "en": "Fitness Safety"
              },
              "description": {},
              "slug": "fitness-safety",
              "keywords": { "en": [], "ar": []},
              "children": []
            },
            {
              "name": {
                "en": "Gloves"
              },
              "description": {},
              "slug": "gloves",
              "keywords": { "en": [], "ar": []},
              "children": []
            },
            {
              "name": {
                "en": "Mats"
              },
              "description": {},
              "slug": "mats",
              "keywords": { "en": [], "ar": []},
              "children": []
            },
            {
              "name": {
                "en": "Other Accessories"
              },
              "description": {},
              "slug": "fitness-and-body-building-fitness-accessories-other-accessories",
              "keywords": { "en": [], "ar": []},
              "children": []
            },
            {
              "name": {
                "en": "Sauna Suits"
              },
              "description": {},
              "slug": "sauna-suits",
              "keywords": { "en": [], "ar": []},
              "children": []
            },
            {
              "name": {
                "en": "Step Platforms"
              },
              "description": {},
              "slug": "step-platforms",
              "keywords": { "en": [], "ar": []},
              "children": []
            },
            {
              "name": {
                "en": "Straps"
              },
              "description": {},
              "slug": "straps",
              "keywords": { "en": [], "ar": []},
              "children": []
            },
            {
              "name": {
                "en": "Waist Trimmers"
              },
              "description": {},
              "slug": "waist-trimmers",
              "keywords": { "en": [], "ar": []},
              "children": []
            },
            {
              "name": {
                "en": "Wraps"
              },
              "description": {},
              "slug": "wraps",
              "keywords": { "en": [], "ar": []},
              "children": []
            }
          ]
        },
        {
          "name": {
            "en": "Gym Equipment"
          },
          "description": {},
          "slug": "gym-equipment",
          "keywords": { "en": [], "ar": []},
          "children": []
        },
        {
          "name": {
            "en": "Gymnastics"
          },
          "description": {},
          "slug": "gymnastics",
          "keywords": { "en": [], "ar": []},
          "children": []
        },
        {
          "name": {
            "en": "Jump Ropes"
          },
          "description": {},
          "slug": "jump-ropes",
          "keywords": { "en": [], "ar": []},
          "children": []
        },
        {
          "name": {
            "en": "Martial Arts"
          },
          "description": {},
          "slug": "martial-arts",
          "keywords": { "en": [], "ar": []},
          "children": []
        },
        {
          "name": {
            "en": "Other Fitness & Bodybuilding Products"
          },
          "description": {},
          "slug": "other-fitness-and-bodybuilding-products",
          "keywords": { "en": [], "ar": []},
          "children": []
        },
        {
          "name": {
            "en": "Outdoor Fitness Equipment"
          },
          "description": {},
          "slug": "outdoor-fitness-equipment",
          "keywords": { "en": [], "ar": []},
          "children": []
        },
        {
          "name": {
            "en": "Pedometers"
          },
          "description": {},
          "slug": "pedometers",
          "keywords": { "en": [], "ar": []},
          "children": []
        },
        {
          "name": {
            "en": "Protective Flooring"
          },
          "description": {},
          "slug": "protective-flooring",
          "keywords": { "en": [], "ar": []},
          "children": []
        },
        {
          "name": {
            "en": "Sport Fitness Technology"
          },
          "description": {},
          "slug": "sport-fitness-technology",
          "keywords": { "en": [], "ar": []},
          "children": [
            {
              "name": {
                "en": "Activity & Fitness Trackers"
              },
              "description": {},
              "slug": "activity-and-fitness-trackers",
              "keywords": { "en": [], "ar": []},
              "children": []
            },
            {
              "name": {
                "en": "Stopwatches"
              },
              "description": {},
              "slug": "stopwatches",
              "keywords": { "en": [], "ar": []},
              "children": []
            }
          ]
        },
        {
          "name": {
            "en": "Strength Training"
          },
          "description": {},
          "slug": "strength-training",
          "keywords": { "en": [], "ar": []},
          "children": [
            {
              "name": {
                "en": "Benches & Rack"
              },
              "description": {},
              "slug": "benches-and-rack",
              "keywords": { "en": [], "ar": []},
              "children": []
            },
            {
              "name": {
                "en": "Dip Stands"
              },
              "description": {},
              "slug": "dip-stands",
              "keywords": { "en": [], "ar": []},
              "children": []
            },
            {
              "name": {
                "en": "Free Weights"
              },
              "description": {},
              "slug": "free-weights",
              "keywords": { "en": [], "ar": []},
              "children": []
            },
            {
              "name": {
                "en": "Mutli Function Station"
              },
              "description": {},
              "slug": "mutli-function-station",
              "keywords": { "en": [], "ar": []},
              "children": []
            },
            {
              "name": {
                "en": "Pin Load Selection Machines"
              },
              "description": {},
              "slug": "pin-load-selection-machines",
              "keywords": { "en": [], "ar": []},
              "children": []
            },
            {
              "name": {
                "en": "Plate Loaded Machines"
              },
              "description": {},
              "slug": "plate-loaded-machines",
              "keywords": { "en": [], "ar": []},
              "children": []
            }
          ]
        },
        {
          "name": {
            "en": "Trampolines"
          },
          "description": {},
          "slug": "trampolines",
          "keywords": { "en": [], "ar": []},
          "children": []
        },
        {
          "name": {
            "en": "Weight Lifting"
          },
          "description": {},
          "slug": "weight-lifting",
          "keywords": { "en": [], "ar": []},
          "children": []
        },
        {
          "name": {
            "en": "Yoga & Pilates"
          },
          "description": {},
          "slug": "yoga-and-pilates",
          "keywords": { "en": [], "ar": []},
          "children": [
            {
              "name": {
                "en": "Pilates Accessories"
              },
              "description": {},
              "slug": "pilates-accessories",
              "keywords": { "en": [], "ar": []},
              "children": []
            },
            {
              "name": {
                "en": "Pilates Reformers"
              },
              "description": {},
              "slug": "pilates-reformers",
              "keywords": { "en": [], "ar": []},
              "children": []
            },
            {
              "name": {
                "en": "Yoga Blocks"
              },
              "description": {},
              "slug": "yoga-blocks",
              "keywords": { "en": [], "ar": []},
              "children": []
            },
            {
              "name": {
                "en": "Yoga Mats"
              },
              "description": {},
              "slug": "yoga-mats",
              "keywords": { "en": [], "ar": []},
              "children": []
            }
          ]
        }
      ]
    },
    {
      "name": {
        "en": "Gambling"
      },
      "description": {},
      "slug": "gambling",
      "keywords": { "en": [], "ar": []},
      "children": [
        {
          "name": {
            "en": "Bingo"
          },
          "description": {},
          "slug": "bingo",
          "keywords": { "en": [], "ar": []},
          "children": []
        },
        {
          "name": {
            "en": "Dice"
          },
          "description": {},
          "slug": "dice",
          "keywords": { "en": [], "ar": []},
          "children": []
        },
        {
          "name": {
            "en": "Gambling Tables"
          },
          "description": {},
          "slug": "gambling-tables",
          "keywords": { "en": [], "ar": []},
          "children": []
        },
        {
          "name": {
            "en": "Other Gambling Products"
          },
          "description": {},
          "slug": "other-gambling-products",
          "keywords": { "en": [], "ar": []},
          "children": []
        },
        {
          "name": {
            "en": "Playing Cards"
          },
          "description": {},
          "slug": "playing-cards",
          "keywords": { "en": [], "ar": []},
          "children": []
        },
        {
          "name": {
            "en": "Poker Chips"
          },
          "description": {},
          "slug": "poker-chips",
          "keywords": { "en": [], "ar": []},
          "children": []
        }
      ]
    },
    {
      "name": {
        "en": "Golf"
      },
      "description": {},
      "slug": "golf",
      "keywords": { "en": [], "ar": []},
      "children": [
        {
          "name": {
            "en": "Club-Making Products"
          },
          "description": {},
          "slug": "club-making-products",
          "keywords": { "en": [], "ar": []},
          "children": [
            {
              "name": {
                "en": "Club Grips"
              },
              "description": {},
              "slug": "club-grips",
              "keywords": { "en": [], "ar": []},
              "children": []
            },
            {
              "name": {
                "en": "Club Heads"
              },
              "description": {},
              "slug": "club-heads",
              "keywords": { "en": [], "ar": []},
              "children": []
            },
            {
              "name": {
                "en": "Club Shafts"
              },
              "description": {},
              "slug": "club-shafts",
              "keywords": { "en": [], "ar": []},
              "children": []
            }
          ]
        },
        {
          "name": {
            "en": "Golf Bags"
          },
          "description": {},
          "slug": "golf-bags",
          "keywords": { "en": [], "ar": []},
          "children": []
        },
        {
          "name": {
            "en": "Golf Balls"
          },
          "description": {},
          "slug": "golf-balls",
          "keywords": { "en": [], "ar": []},
          "children": []
        },
        {
          "name": {
            "en": "Golf Clubs"
          },
          "description": {},
          "slug": "golf-clubs",
          "keywords": { "en": [], "ar": []},
          "children": []
        },
        {
          "name": {
            "en": "Golf Tees"
          },
          "description": {},
          "slug": "golf-tees",
          "keywords": { "en": [], "ar": []},
          "children": []
        },
        {
          "name": {
            "en": "Golf Training Aids"
          },
          "description": {},
          "slug": "golf-training-aids",
          "keywords": { "en": [], "ar": []},
          "children": []
        },
        {
          "name": {
            "en": "Golf Trolley"
          },
          "description": {},
          "slug": "golf-trolley",
          "keywords": { "en": [], "ar": []},
          "children": []
        },
        {
          "name": {
            "en": "Other Golf Products"
          },
          "description": {},
          "slug": "other-golf-products",
          "keywords": { "en": [], "ar": []},
          "children": []
        }
      ]
    },
    {
      "name": {
        "en": "Indoor Sports"
      },
      "description": {},
      "slug": "indoor-sports",
      "keywords": { "en": [], "ar": []},
      "children": [
        {
          "name": {
            "en": "Air Hockey"
          },
          "description": {},
          "slug": "air-hockey",
          "keywords": { "en": [], "ar": []},
          "children": []
        },
        {
          "name": {
            "en": "Board Game"
          },
          "description": {},
          "slug": "board-game",
          "keywords": { "en": [], "ar": []},
          "children": []
        },
        {
          "name": {
            "en": "Bowling"
          },
          "description": {},
          "slug": "bowling",
          "keywords": { "en": [], "ar": []},
          "children": []
        },
        {
          "name": {
            "en": "Chess Games"
          },
          "description": {},
          "slug": "chess-games",
          "keywords": { "en": [], "ar": []},
          "children": []
        },
        {
          "name": {
            "en": "Coin Operated Games"
          },
          "description": {},
          "slug": "coin-operated-games",
          "keywords": { "en": [], "ar": []},
          "children": []
        },
        {
          "name": {
            "en": "Darts"
          },
          "description": {},
          "slug": "darts",
          "keywords": { "en": [], "ar": []},
          "children": []
        },
        {
          "name": {
            "en": "Other Indoor Sports Products"
          },
          "description": {},
          "slug": "other-indoor-sports-products",
          "keywords": { "en": [], "ar": []},
          "children": []
        },
        {
          "name": {
            "en": "Snooker & Billiard"
          },
          "description": {},
          "slug": "snooker-and-billiard",
          "keywords": { "en": [], "ar": []},
          "children": [
            {
              "name": {
                "en": "Other Snooker & Billiard Products"
              },
              "description": {},
              "slug": "other-snooker-and-billiard-products",
              "keywords": { "en": [], "ar": []},
              "children": []
            },
            {
              "name": {
                "en": "Snooker & Billiard Balls"
              },
              "description": {},
              "slug": "snooker-and-billiard-balls",
              "keywords": { "en": [], "ar": []},
              "children": []
            },
            {
              "name": {
                "en": "Snooker & Billiard Cues"
              },
              "description": {},
              "slug": "snooker-and-billiard-cues",
              "keywords": { "en": [], "ar": []},
              "children": []
            },
            {
              "name": {
                "en": "Snooker & Billiard Tables"
              },
              "description": {},
              "slug": "snooker-and-billiard-tables",
              "keywords": { "en": [], "ar": []},
              "children": []
            }
          ]
        },
        {
          "name": {
            "en": "Soccer Tables"
          },
          "description": {},
          "slug": "soccer-tables",
          "keywords": { "en": [], "ar": []},
          "children": []
        }
      ]
    },
    {
      "name": {
        "en": "Musical Instruments"
      },
      "description": {},
      "slug": "musical-instruments",
      "keywords": { "en": [], "ar": []},
      "children": [
        {
          "name": {
            "en": "Brass Instruments"
          },
          "description": {},
          "slug": "brass-instruments",
          "keywords": { "en": [], "ar": []},
          "children": [
            {
              "name": {
                "en": "Trombone"
              },
              "description": {},
              "slug": "trombone",
              "keywords": { "en": [], "ar": []},
              "children": []
            },
            {
              "name": {
                "en": "Trumpet"
              },
              "description": {},
              "slug": "trumpet",
              "keywords": { "en": [], "ar": []},
              "children": []
            }
          ]
        },
        {
          "name": {
            "en": "Keyboard Instruments"
          },
          "description": {},
          "slug": "keyboard-instruments",
          "keywords": { "en": [], "ar": []},
          "children": [
            {
              "name": {
                "en": "Accordion"
              },
              "description": {},
              "slug": "accordion",
              "keywords": { "en": [], "ar": []},
              "children": []
            },
            {
              "name": {
                "en": "Electronic Organ"
              },
              "description": {},
              "slug": "electronic-organ",
              "keywords": { "en": [], "ar": []},
              "children": []
            },
            {
              "name": {
                "en": "Piano"
              },
              "description": {},
              "slug": "piano",
              "keywords": { "en": [], "ar": []},
              "children": []
            }
          ]
        },
        {
          "name": {
            "en": "Other Musical Instruments & Accessories"
          },
          "description": {},
          "slug": "other-musical-instruments-and-accessories",
          "keywords": { "en": [], "ar": []},
          "children": []
        },
        {
          "name": {
            "en": "Percussion Instruments"
          },
          "description": {},
          "slug": "percussion-instruments",
          "keywords": { "en": [], "ar": []},
          "children": [
            {
              "name": {
                "en": "Drum"
              },
              "description": {},
              "slug": "drum",
              "keywords": { "en": [], "ar": []},
              "children": []
            },
            {
              "name": {
                "en": "Gong & Cymbals"
              },
              "description": {},
              "slug": "gong-and-cymbals",
              "keywords": { "en": [], "ar": []},
              "children": []
            }
          ]
        },
        {
          "name": {
            "en": "Stringed Instruments"
          },
          "description": {},
          "slug": "stringed-instruments",
          "keywords": { "en": [], "ar": []},
          "children": [
            {
              "name": {
                "en": "Cello"
              },
              "description": {},
              "slug": "cello",
              "keywords": { "en": [], "ar": []},
              "children": []
            },
            {
              "name": {
                "en": "Guitar"
              },
              "description": {},
              "slug": "guitar",
              "keywords": { "en": [], "ar": []},
              "children": []
            },
            {
              "name": {
                "en": "Stringed Instruments Parts & Accessories"
              },
              "description": {},
              "slug": "stringed-instruments-parts-and-accessories",
              "keywords": { "en": [], "ar": []},
              "children": []
            },
            {
              "name": {
                "en": "Violin"
              },
              "description": {},
              "slug": "violin",
              "keywords": { "en": [], "ar": []},
              "children": []
            }
          ]
        },
        {
          "name": {
            "en": "Woodwind Instruments"
          },
          "description": {},
          "slug": "woodwind-instruments",
          "keywords": { "en": [], "ar": []},
          "children": [
            {
              "name": {
                "en": "Clarinet"
              },
              "description": {},
              "slug": "clarinet",
              "keywords": { "en": [], "ar": []},
              "children": []
            },
            {
              "name": {
                "en": "Flute"
              },
              "description": {},
              "slug": "flute",
              "keywords": { "en": [], "ar": []},
              "children": []
            },
            {
              "name": {
                "en": "Harmonica"
              },
              "description": {},
              "slug": "harmonica",
              "keywords": { "en": [], "ar": []},
              "children": []
            },
            {
              "name": {
                "en": "Saxophone"
              },
              "description": {},
              "slug": "saxophone",
              "keywords": { "en": [], "ar": []},
              "children": []
            }
          ]
        }
      ]
    },
    {
      "name": {
        "en": "Other Sports & Entertainment Products"
      },
      "description": {},
      "slug": "other-sports-and-entertainment-products",
      "keywords": { "en": [], "ar": []},
      "children": []
    },
    {
      "name": {
        "en": "Outdoor Sports"
      },
      "description": {},
      "slug": "outdoor-sports",
      "keywords": { "en": [], "ar": []},
      "children": [
        {
          "name": {
            "en": "Bungee"
          },
          "description": {},
          "slug": "bungee",
          "keywords": { "en": [], "ar": []},
          "children": []
        },
        {
          "name": {
            "en": "Camping & Hiking"
          },
          "description": {},
          "slug": "camping-and-hiking",
          "keywords": { "en": [], "ar": []},
          "children": [
            {
              "name": {
                "en": "Camping Furnitures"
              },
              "description": {},
              "slug": "camping-furnitures",
              "keywords": { "en": [], "ar": []},
              "children": []
            },
            {
              "name": {
                "en": "Camping Grills"
              },
              "description": {},
              "slug": "camping-grills",
              "keywords": { "en": [], "ar": []},
              "children": []
            },
            {
              "name": {
                "en": "Camping Helmets"
              },
              "description": {},
              "slug": "camping-helmets",
              "keywords": { "en": [], "ar": []},
              "children": []
            },
            {
              "name": {
                "en": "Camping Laterns"
              },
              "description": {},
              "slug": "camping-laterns",
              "keywords": { "en": [], "ar": []},
              "children": []
            },
            {
              "name": {
                "en": "Camping Mat"
              },
              "description": {},
              "slug": "camping-mat",
              "keywords": { "en": [], "ar": []},
              "children": []
            },
            {
              "name": {
                "en": "Camping Stoves & Accessories"
              },
              "description": {},
              "slug": "camping-stoves-and-accessories",
              "keywords": { "en": [], "ar": []},
              "children": []
            },
            {
              "name": {
                "en": "Compasses"
              },
              "description": {},
              "slug": "camping-and-hiking-compasses",
              "keywords": { "en": [], "ar": []},
              "children": []
            },
            {
              "name": {
                "en": "Cooler Box"
              },
              "description": {},
              "slug": "cooler-box",
              "keywords": { "en": [], "ar": []},
              "children": []
            },
            {
              "name": {
                "en": "Other Camping & Hiking Products"
              },
              "description": {},
              "slug": "other-camping-and-hiking-products",
              "keywords": { "en": [], "ar": []},
              "children": []
            },
            {
              "name": {
                "en": "Outdoor Telescope"
              },
              "description": {},
              "slug": "outdoor-telescope",
              "keywords": { "en": [], "ar": []},
              "children": []
            },
            {
              "name": {
                "en": "Outdoor Tents"
              },
              "description": {},
              "slug": "outdoor-tents",
              "keywords": { "en": [], "ar": []},
              "children": []
            },
            {
              "name": {
                "en": "Sleeping Bags"
              },
              "description": {},
              "slug": "sleeping-bags",
              "keywords": { "en": [], "ar": []},
              "children": []
            },
            {
              "name": {
                "en": "Sun Shelter"
              },
              "description": {},
              "slug": "sun-shelter",
              "keywords": { "en": [], "ar": []},
              "children": []
            },
            {
              "name": {
                "en": "Trade Show Tent"
              },
              "description": {},
              "slug": "trade-show-tent",
              "keywords": { "en": [], "ar": []},
              "children": []
            },
            {
              "name": {
                "en": "Travel Kits"
              },
              "description": {},
              "slug": "travel-kits",
              "keywords": { "en": [], "ar": []},
              "children": []
            },
            {
              "name": {
                "en": "Walking Sticks"
              },
              "description": {},
              "slug": "walking-sticks",
              "keywords": { "en": [], "ar": []},
              "children": []
            }
          ]
        },
        {
          "name": {
            "en": "Fishing"
          },
          "description": {},
          "slug": "fishing",
          "keywords": { "en": [], "ar": []},
          "children": [
            {
              "name": {
                "en": "Fish Finders"
              },
              "description": {},
              "slug": "fish-finders",
              "keywords": { "en": [], "ar": []},
              "children": []
            },
            {
              "name": {
                "en": "Fishhooks"
              },
              "description": {},
              "slug": "fishhooks",
              "keywords": { "en": [], "ar": []},
              "children": []
            },
            {
              "name": {
                "en": "Fishing Bags"
              },
              "description": {},
              "slug": "fishing-bags",
              "keywords": { "en": [], "ar": []},
              "children": []
            },
            {
              "name": {
                "en": "Fishing Bait Boats"
              },
              "description": {},
              "slug": "fishing-bait-boats",
              "keywords": { "en": [], "ar": []},
              "children": []
            },
            {
              "name": {
                "en": "Fishing Cameras"
              },
              "description": {},
              "slug": "fishing-cameras",
              "keywords": { "en": [], "ar": []},
              "children": []
            },
            {
              "name": {
                "en": "Fishing Chairs"
              },
              "description": {},
              "slug": "fishing-chairs",
              "keywords": { "en": [], "ar": []},
              "children": []
            },
            {
              "name": {
                "en": "Fishing Float"
              },
              "description": {},
              "slug": "fishing-float",
              "keywords": { "en": [], "ar": []},
              "children": []
            },
            {
              "name": {
                "en": "Fishing Lines"
              },
              "description": {},
              "slug": "fishing-lines",
              "keywords": { "en": [], "ar": []},
              "children": []
            },
            {
              "name": {
                "en": "Fishing Lures"
              },
              "description": {},
              "slug": "fishing-lures",
              "keywords": { "en": [], "ar": []},
              "children": []
            },
            {
              "name": {
                "en": "Fishing Net"
              },
              "description": {},
              "slug": "fishing-net",
              "keywords": { "en": [], "ar": []},
              "children": []
            },
            {
              "name": {
                "en": "Fishing Reels"
              },
              "description": {},
              "slug": "fishing-reels",
              "keywords": { "en": [], "ar": []},
              "children": []
            },
            {
              "name": {
                "en": "Fishing Rod Racks"
              },
              "description": {},
              "slug": "fishing-rod-racks",
              "keywords": { "en": [], "ar": []},
              "children": []
            },
            {
              "name": {
                "en": "Fishing Rods"
              },
              "description": {},
              "slug": "fishing-rods",
              "keywords": { "en": [], "ar": []},
              "children": []
            },
            {
              "name": {
                "en": "Fishing Rope"
              },
              "description": {},
              "slug": "fishing-rope",
              "keywords": { "en": [], "ar": []},
              "children": []
            },
            {
              "name": {
                "en": "Fishing Sinkers"
              },
              "description": {},
              "slug": "fishing-sinkers",
              "keywords": { "en": [], "ar": []},
              "children": []
            },
            {
              "name": {
                "en": "Fishing Tackle Boxes"
              },
              "description": {},
              "slug": "fishing-tackle-boxes",
              "keywords": { "en": [], "ar": []},
              "children": []
            },
            {
              "name": {
                "en": "Fishing Tents"
              },
              "description": {},
              "slug": "fishing-tents",
              "keywords": { "en": [], "ar": []},
              "children": []
            },
            {
              "name": {
                "en": "Fishing Waders"
              },
              "description": {},
              "slug": "fishing-waders",
              "keywords": { "en": [], "ar": []},
              "children": []
            },
            {
              "name": {
                "en": "Other Fishing Products"
              },
              "description": {},
              "slug": "other-fishing-products",
              "keywords": { "en": [], "ar": []},
              "children": []
            },
            {
              "name": {
                "en": "Other Fishing Products (update)"
              },
              "description": {},
              "slug": "other-fishing-products-update",
              "keywords": { "en": [], "ar": []},
              "children": []
            }
          ]
        },
        {
          "name": {
            "en": "Flashing Roller"
          },
          "description": {},
          "slug": "flashing-roller",
          "keywords": { "en": [], "ar": []},
          "children": []
        },
        {
          "name": {
            "en": "Go Karts"
          },
          "description": {},
          "slug": "go-karts",
          "keywords": { "en": [], "ar": []},
          "children": []
        },
        {
          "name": {
            "en": "Horse Racing"
          },
          "description": {},
          "slug": "horse-racing",
          "keywords": { "en": [], "ar": []},
          "children": [
            {
              "name": {
                "en": "Chaps"
              },
              "description": {},
              "slug": "chaps",
              "keywords": { "en": [], "ar": []},
              "children": []
            },
            {
              "name": {
                "en": "Halters"
              },
              "description": {},
              "slug": "halters",
              "keywords": { "en": [], "ar": []},
              "children": []
            },
            {
              "name": {
                "en": "Horse Care Products"
              },
              "description": {},
              "slug": "horse-care-products",
              "keywords": { "en": [], "ar": []},
              "children": []
            },
            {
              "name": {
                "en": "Horse Rugs"
              },
              "description": {},
              "slug": "horse-rugs",
              "keywords": { "en": [], "ar": []},
              "children": []
            },
            {
              "name": {
                "en": "Horseshoes"
              },
              "description": {},
              "slug": "horseshoes",
              "keywords": { "en": [], "ar": []},
              "children": []
            },
            {
              "name": {
                "en": "Other Horse Products"
              },
              "description": {},
              "slug": "other-horse-products",
              "keywords": { "en": [], "ar": []},
              "children": []
            },
            {
              "name": {
                "en": "Saddle Pads"
              },
              "description": {},
              "slug": "saddle-pads",
              "keywords": { "en": [], "ar": []},
              "children": []
            },
            {
              "name": {
                "en": "Saddles"
              },
              "description": {},
              "slug": "saddles",
              "keywords": { "en": [], "ar": []},
              "children": []
            }
          ]
        },
        {
          "name": {
            "en": "Hunting"
          },
          "description": {},
          "slug": "hunting",
          "keywords": { "en": [], "ar": []},
          "children": [
            {
              "name": {
                "en": "Bow & Arrow"
              },
              "description": {},
              "slug": "bow-and-arrow",
              "keywords": { "en": [], "ar": []},
              "children": []
            },
            {
              "name": {
                "en": "Hunting Cameras"
              },
              "description": {},
              "slug": "hunting-cameras",
              "keywords": { "en": [], "ar": []},
              "children": []
            },
            {
              "name": {
                "en": "Hunting Decoy"
              },
              "description": {},
              "slug": "hunting-decoy",
              "keywords": { "en": [], "ar": []},
              "children": []
            },
            {
              "name": {
                "en": "Hunting Gun Accessories"
              },
              "description": {},
              "slug": "hunting-gun-accessories",
              "keywords": { "en": [], "ar": []},
              "children": []
            },
            {
              "name": {
                "en": "Other Hunting Products"
              },
              "description": {},
              "slug": "other-hunting-products",
              "keywords": { "en": [], "ar": []},
              "children": []
            },
            {
              "name": {
                "en": "Scopes & Accessories"
              },
              "description": {},
              "slug": "scopes-and-accessories",
              "keywords": { "en": [], "ar": []},
              "children": []
            }
          ]
        },
        {
          "name": {
            "en": "Scooters"
          },
          "description": {},
          "slug": "scooters",
          "keywords": { "en": [], "ar": []},
          "children": [
            {
              "name": {
                "en": "Electric Scooters"
              },
              "description": {},
              "slug": "electric-scooters",
              "keywords": { "en": [], "ar": []},
              "children": []
            },
            {
              "name": {
                "en": "Kick Scooters,Foot Scooters"
              },
              "description": {},
              "slug": "kick-scootersfoot-scooters",
              "keywords": { "en": [], "ar": []},
              "children": []
            },
            {
              "name": {
                "en": "Other Scooters"
              },
              "description": {},
              "slug": "other-scooters",
              "keywords": { "en": [], "ar": []},
              "children": []
            },
            {
              "name": {
                "en": "Scooter Parts & Accessories"
              },
              "description": {},
              "slug": "scooter-parts-and-accessories",
              "keywords": { "en": [], "ar": []},
              "children": []
            },
            {
              "name": {
                "en": "Self-balancing Electric Scooters"
              },
              "description": {},
              "slug": "self-balancing-electric-scooters",
              "keywords": { "en": [], "ar": []},
              "children": []
            }
          ]
        },
        {
          "name": {
            "en": "Shooting"
          },
          "description": {},
          "slug": "shooting",
          "keywords": { "en": [], "ar": []},
          "children": [
            {
              "name": {
                "en": "Other Shooting Products"
              },
              "description": {},
              "slug": "other-shooting-products",
              "keywords": { "en": [], "ar": []},
              "children": []
            },
            {
              "name": {
                "en": "Paintball Accessories"
              },
              "description": {},
              "slug": "paintball-accessories",
              "keywords": { "en": [], "ar": []},
              "children": []
            },
            {
              "name": {
                "en": "Paintballs"
              },
              "description": {},
              "slug": "paintballs",
              "keywords": { "en": [], "ar": []},
              "children": []
            }
          ]
        },
        {
          "name": {
            "en": "Skate Board"
          },
          "description": {},
          "slug": "skate-board",
          "keywords": { "en": [], "ar": []},
          "children": []
        }
      ]
    },
    {
      "name": {
        "en": "Personal Watercraft"
      },
      "description": {},
      "slug": "personal-watercraft",
      "keywords": { "en": [], "ar": []},
      "children": [
        {
          "name": {
            "en": "Jetski"
          },
          "description": {},
          "slug": "jetski",
          "keywords": { "en": [], "ar": []},
          "children": []
        }
      ]
    },
    {
      "name": {
        "en": "Racquet Sports"
      },
      "description": {},
      "slug": "racquet-sports",
      "keywords": { "en": [], "ar": []},
      "children": [
        {
          "name": {
            "en": "Badminton"
          },
          "description": {},
          "slug": "badminton",
          "keywords": { "en": [], "ar": []},
          "children": [
            {
              "name": {
                "en": "Badminton Rackets"
              },
              "description": {},
              "slug": "badminton-rackets",
              "keywords": { "en": [], "ar": []},
              "children": []
            },
            {
              "name": {
                "en": "Other Badminton Products"
              },
              "description": {},
              "slug": "other-badminton-products",
              "keywords": { "en": [], "ar": []},
              "children": []
            },
            {
              "name": {
                "en": "Shuttlecock"
              },
              "description": {},
              "slug": "shuttlecock",
              "keywords": { "en": [], "ar": []},
              "children": []
            }
          ]
        },
        {
          "name": {
            "en": "Table Tennis"
          },
          "description": {},
          "slug": "table-tennis",
          "keywords": { "en": [], "ar": []},
          "children": [
            {
              "name": {
                "en": "Other Table Tennis Products"
              },
              "description": {},
              "slug": "other-table-tennis-products",
              "keywords": { "en": [], "ar": []},
              "children": []
            },
            {
              "name": {
                "en": "Table Tennis Balls"
              },
              "description": {},
              "slug": "table-tennis-balls",
              "keywords": { "en": [], "ar": []},
              "children": []
            },
            {
              "name": {
                "en": "Table Tennis Rackets"
              },
              "description": {},
              "slug": "table-tennis-rackets",
              "keywords": { "en": [], "ar": []},
              "children": []
            },
            {
              "name": {
                "en": "Table Tennis Tables"
              },
              "description": {},
              "slug": "table-tennis-tables",
              "keywords": { "en": [], "ar": []},
              "children": []
            }
          ]
        }
      ]
    },
    {
      "name": {
        "en": "RV Parts & Accessories"
      },
      "description": {},
      "slug": "rv-parts-and-accessories",
      "keywords": { "en": [], "ar": []},
      "children": [
        {
          "name": {
            "en": "Other RV Parts & Accessories"
          },
          "description": {},
          "slug": "other-rv-parts-and-accessories",
          "keywords": { "en": [], "ar": []},
          "children": []
        },
        {
          "name": {
            "en": "RV Body Parts"
          },
          "description": {},
          "slug": "rv-body-parts",
          "keywords": { "en": [], "ar": []},
          "children": []
        },
        {
          "name": {
            "en": "RV Brake systems"
          },
          "description": {},
          "slug": "rv-brake-systems",
          "keywords": { "en": [], "ar": []},
          "children": []
        },
        {
          "name": {
            "en": "RV Electrical Systems"
          },
          "description": {},
          "slug": "rv-electrical-systems",
          "keywords": { "en": [], "ar": []},
          "children": []
        },
        {
          "name": {
            "en": "RV Electronics"
          },
          "description": {},
          "slug": "rv-electronics",
          "keywords": { "en": [], "ar": []},
          "children": []
        },
        {
          "name": {
            "en": "RV Engines"
          },
          "description": {},
          "slug": "rv-engines",
          "keywords": { "en": [], "ar": []},
          "children": []
        },
        {
          "name": {
            "en": "RV Exterior Accessories"
          },
          "description": {},
          "slug": "rv-exterior-accessories",
          "keywords": { "en": [], "ar": []},
          "children": []
        },
        {
          "name": {
            "en": "RV Interior Accessories"
          },
          "description": {},
          "slug": "rv-interior-accessories",
          "keywords": { "en": [], "ar": []},
          "children": []
        },
        {
          "name": {
            "en": "RV Lighting Systems"
          },
          "description": {},
          "slug": "rv-lighting-systems",
          "keywords": { "en": [], "ar": []},
          "children": []
        },
        {
          "name": {
            "en": "RV Steerings"
          },
          "description": {},
          "slug": "rv-steerings",
          "keywords": { "en": [], "ar": []},
          "children": []
        },
        {
          "name": {
            "en": "RV Suspensions"
          },
          "description": {},
          "slug": "rv-suspensions",
          "keywords": { "en": [], "ar": []},
          "children": []
        }
      ]
    },
    {
      "name": {
        "en": "RVs & Campers"
      },
      "description": {},
      "slug": "rvs-and-campers",
      "keywords": { "en": [], "ar": []},
      "children": [
        {
          "name": {
            "en": "Motorhome"
          },
          "description": {},
          "slug": "motorhome",
          "keywords": { "en": [], "ar": []},
          "children": []
        },
        {
          "name": {
            "en": "Travel Trailers"
          },
          "description": {},
          "slug": "travel-trailers",
          "keywords": { "en": [], "ar": []},
          "children": []
        }
      ]
    },
    {
      "name": {
        "en": "Snowmobile"
      },
      "description": {},
      "slug": "snowmobile",
      "keywords": { "en": [], "ar": []},
      "children": []
    },
    {
      "name": {
        "en": "Souvenirs"
      },
      "description": {},
      "slug": "souvenirs",
      "keywords": { "en": [], "ar": []},
      "children": []
    },
    {
      "name": {
        "en": "Sports Bags"
      },
      "description": {},
      "slug": "sports-bags",
      "keywords": { "en": [], "ar": []},
      "children": [
        {
          "name": {
            "en": "Diving Bags"
          },
          "description": {},
          "slug": "diving-bags",
          "keywords": { "en": [], "ar": []},
          "children": []
        },
        {
          "name": {
            "en": "Hiking Bags"
          },
          "description": {},
          "slug": "hiking-bags",
          "keywords": { "en": [], "ar": []},
          "children": []
        },
        {
          "name": {
            "en": "Other Sports Bags"
          },
          "description": {},
          "slug": "other-sports-bags",
          "keywords": { "en": [], "ar": []},
          "children": []
        },
        {
          "name": {
            "en": "Racket Bags"
          },
          "description": {},
          "slug": "racket-bags",
          "keywords": { "en": [], "ar": []},
          "children": []
        }
      ]
    },
    {
      "name": {
        "en": "Sports Safety"
      },
      "description": {},
      "slug": "sports-safety",
      "keywords": { "en": [], "ar": []},
      "children": [
        {
          "name": {
            "en": "Ankle Support"
          },
          "description": {},
          "slug": "ankle-support",
          "keywords": { "en": [], "ar": []},
          "children": []
        },
        {
          "name": {
            "en": "Back Support"
          },
          "description": {},
          "slug": "back-support",
          "keywords": { "en": [], "ar": []},
          "children": []
        },
        {
          "name": {
            "en": "Elbow & Knee Pads"
          },
          "description": {},
          "slug": "elbow-and-knee-pads",
          "keywords": { "en": [], "ar": []},
          "children": []
        },
        {
          "name": {
            "en": "Helmets"
          },
          "description": {},
          "slug": "helmets",
          "keywords": { "en": [], "ar": []},
          "children": []
        },
        {
          "name": {
            "en": "Other Sports Safety"
          },
          "description": {},
          "slug": "other-sports-safety",
          "keywords": { "en": [], "ar": []},
          "children": []
        },
        {
          "name": {
            "en": "Shin Guard"
          },
          "description": {},
          "slug": "shin-guard",
          "keywords": { "en": [], "ar": []},
          "children": []
        },
        {
          "name": {
            "en": "Sports Gloves"
          },
          "description": {},
          "slug": "sports-gloves",
          "keywords": { "en": [], "ar": []},
          "children": [
            {
              "name": {
                "en": "Boxing Gloves"
              },
              "description": {},
              "slug": "boxing-gloves",
              "keywords": { "en": [], "ar": []},
              "children": []
            },
            {
              "name": {
                "en": "Golf Gloves"
              },
              "description": {},
              "slug": "golf-gloves",
              "keywords": { "en": [], "ar": []},
              "children": []
            },
            {
              "name": {
                "en": "Other Sports Gloves"
              },
              "description": {},
              "slug": "other-sports-gloves",
              "keywords": { "en": [], "ar": []},
              "children": []
            },
            {
              "name": {
                "en": "Racing Gloves"
              },
              "description": {},
              "slug": "racing-gloves",
              "keywords": { "en": [], "ar": []},
              "children": []
            },
            {
              "name": {
                "en": "Riding Gloves"
              },
              "description": {},
              "slug": "riding-gloves",
              "keywords": { "en": [], "ar": []},
              "children": []
            },
            {
              "name": {
                "en": "Ski Gloves"
              },
              "description": {},
              "slug": "ski-gloves",
              "keywords": { "en": [], "ar": []},
              "children": []
            },
            {
              "name": {
                "en": "Swimming & Diving Gloves"
              },
              "description": {},
              "slug": "swimming-and-diving-gloves",
              "keywords": { "en": [], "ar": []},
              "children": []
            }
          ]
        },
        {
          "name": {
            "en": "Sweatband"
          },
          "description": {},
          "slug": "sweatband",
          "keywords": { "en": [], "ar": []},
          "children": []
        },
        {
          "name": {
            "en": "Waist Support"
          },
          "description": {},
          "slug": "waist-support",
          "keywords": { "en": [], "ar": []},
          "children": []
        },
        {
          "name": {
            "en": "Wrist Support"
          },
          "description": {},
          "slug": "wrist-support",
          "keywords": { "en": [], "ar": []},
          "children": []
        }
      ]
    },
    {
      "name": {
        "en": "Sports Shoes"
      },
      "description": {},
      "slug": "sports-shoes",
      "keywords": { "en": [], "ar": []},
      "children": [
        {
          "name": {
            "en": "Badminton Shoes"
          },
          "description": {},
          "slug": "badminton-shoes",
          "keywords": { "en": [], "ar": []},
          "children": []
        },
        {
          "name": {
            "en": "Baseball Shoes"
          },
          "description": {},
          "slug": "baseball-shoes",
          "keywords": { "en": [], "ar": []},
          "children": []
        },
        {
          "name": {
            "en": "Basketball Shoes"
          },
          "description": {},
          "slug": "basketball-shoes",
          "keywords": { "en": [], "ar": []},
          "children": []
        },
        {
          "name": {
            "en": "Cycling Shoes"
          },
          "description": {},
          "slug": "cycling-shoes",
          "keywords": { "en": [], "ar": []},
          "children": []
        },
        {
          "name": {
            "en": "Dance Shoes"
          },
          "description": {},
          "slug": "dance-shoes",
          "keywords": { "en": [], "ar": []},
          "children": []
        },
        {
          "name": {
            "en": "Fitness & Cross-training Shoes"
          },
          "description": {},
          "slug": "fitness-and-cross-training-shoes",
          "keywords": { "en": [], "ar": []},
          "children": []
        },
        {
          "name": {
            "en": "Golf Shoes"
          },
          "description": {},
          "slug": "golf-shoes",
          "keywords": { "en": [], "ar": []},
          "children": []
        },
        {
          "name": {
            "en": "Hiking Shoes"
          },
          "description": {},
          "slug": "hiking-shoes",
          "keywords": { "en": [], "ar": []},
          "children": []
        },
        {
          "name": {
            "en": "Other Sports Shoes"
          },
          "description": {},
          "slug": "other-sports-shoes",
          "keywords": { "en": [], "ar": []},
          "children": []
        },
        {
          "name": {
            "en": "Running Shoes"
          },
          "description": {},
          "slug": "running-shoes",
          "keywords": { "en": [], "ar": []},
          "children": []
        },
        {
          "name": {
            "en": "Skate Shoes"
          },
          "description": {},
          "slug": "skate-shoes",
          "keywords": { "en": [], "ar": []},
          "children": []
        },
        {
          "name": {
            "en": "Skateboarding Shoes"
          },
          "description": {},
          "slug": "skateboarding-shoes",
          "keywords": { "en": [], "ar": []},
          "children": []
        },
        {
          "name": {
            "en": "Soccer Shoes"
          },
          "description": {},
          "slug": "soccer-shoes",
          "keywords": { "en": [], "ar": []},
          "children": []
        },
        {
          "name": {
            "en": "Table tennis shoes"
          },
          "description": {},
          "slug": "table-tennis-shoes",
          "keywords": { "en": [], "ar": []},
          "children": []
        },
        {
          "name": {
            "en": "Tennis Shoes"
          },
          "description": {},
          "slug": "tennis-shoes",
          "keywords": { "en": [], "ar": []},
          "children": []
        },
        {
          "name": {
            "en": "Track & Field Shoes"
          },
          "description": {},
          "slug": "track-and-field-shoes",
          "keywords": { "en": [], "ar": []},
          "children": []
        },
        {
          "name": {
            "en": "Volleyball Shoes"
          },
          "description": {},
          "slug": "volleyball-shoes",
          "keywords": { "en": [], "ar": []},
          "children": []
        },
        {
          "name": {
            "en": "Wrestling Shoes"
          },
          "description": {},
          "slug": "wrestling-shoes",
          "keywords": { "en": [], "ar": []},
          "children": []
        }
      ]
    },
    {
      "name": {
        "en": "Team Sports"
      },
      "description": {},
      "slug": "team-sports",
      "keywords": { "en": [], "ar": []},
      "children": [
        {
          "name": {
            "en": "Baseball & Softball"
          },
          "description": {},
          "slug": "baseball-and-softball",
          "keywords": { "en": [], "ar": []},
          "children": []
        },
        {
          "name": {
            "en": "Basketball"
          },
          "description": {},
          "slug": "basketball",
          "keywords": { "en": [], "ar": []},
          "children": []
        },
        {
          "name": {
            "en": "Cheerleading"
          },
          "description": {},
          "slug": "cheerleading",
          "keywords": { "en": [], "ar": []},
          "children": [
            {
              "name": {
                "en": "Fan Horns"
              },
              "description": {},
              "slug": "fan-horns",
              "keywords": { "en": [], "ar": []},
              "children": []
            },
            {
              "name": {
                "en": "Other Cheerleading Products"
              },
              "description": {},
              "slug": "other-cheerleading-products",
              "keywords": { "en": [], "ar": []},
              "children": []
            },
            {
              "name": {
                "en": "Pom Poms"
              },
              "description": {},
              "slug": "pom-poms",
              "keywords": { "en": [], "ar": []},
              "children": []
            },
            {
              "name": {
                "en": "Whistle"
              },
              "description": {},
              "slug": "whistle",
              "keywords": { "en": [], "ar": []},
              "children": []
            }
          ]
        },
        {
          "name": {
            "en": "Cricket"
          },
          "description": {},
          "slug": "cricket",
          "keywords": { "en": [], "ar": []},
          "children": []
        },
        {
          "name": {
            "en": "Football & Soccer"
          },
          "description": {},
          "slug": "football-and-soccer",
          "keywords": { "en": [], "ar": []},
          "children": []
        },
        {
          "name": {
            "en": "Ice Hockey & Field Hockey"
          },
          "description": {},
          "slug": "ice-hockey-and-field-hockey",
          "keywords": { "en": [], "ar": []},
          "children": []
        },
        {
          "name": {
            "en": "Volleyball"
          },
          "description": {},
          "slug": "volleyball",
          "keywords": { "en": [], "ar": []},
          "children": []
        }
      ]
    },
    {
      "name": {
        "en": "Tennis"
      },
      "description": {},
      "slug": "tennis",
      "keywords": { "en": [], "ar": []},
      "children": [
        {
          "name": {
            "en": "Other Tennis Products"
          },
          "description": {},
          "slug": "other-tennis-products",
          "keywords": { "en": [], "ar": []},
          "children": []
        },
        {
          "name": {
            "en": "Tennis Balls"
          },
          "description": {},
          "slug": "tennis-balls",
          "keywords": { "en": [], "ar": []},
          "children": []
        },
        {
          "name": {
            "en": "Tennis Rackets"
          },
          "description": {},
          "slug": "tennis-rackets",
          "keywords": { "en": [], "ar": []},
          "children": []
        }
      ]
    },
    {
      "name": {
        "en": "Water Sports"
      },
      "description": {},
      "slug": "water-sports",
      "keywords": { "en": [], "ar": []},
      "children": [
        {
          "name": {
            "en": "Racing Boats"
          },
          "description": {},
          "slug": "racing-boats",
          "keywords": { "en": [], "ar": []},
          "children": []
        },
        {
          "name": {
            "en": "Rowing Boats"
          },
          "description": {},
          "slug": "rowing-boats",
          "keywords": { "en": [], "ar": []},
          "children": []
        },
        {
          "name": {
            "en": "Surfing"
          },
          "description": {},
          "slug": "surfing",
          "keywords": { "en": [], "ar": []},
          "children": []
        },
        {
          "name": {
            "en": "Swimming & Diving"
          },
          "description": {},
          "slug": "swimming-and-diving",
          "keywords": { "en": [], "ar": []},
          "children": [
            {
              "name": {
                "en": "Air Mattresses"
              },
              "description": {},
              "slug": "air-mattresses",
              "keywords": { "en": [], "ar": []},
              "children": []
            },
            {
              "name": {
                "en": "Diving Air Tank"
              },
              "description": {},
              "slug": "diving-air-tank",
              "keywords": { "en": [], "ar": []},
              "children": []
            },
            {
              "name": {
                "en": "Diving Masks"
              },
              "description": {},
              "slug": "diving-masks",
              "keywords": { "en": [], "ar": []},
              "children": []
            },
            {
              "name": {
                "en": "Other Swimming & Diving Products"
              },
              "description": {},
              "slug": "other-swimming-and-diving-products",
              "keywords": { "en": [], "ar": []},
              "children": []
            },
            {
              "name": {
                "en": "Pool & Accessories"
              },
              "description": {},
              "slug": "pool-and-accessories",
              "keywords": { "en": [], "ar": []},
              "children": []
            },
            {
              "name": {
                "en": "Snorkels"
              },
              "description": {},
              "slug": "snorkels",
              "keywords": { "en": [], "ar": []},
              "children": []
            },
            {
              "name": {
                "en": "Swimming Caps"
              },
              "description": {},
              "slug": "swimming-caps",
              "keywords": { "en": [], "ar": []},
              "children": []
            },
            {
              "name": {
                "en": "Swimming Fins"
              },
              "description": {},
              "slug": "swimming-fins",
              "keywords": { "en": [], "ar": []},
              "children": []
            },
            {
              "name": {
                "en": "Swimming Goggles"
              },
              "description": {},
              "slug": "swimming-goggles",
              "keywords": { "en": [], "ar": []},
              "children": []
            },
            {
              "name": {
                "en": "Swimming Rings"
              },
              "description": {},
              "slug": "swimming-rings",
              "keywords": { "en": [], "ar": []},
              "children": []
            }
          ]
        }
      ]
    },
    {
      "name": {
        "en": "Winter Sports"
      },
      "description": {},
      "slug": "winter-sports",
      "keywords": { "en": [], "ar": []},
      "children": [
        {
          "name": {
            "en": "Skiing"
          },
          "description": {},
          "slug": "skiing",
          "keywords": { "en": [], "ar": []},
          "children": [
            {
              "name": {
                "en": "Other Ski Products"
              },
              "description": {},
              "slug": "other-ski-products",
              "keywords": { "en": [], "ar": []},
              "children": []
            },
            {
              "name": {
                "en": "Ski Poles"
              },
              "description": {},
              "slug": "ski-poles",
              "keywords": { "en": [], "ar": []},
              "children": []
            },
            {
              "name": {
                "en": "Snowboards & Skis"
              },
              "description": {},
              "slug": "snowboards-and-skis",
              "keywords": { "en": [], "ar": []},
              "children": []
            }
          ]
        },
        {
          "name": {
            "en": "Sleds & Snow Tubes"
          },
          "description": {},
          "slug": "sleds-and-snow-tubes",
          "keywords": { "en": [], "ar": []},
          "children": []
        }
      ]
    }
  ]
}
