{
  "name": {
    "en": "Textiles & Leather Products"
  },
  "description": {},
  "slug": "textiles-and-leather-products",
  "keywords": { "en": [], "ar": []},
  "children": [
    {
      "name": {
        "en": "Bedding"
      },
      "description": {},
      "slug": "bedding",
      "keywords": { "en": [], "ar": []},
      "children": [
        {
          "name": {
            "en": "Bed Skirt"
          },
          "description": {},
          "slug": "bed-skirt",
          "keywords": { "en": [], "ar": []},
          "children": []
        },
        {
          "name": {
            "en": "Bedding Set"
          },
          "description": {},
          "slug": "bedding-set",
          "keywords": { "en": [], "ar": []},
          "children": []
        },
        {
          "name": {
            "en": "Bedspread"
          },
          "description": {},
          "slug": "bedspread",
          "keywords": { "en": [], "ar": []},
          "children": []
        },
        {
          "name": {
            "en": "Blanket"
          },
          "description": {},
          "slug": "blanket",
          "keywords": { "en": [], "ar": []},
          "children": []
        },
        {
          "name": {
            "en": "Comforter"
          },
          "description": {},
          "slug": "comforter",
          "keywords": { "en": [], "ar": []},
          "children": []
        },
        {
          "name": {
            "en": "Duvet Cover"
          },
          "description": {},
          "slug": "duvet-cover",
          "keywords": { "en": [], "ar": []},
          "children": []
        },
        {
          "name": {
            "en": "Duvets"
          },
          "description": {},
          "slug": "duvets",
          "keywords": { "en": [], "ar": []},
          "children": []
        },
        {
          "name": {
            "en": "Mattress Cover"
          },
          "description": {},
          "slug": "mattress-cover",
          "keywords": { "en": [], "ar": []},
          "children": []
        },
        {
          "name": {
            "en": "Mosquito Net"
          },
          "description": {},
          "slug": "mosquito-net",
          "keywords": { "en": [], "ar": []},
          "children": []
        },
        {
          "name": {
            "en": "Pillow"
          },
          "description": {},
          "slug": "pillow",
          "keywords": { "en": [], "ar": []},
          "children": []
        },
        {
          "name": {
            "en": "Pillow Case"
          },
          "description": {},
          "slug": "pillow-case",
          "keywords": { "en": [], "ar": []},
          "children": []
        },
        {
          "name": {
            "en": "Quilt"
          },
          "description": {},
          "slug": "quilt",
          "keywords": { "en": [], "ar": []},
          "children": []
        },
        {
          "name": {
            "en": "Sheet"
          },
          "description": {},
          "slug": "sheet",
          "keywords": { "en": [], "ar": []},
          "children": []
        },
        {
          "name": {
            "en": "Throw"
          },
          "description": {},
          "slug": "throw",
          "keywords": { "en": [], "ar": []},
          "children": []
        }
      ]
    },
    {
      "name": {
        "en": "Carpet"
      },
      "description": {},
      "slug": "carpet",
      "keywords": { "en": [], "ar": []},
      "children": [
        {
          "name": {
            "en": "Carpet"
          },
          "description": {},
          "slug": "carpet-carpet",
          "keywords": { "en": [], "ar": []},
          "children": []
        },
        {
          "name": {
            "en": "Mat"
          },
          "description": {},
          "slug": "mat",
          "keywords": { "en": [], "ar": []},
          "children": []
        },
        {
          "name": {
            "en": "Rug"
          },
          "description": {},
          "slug": "rug",
          "keywords": { "en": [], "ar": []},
          "children": []
        },
        {
          "name": {
            "en": "Tapestry"
          },
          "description": {},
          "slug": "tapestry",
          "keywords": { "en": [], "ar": []},
          "children": []
        }
      ]
    },
    {
      "name": {
        "en": "Curtain"
      },
      "description": {},
      "slug": "curtain",
      "keywords": { "en": [], "ar": []},
      "children": [
        {
          "name": {
            "en": "Curtain"
          },
          "description": {},
          "slug": "curtain-curtain",
          "keywords": { "en": [], "ar": []},
          "children": []
        },
        {
          "name": {
            "en": "Valance"
          },
          "description": {},
          "slug": "valance",
          "keywords": { "en": [], "ar": []},
          "children": []
        }
      ]
    },
    {
      "name": {
        "en": "Cushion"
      },
      "description": {},
      "slug": "cushion",
      "keywords": { "en": [], "ar": []},
      "children": [
        {
          "name": {
            "en": "Cushion"
          },
          "description": {},
          "slug": "cushion-cushion",
          "keywords": { "en": [], "ar": []},
          "children": []
        },
        {
          "name": {
            "en": "Cushion Cover"
          },
          "description": {},
          "slug": "cushion-cover",
          "keywords": { "en": [], "ar": []},
          "children": []
        }
      ]
    },
    {
      "name": {
        "en": "Down & Feather"
      },
      "description": {},
      "slug": "down-and-feather",
      "keywords": { "en": [], "ar": []},
      "children": [
        {
          "name": {
            "en": "Down"
          },
          "description": {},
          "slug": "down",
          "keywords": { "en": [], "ar": []},
          "children": []
        },
        {
          "name": {
            "en": "Feather"
          },
          "description": {},
          "slug": "feather",
          "keywords": { "en": [], "ar": []},
          "children": []
        }
      ]
    },
    {
      "name": {
        "en": "Fabric"
      },
      "description": {},
      "slug": "fabric",
      "keywords": { "en": [], "ar": []},
      "children": [
        {
          "name": {
            "en": "100% Cotton Fabric"
          },
          "description": {},
          "slug": "100-cotton-fabric",
          "keywords": { "en": [], "ar": []},
          "children": []
        },
        {
          "name": {
            "en": "100% Polypropylene Fabric"
          },
          "description": {},
          "slug": "100-polypropylene-fabric",
          "keywords": { "en": [], "ar": []},
          "children": []
        },
        {
          "name": {
            "en": "Carbon Fiber Fabric"
          },
          "description": {},
          "slug": "carbon-fiber-fabric",
          "keywords": { "en": [], "ar": []},
          "children": []
        },
        {
          "name": {
            "en": "ECO-Friendly Fabric"
          },
          "description": {},
          "slug": "eco-friendly-fabric",
          "keywords": { "en": [], "ar": []},
          "children": [
            {
              "name": {
                "en": "100% Hemp Fabric"
              },
              "description": {},
              "slug": "100-hemp-fabric",
              "keywords": { "en": [], "ar": []},
              "children": []
            },
            {
              "name": {
                "en": "100% Jute Fabric"
              },
              "description": {},
              "slug": "100-jute-fabric",
              "keywords": { "en": [], "ar": []},
              "children": []
            },
            {
              "name": {
                "en": "100% Linen Fabric"
              },
              "description": {},
              "slug": "100-linen-fabric",
              "keywords": { "en": [], "ar": []},
              "children": []
            },
            {
              "name": {
                "en": "100% Ramie Fabric"
              },
              "description": {},
              "slug": "100-ramie-fabric",
              "keywords": { "en": [], "ar": []},
              "children": []
            },
            {
              "name": {
                "en": "Bamboo Fiber Fabric"
              },
              "description": {},
              "slug": "bamboo-fiber-fabric",
              "keywords": { "en": [], "ar": []},
              "children": []
            },
            {
              "name": {
                "en": "Linen/Cotton Fabric"
              },
              "description": {},
              "slug": "linencotton-fabric",
              "keywords": { "en": [], "ar": []},
              "children": []
            },
            {
              "name": {
                "en": "Organic Fabric"
              },
              "description": {},
              "slug": "organic-fabric",
              "keywords": { "en": [], "ar": []},
              "children": []
            },
            {
              "name": {
                "en": "Ramie/Cotton Fabric"
              },
              "description": {},
              "slug": "ramiecotton-fabric",
              "keywords": { "en": [], "ar": []},
              "children": []
            },
            {
              "name": {
                "en": "Soybean Fiber Fabric"
              },
              "description": {},
              "slug": "soybean-fiber-fabric",
              "keywords": { "en": [], "ar": []},
              "children": []
            },
            {
              "name": {
                "en": "Tencel Fabric"
              },
              "description": {},
              "slug": "tencel-fabric",
              "keywords": { "en": [], "ar": []},
              "children": []
            }
          ]
        },
        {
          "name": {
            "en": "Functional Fabric & Outdoor Fabric"
          },
          "description": {},
          "slug": "functional-fabric-and-outdoor-fabric",
          "keywords": { "en": [], "ar": []},
          "children": [
            {
              "name": {
                "en": "100% Acrylic Fabric"
              },
              "description": {},
              "slug": "100-acrylic-fabric",
              "keywords": { "en": [], "ar": []},
              "children": []
            },
            {
              "name": {
                "en": "Aramid Fabric"
              },
              "description": {},
              "slug": "aramid-fabric",
              "keywords": { "en": [], "ar": []},
              "children": []
            },
            {
              "name": {
                "en": "Metallic Fabric"
              },
              "description": {},
              "slug": "metallic-fabric",
              "keywords": { "en": [], "ar": []},
              "children": []
            },
            {
              "name": {
                "en": "Modacrylic Fabric"
              },
              "description": {},
              "slug": "modacrylic-fabric",
              "keywords": { "en": [], "ar": []},
              "children": []
            }
          ]
        },
        {
          "name": {
            "en": "Grey Fabric"
          },
          "description": {},
          "slug": "grey-fabric",
          "keywords": { "en": [], "ar": []},
          "children": []
        },
        {
          "name": {
            "en": "Mixed Fabric"
          },
          "description": {},
          "slug": "mixed-fabric",
          "keywords": { "en": [], "ar": []},
          "children": []
        },
        {
          "name": {
            "en": "Nonwoven Fabric"
          },
          "description": {},
          "slug": "nonwoven-fabric",
          "keywords": { "en": [], "ar": []},
          "children": []
        },
        {
          "name": {
            "en": "Nylon Fabric"
          },
          "description": {},
          "slug": "nylon-fabric",
          "keywords": { "en": [], "ar": []},
          "children": [
            {
              "name": {
                "en": "100% Nylon Fabric"
              },
              "description": {},
              "slug": "100-nylon-fabric",
              "keywords": { "en": [], "ar": []},
              "children": []
            },
            {
              "name": {
                "en": "Nylon/Cotton Fabric"
              },
              "description": {},
              "slug": "nyloncotton-fabric",
              "keywords": { "en": [], "ar": []},
              "children": []
            }
          ]
        },
        {
          "name": {
            "en": "Other Fabric"
          },
          "description": {},
          "slug": "other-fabric",
          "keywords": { "en": [], "ar": []},
          "children": []
        },
        {
          "name": {
            "en": "Polyester Fabric"
          },
          "description": {},
          "slug": "polyester-fabric",
          "keywords": { "en": [], "ar": []},
          "children": [
            {
              "name": {
                "en": "100% Polyester Fabric"
              },
              "description": {},
              "slug": "100-polyester-fabric",
              "keywords": { "en": [], "ar": []},
              "children": []
            },
            {
              "name": {
                "en": "Polyester/Cotton Fabric"
              },
              "description": {},
              "slug": "polyestercotton-fabric",
              "keywords": { "en": [], "ar": []},
              "children": []
            },
            {
              "name": {
                "en": "Polyester/Nylon Fabric"
              },
              "description": {},
              "slug": "polyesternylon-fabric",
              "keywords": { "en": [], "ar": []},
              "children": []
            }
          ]
        },
        {
          "name": {
            "en": "Polyester/Acrylic Fabric"
          },
          "description": {},
          "slug": "polyesteracrylic-fabric",
          "keywords": { "en": [], "ar": []},
          "children": []
        },
        {
          "name": {
            "en": "Rayon & Viscose & Modal Fabric"
          },
          "description": {},
          "slug": "rayon-and-viscose-and-modal-fabric",
          "keywords": { "en": [], "ar": []},
          "children": [
            {
              "name": {
                "en": "100% Modal Fabric"
              },
              "description": {},
              "slug": "100-modal-fabric",
              "keywords": { "en": [], "ar": []},
              "children": []
            },
            {
              "name": {
                "en": "100% Rayon Fabric"
              },
              "description": {},
              "slug": "100-rayon-fabric",
              "keywords": { "en": [], "ar": []},
              "children": []
            },
            {
              "name": {
                "en": "100% Viscose Fabric"
              },
              "description": {},
              "slug": "100-viscose-fabric",
              "keywords": { "en": [], "ar": []},
              "children": []
            },
            {
              "name": {
                "en": "Modal/Cotton Fabric"
              },
              "description": {},
              "slug": "modalcotton-fabric",
              "keywords": { "en": [], "ar": []},
              "children": []
            },
            {
              "name": {
                "en": "Rayon/Cotton Fabric"
              },
              "description": {},
              "slug": "rayoncotton-fabric",
              "keywords": { "en": [], "ar": []},
              "children": []
            },
            {
              "name": {
                "en": "Rayon/Linen Fabric"
              },
              "description": {},
              "slug": "rayonlinen-fabric",
              "keywords": { "en": [], "ar": []},
              "children": []
            },
            {
              "name": {
                "en": "Rayon/Nylon Fabric"
              },
              "description": {},
              "slug": "rayonnylon-fabric",
              "keywords": { "en": [], "ar": []},
              "children": []
            },
            {
              "name": {
                "en": "Rayon/Polyester Fabric"
              },
              "description": {},
              "slug": "rayonpolyester-fabric",
              "keywords": { "en": [], "ar": []},
              "children": []
            },
            {
              "name": {
                "en": "Viscose/Cotton Fabric"
              },
              "description": {},
              "slug": "viscosecotton-fabric",
              "keywords": { "en": [], "ar": []},
              "children": []
            },
            {
              "name": {
                "en": "Viscose/Nylon Fabric"
              },
              "description": {},
              "slug": "viscosenylon-fabric",
              "keywords": { "en": [], "ar": []},
              "children": []
            },
            {
              "name": {
                "en": "Viscose/Polyester Fabric"
              },
              "description": {},
              "slug": "viscosepolyester-fabric",
              "keywords": { "en": [], "ar": []},
              "children": []
            },
            {
              "name": {
                "en": "Viscose/Silk Fabric"
              },
              "description": {},
              "slug": "viscosesilk-fabric",
              "keywords": { "en": [], "ar": []},
              "children": []
            }
          ]
        },
        {
          "name": {
            "en": "Silk Fabric"
          },
          "description": {},
          "slug": "silk-fabric",
          "keywords": { "en": [], "ar": []},
          "children": [
            {
              "name": {
                "en": "100% Silk Fabric"
              },
              "description": {},
              "slug": "100-silk-fabric",
              "keywords": { "en": [], "ar": []},
              "children": []
            },
            {
              "name": {
                "en": "Silk/Cotton Fabric"
              },
              "description": {},
              "slug": "silkcotton-fabric",
              "keywords": { "en": [], "ar": []},
              "children": []
            }
          ]
        },
        {
          "name": {
            "en": "Spandex Fabric"
          },
          "description": {},
          "slug": "spandex-fabric",
          "keywords": { "en": [], "ar": []},
          "children": []
        },
        {
          "name": {
            "en": "Wool & Cashmere Fabric"
          },
          "description": {},
          "slug": "wool-and-cashmere-fabric",
          "keywords": { "en": [], "ar": []},
          "children": [
            {
              "name": {
                "en": "100% Cashmere Fabric"
              },
              "description": {},
              "slug": "100-cashmere-fabric",
              "keywords": { "en": [], "ar": []},
              "children": []
            },
            {
              "name": {
                "en": "100% Wool Fabric"
              },
              "description": {},
              "slug": "100-wool-fabric",
              "keywords": { "en": [], "ar": []},
              "children": []
            },
            {
              "name": {
                "en": "Wool/Acrylic Fabric"
              },
              "description": {},
              "slug": "woolacrylic-fabric",
              "keywords": { "en": [], "ar": []},
              "children": []
            },
            {
              "name": {
                "en": "Wool/Cashmere Fabric"
              },
              "description": {},
              "slug": "woolcashmere-fabric",
              "keywords": { "en": [], "ar": []},
              "children": []
            },
            {
              "name": {
                "en": "Wool/Nylon Fabric"
              },
              "description": {},
              "slug": "woolnylon-fabric",
              "keywords": { "en": [], "ar": []},
              "children": []
            },
            {
              "name": {
                "en": "Wool/Polyester Fabric"
              },
              "description": {},
              "slug": "woolpolyester-fabric",
              "keywords": { "en": [], "ar": []},
              "children": []
            },
            {
              "name": {
                "en": "Wool/Viscose Fabric"
              },
              "description": {},
              "slug": "woolviscose-fabric",
              "keywords": { "en": [], "ar": []},
              "children": []
            }
          ]
        }
      ]
    },
    {
      "name": {
        "en": "Fiber"
      },
      "description": {},
      "slug": "fiber",
      "keywords": { "en": [], "ar": []},
      "children": [
        {
          "name": {
            "en": "Acrylic Fiber"
          },
          "description": {},
          "slug": "acrylic-fiber",
          "keywords": { "en": [], "ar": []},
          "children": []
        },
        {
          "name": {
            "en": "Aramid Fiber"
          },
          "description": {},
          "slug": "aramid-fiber",
          "keywords": { "en": [], "ar": []},
          "children": []
        },
        {
          "name": {
            "en": "Bamboo Fiber"
          },
          "description": {},
          "slug": "bamboo-fiber",
          "keywords": { "en": [], "ar": []},
          "children": []
        },
        {
          "name": {
            "en": "Hemp Fiber"
          },
          "description": {},
          "slug": "hemp-fiber",
          "keywords": { "en": [], "ar": []},
          "children": []
        },
        {
          "name": {
            "en": "Jute Fiber"
          },
          "description": {},
          "slug": "jute-fiber",
          "keywords": { "en": [], "ar": []},
          "children": []
        },
        {
          "name": {
            "en": "Linen Fiber"
          },
          "description": {},
          "slug": "linen-fiber",
          "keywords": { "en": [], "ar": []},
          "children": []
        },
        {
          "name": {
            "en": "Modacrylic Fiber"
          },
          "description": {},
          "slug": "modacrylic-fiber",
          "keywords": { "en": [], "ar": []},
          "children": []
        },
        {
          "name": {
            "en": "Nylon Fiber"
          },
          "description": {},
          "slug": "nylon-fiber",
          "keywords": { "en": [], "ar": []},
          "children": []
        },
        {
          "name": {
            "en": "Other Fiber"
          },
          "description": {},
          "slug": "other-fiber",
          "keywords": { "en": [], "ar": []},
          "children": []
        },
        {
          "name": {
            "en": "Polyester Fiber"
          },
          "description": {},
          "slug": "polyester-fiber",
          "keywords": { "en": [], "ar": []},
          "children": []
        },
        {
          "name": {
            "en": "Polypropylene Fiber"
          },
          "description": {},
          "slug": "polypropylene-fiber",
          "keywords": { "en": [], "ar": []},
          "children": []
        },
        {
          "name": {
            "en": "Raw Cotton"
          },
          "description": {},
          "slug": "raw-cotton",
          "keywords": { "en": [], "ar": []},
          "children": []
        },
        {
          "name": {
            "en": "Silk Fiber"
          },
          "description": {},
          "slug": "silk-fiber",
          "keywords": { "en": [], "ar": []},
          "children": []
        },
        {
          "name": {
            "en": "UHMWPE Fiber"
          },
          "description": {},
          "slug": "uhmwpe-fiber",
          "keywords": { "en": [], "ar": []},
          "children": []
        },
        {
          "name": {
            "en": "Viscose Fiber"
          },
          "description": {},
          "slug": "viscose-fiber",
          "keywords": { "en": [], "ar": []},
          "children": []
        },
        {
          "name": {
            "en": "Wool Fiber"
          },
          "description": {},
          "slug": "wool-fiber",
          "keywords": { "en": [], "ar": []},
          "children": []
        }
      ]
    },
    {
      "name": {
        "en": "Fur"
      },
      "description": {},
      "slug": "fur",
      "keywords": { "en": [], "ar": []},
      "children": [
        {
          "name": {
            "en": "Animal Fur"
          },
          "description": {},
          "slug": "animal-fur",
          "keywords": { "en": [], "ar": []},
          "children": []
        },
        {
          "name": {
            "en": "Faux Fur"
          },
          "description": {},
          "slug": "faux-fur",
          "keywords": { "en": [], "ar": []},
          "children": []
        }
      ]
    },
    {
      "name": {
        "en": "Leather"
      },
      "description": {},
      "slug": "leather",
      "keywords": { "en": [], "ar": []},
      "children": [
        {
          "name": {
            "en": "Genuine Leather"
          },
          "description": {},
          "slug": "genuine-leather",
          "keywords": { "en": [], "ar": []},
          "children": []
        },
        {
          "name": {
            "en": "Synthetic Leather"
          },
          "description": {},
          "slug": "synthetic-leather",
          "keywords": { "en": [], "ar": []},
          "children": []
        }
      ]
    },
    {
      "name": {
        "en": "Leather Product"
      },
      "description": {},
      "slug": "leather-product",
      "keywords": { "en": [], "ar": []},
      "children": []
    },
    {
      "name": {
        "en": "Other Home Textile"
      },
      "description": {},
      "slug": "other-home-textile",
      "keywords": { "en": [], "ar": []},
      "children": []
    },
    {
      "name": {
        "en": "Other Textiles & Leather Products"
      },
      "description": {},
      "slug": "other-textiles-and-leather-products",
      "keywords": { "en": [], "ar": []},
      "children": []
    },
    {
      "name": {
        "en": "Table Linens"
      },
      "description": {},
      "slug": "table-linens",
      "keywords": { "en": [], "ar": []},
      "children": [
        {
          "name": {
            "en": "Chair Cover"
          },
          "description": {},
          "slug": "chair-cover",
          "keywords": { "en": [], "ar": []},
          "children": []
        },
        {
          "name": {
            "en": "Handkerchief"
          },
          "description": {},
          "slug": "handkerchief",
          "keywords": { "en": [], "ar": []},
          "children": []
        },
        {
          "name": {
            "en": "Sashes"
          },
          "description": {},
          "slug": "sashes",
          "keywords": { "en": [], "ar": []},
          "children": []
        },
        {
          "name": {
            "en": "Sofa Cover"
          },
          "description": {},
          "slug": "sofa-cover",
          "keywords": { "en": [], "ar": []},
          "children": []
        },
        {
          "name": {
            "en": "Table Cloth"
          },
          "description": {},
          "slug": "table-cloth",
          "keywords": { "en": [], "ar": []},
          "children": []
        },
        {
          "name": {
            "en": "Table Napkin"
          },
          "description": {},
          "slug": "table-napkin",
          "keywords": { "en": [], "ar": []},
          "children": []
        },
        {
          "name": {
            "en": "Table Runner"
          },
          "description": {},
          "slug": "table-runner",
          "keywords": { "en": [], "ar": []},
          "children": []
        },
        {
          "name": {
            "en": "Table Skirt"
          },
          "description": {},
          "slug": "table-skirt",
          "keywords": { "en": [], "ar": []},
          "children": []
        }
      ]
    },
    {
      "name": {
        "en": "Textile Accessories"
      },
      "description": {},
      "slug": "textile-accessories",
      "keywords": { "en": [], "ar": []},
      "children": [
        {
          "name": {
            "en": "Tassel Fringe"
          },
          "description": {},
          "slug": "tassel-fringe",
          "keywords": { "en": [], "ar": []},
          "children": []
        }
      ]
    },
    {
      "name": {
        "en": "Textile Processing"
      },
      "description": {},
      "slug": "textile-processing",
      "keywords": { "en": [], "ar": []},
      "children": []
    },
    {
      "name": {
        "en": "Thread"
      },
      "description": {},
      "slug": "thread",
      "keywords": { "en": [], "ar": []},
      "children": []
    },
    {
      "name": {
        "en": "Towel"
      },
      "description": {},
      "slug": "towel",
      "keywords": { "en": [], "ar": []},
      "children": []
    },
    {
      "name": {
        "en": "Yarn"
      },
      "description": {},
      "slug": "yarn",
      "keywords": { "en": [], "ar": []},
      "children": [
        {
          "name": {
            "en": "100% Acrylic Yarn"
          },
          "description": {},
          "slug": "100-acrylic-yarn",
          "keywords": { "en": [], "ar": []},
          "children": []
        },
        {
          "name": {
            "en": "100% Bamboo Fiber Yarn"
          },
          "description": {},
          "slug": "100-bamboo-fiber-yarn",
          "keywords": { "en": [], "ar": []},
          "children": []
        },
        {
          "name": {
            "en": "100% Cashmere Yarn"
          },
          "description": {},
          "slug": "100-cashmere-yarn",
          "keywords": { "en": [], "ar": []},
          "children": []
        },
        {
          "name": {
            "en": "100% Cotton Yarn"
          },
          "description": {},
          "slug": "100-cotton-yarn",
          "keywords": { "en": [], "ar": []},
          "children": []
        },
        {
          "name": {
            "en": "100% Jute Yarn"
          },
          "description": {},
          "slug": "100-jute-yarn",
          "keywords": { "en": [], "ar": []},
          "children": []
        },
        {
          "name": {
            "en": "100% Linen Yarn"
          },
          "description": {},
          "slug": "100-linen-yarn",
          "keywords": { "en": [], "ar": []},
          "children": []
        },
        {
          "name": {
            "en": "100% Modal Yarn"
          },
          "description": {},
          "slug": "100-modal-yarn",
          "keywords": { "en": [], "ar": []},
          "children": []
        },
        {
          "name": {
            "en": "100% Mohair Yarn"
          },
          "description": {},
          "slug": "100-mohair-yarn",
          "keywords": { "en": [], "ar": []},
          "children": []
        },
        {
          "name": {
            "en": "100% Nylon Yarn"
          },
          "description": {},
          "slug": "100-nylon-yarn",
          "keywords": { "en": [], "ar": []},
          "children": []
        },
        {
          "name": {
            "en": "100% Polyester Yarn"
          },
          "description": {},
          "slug": "100-polyester-yarn",
          "keywords": { "en": [], "ar": []},
          "children": []
        },
        {
          "name": {
            "en": "100% Polypropylene Yarn"
          },
          "description": {},
          "slug": "100-polypropylene-yarn",
          "keywords": { "en": [], "ar": []},
          "children": []
        },
        {
          "name": {
            "en": "100% Rayon Yarn"
          },
          "description": {},
          "slug": "100-rayon-yarn",
          "keywords": { "en": [], "ar": []},
          "children": []
        },
        {
          "name": {
            "en": "100% Silk Yarn"
          },
          "description": {},
          "slug": "100-silk-yarn",
          "keywords": { "en": [], "ar": []},
          "children": []
        },
        {
          "name": {
            "en": "100% Viscose Yarn"
          },
          "description": {},
          "slug": "100-viscose-yarn",
          "keywords": { "en": [], "ar": []},
          "children": []
        },
        {
          "name": {
            "en": "100% Wool Yarn"
          },
          "description": {},
          "slug": "100-wool-yarn",
          "keywords": { "en": [], "ar": []},
          "children": []
        },
        {
          "name": {
            "en": "Blended Yarn"
          },
          "description": {},
          "slug": "blended-yarn",
          "keywords": { "en": [], "ar": []},
          "children": []
        },
        {
          "name": {
            "en": "Fancy Yarn"
          },
          "description": {},
          "slug": "fancy-yarn",
          "keywords": { "en": [], "ar": []},
          "children": []
        },
        {
          "name": {
            "en": "Metallic Yarn"
          },
          "description": {},
          "slug": "metallic-yarn",
          "keywords": { "en": [], "ar": []},
          "children": []
        },
        {
          "name": {
            "en": "Organic Yarn"
          },
          "description": {},
          "slug": "organic-yarn",
          "keywords": { "en": [], "ar": []},
          "children": []
        },
        {
          "name": {
            "en": "Other Yarn"
          },
          "description": {},
          "slug": "other-yarn",
          "keywords": { "en": [], "ar": []},
          "children": []
        },
        {
          "name": {
            "en": "Spandex Yarn"
          },
          "description": {},
          "slug": "spandex-yarn",
          "keywords": { "en": [], "ar": []},
          "children": []
        }
      ]
    }
  ]
}
