{
  "name": {
    "en": "Timepieces, Jewelry, Eyewear"
  },
  "description": {},
  "slug": "timepieces-jewelry-eyewear",
  "keywords": { "en": [], "ar": []},
  "children": [
    {
      "name": {
        "en": "Eyewear"
      },
      "description": {},
      "slug": "eyewear",
      "keywords": { "en": [], "ar": []},
      "children": [
        {
          "name": {
            "en": "Contact Lenses"
          },
          "description": {},
          "slug": "contact-lenses",
          "keywords": { "en": [], "ar": []},
          "children": []
        },
        {
          "name": {
            "en": "Eyeglasses Frames"
          },
          "description": {},
          "slug": "eyeglasses-frames",
          "keywords": { "en": [], "ar": []},
          "children": []
        },
        {
          "name": {
            "en": "Eyeglasses Lenses"
          },
          "description": {},
          "slug": "eyeglasses-lenses",
          "keywords": { "en": [], "ar": []},
          "children": []
        },
        {
          "name": {
            "en": "Eyeglasses Parts"
          },
          "description": {},
          "slug": "eyeglasses-parts",
          "keywords": { "en": [], "ar": []},
          "children": []
        },
        {
          "name": {
            "en": "Other Eyewear"
          },
          "description": {},
          "slug": "other-eyewear",
          "keywords": { "en": [], "ar": []},
          "children": []
        },
        {
          "name": {
            "en": "Reading Glasses"
          },
          "description": {},
          "slug": "reading-glasses",
          "keywords": { "en": [], "ar": []},
          "children": []
        },
        {
          "name": {
            "en": "Sports Eyewear"
          },
          "description": {},
          "slug": "sports-eyewear",
          "keywords": { "en": [], "ar": []},
          "children": []
        },
        {
          "name": {
            "en": "Sunglasses"
          },
          "description": {},
          "slug": "sunglasses",
          "keywords": { "en": [], "ar": []},
          "children": []
        }
      ]
    },
    {
      "name": {
        "en": "Eyewear Accessories"
      },
      "description": {},
      "slug": "eyewear-accessories",
      "keywords": { "en": [], "ar": []},
      "children": [
        {
          "name": {
            "en": "Contact Lens Care Products"
          },
          "description": {},
          "slug": "contact-lens-care-products",
          "keywords": { "en": [], "ar": []},
          "children": []
        },
        {
          "name": {
            "en": "Contact Lens Cases"
          },
          "description": {},
          "slug": "contact-lens-cases",
          "keywords": { "en": [], "ar": []},
          "children": []
        },
        {
          "name": {
            "en": "Eyeglasses Care Products"
          },
          "description": {},
          "slug": "eyeglasses-care-products",
          "keywords": { "en": [], "ar": []},
          "children": []
        },
        {
          "name": {
            "en": "Eyeglasses Cases & Bags"
          },
          "description": {},
          "slug": "eyeglasses-cases-and-bags",
          "keywords": { "en": [], "ar": []},
          "children": []
        },
        {
          "name": {
            "en": "Eyewear Displays"
          },
          "description": {},
          "slug": "eyewear-displays",
          "keywords": { "en": [], "ar": []},
          "children": []
        },
        {
          "name": {
            "en": "Glasses Tools"
          },
          "description": {},
          "slug": "glasses-tools",
          "keywords": { "en": [], "ar": []},
          "children": []
        },
        {
          "name": {
            "en": "Other Eyewear Accessories"
          },
          "description": {},
          "slug": "other-eyewear-accessories",
          "keywords": { "en": [], "ar": []},
          "children": []
        }
      ]
    },
    {
      "name": {
        "en": "Jewelry"
      },
      "description": {},
      "slug": "jewelry",
      "keywords": { "en": [], "ar": []},
      "children": [
        {
          "name": {
            "en": "Anklets"
          },
          "description": {},
          "slug": "anklets",
          "keywords": { "en": [], "ar": []},
          "children": []
        },
        {
          "name": {
            "en": "Body Jewelry"
          },
          "description": {},
          "slug": "body-jewelry",
          "keywords": { "en": [], "ar": []},
          "children": []
        },
        {
          "name": {
            "en": "Bracelets & Bangles"
          },
          "description": {},
          "slug": "bracelets-and-bangles",
          "keywords": { "en": [], "ar": []},
          "children": []
        },
        {
          "name": {
            "en": "Brooches"
          },
          "description": {},
          "slug": "brooches",
          "keywords": { "en": [], "ar": []},
          "children": []
        },
        {
          "name": {
            "en": "Cuff Links & Tie Clips"
          },
          "description": {},
          "slug": "cuff-links-and-tie-clips",
          "keywords": { "en": [], "ar": []},
          "children": []
        },
        {
          "name": {
            "en": "Earrings"
          },
          "description": {},
          "slug": "earrings",
          "keywords": { "en": [], "ar": []},
          "children": []
        },
        {
          "name": {
            "en": "Hair Jewelry"
          },
          "description": {},
          "slug": "hair-jewelry",
          "keywords": { "en": [], "ar": []},
          "children": []
        },
        {
          "name": {
            "en": "Jewelry Sets"
          },
          "description": {},
          "slug": "jewelry-sets",
          "keywords": { "en": [], "ar": []},
          "children": []
        },
        {
          "name": {
            "en": "Loose Beads"
          },
          "description": {},
          "slug": "loose-beads",
          "keywords": { "en": [], "ar": []},
          "children": [
            {
              "name": {
                "en": "Acrylic, Plastic & Lucite Beads"
              },
              "description": {},
              "slug": "acrylic-plastic-and-lucite-beads",
              "keywords": { "en": [], "ar": []},
              "children": []
            },
            {
              "name": {
                "en": "Ceramic, Clay & Porcelain Beads"
              },
              "description": {},
              "slug": "ceramic-clay-and-porcelain-beads",
              "keywords": { "en": [], "ar": []},
              "children": []
            },
            {
              "name": {
                "en": "Crystal, Lampwork & Glass Beads"
              },
              "description": {},
              "slug": "crystal-lampwork-and-glass-beads",
              "keywords": { "en": [], "ar": []},
              "children": []
            },
            {
              "name": {
                "en": "Metal Beads"
              },
              "description": {},
              "slug": "metal-beads",
              "keywords": { "en": [], "ar": []},
              "children": []
            },
            {
              "name": {
                "en": "Other Loose Beads"
              },
              "description": {},
              "slug": "other-loose-beads",
              "keywords": { "en": [], "ar": []},
              "children": []
            },
            {
              "name": {
                "en": "Shell, Bone & Coral Beads"
              },
              "description": {},
              "slug": "shell-bone-and-coral-beads",
              "keywords": { "en": [], "ar": []},
              "children": []
            },
            {
              "name": {
                "en": "Stone Beads"
              },
              "description": {},
              "slug": "stone-beads",
              "keywords": { "en": [], "ar": []},
              "children": []
            },
            {
              "name": {
                "en": "Wood Beads"
              },
              "description": {},
              "slug": "wood-beads",
              "keywords": { "en": [], "ar": []},
              "children": []
            }
          ]
        },
        {
          "name": {
            "en": "Loose Diamonds"
          },
          "description": {},
          "slug": "loose-diamonds",
          "keywords": { "en": [], "ar": []},
          "children": []
        },
        {
          "name": {
            "en": "Loose Gemstone"
          },
          "description": {},
          "slug": "loose-gemstone",
          "keywords": { "en": [], "ar": []},
          "children": []
        },
        {
          "name": {
            "en": "Loose Pearls"
          },
          "description": {},
          "slug": "loose-pearls",
          "keywords": { "en": [], "ar": []},
          "children": []
        },
        {
          "name": {
            "en": "Necklaces"
          },
          "description": {},
          "slug": "necklaces",
          "keywords": { "en": [], "ar": []},
          "children": []
        },
        {
          "name": {
            "en": "Other Jewelry"
          },
          "description": {},
          "slug": "other-jewelry",
          "keywords": { "en": [], "ar": []},
          "children": []
        },
        {
          "name": {
            "en": "Pendants & Charms"
          },
          "description": {},
          "slug": "pendants-and-charms",
          "keywords": { "en": [], "ar": []},
          "children": []
        },
        {
          "name": {
            "en": "Rings"
          },
          "description": {},
          "slug": "rings",
          "keywords": { "en": [], "ar": []},
          "children": []
        }
      ]
    },
    {
      "name": {
        "en": "Jewelry Accessories"
      },
      "description": {},
      "slug": "jewelry-accessories",
      "keywords": { "en": [], "ar": []},
      "children": [
        {
          "name": {
            "en": "Jewelry Boxes"
          },
          "description": {},
          "slug": "jewelry-boxes",
          "keywords": { "en": [], "ar": []},
          "children": []
        },
        {
          "name": {
            "en": "Jewelry Cleaners & Polish"
          },
          "description": {},
          "slug": "jewelry-cleaners-and-polish",
          "keywords": { "en": [], "ar": []},
          "children": []
        },
        {
          "name": {
            "en": "Jewelry Findings & Components"
          },
          "description": {},
          "slug": "jewelry-findings-and-components",
          "keywords": { "en": [], "ar": []},
          "children": []
        },
        {
          "name": {
            "en": "Jewelry Packaging & Display"
          },
          "description": {},
          "slug": "jewelry-packaging-and-display",
          "keywords": { "en": [], "ar": []},
          "children": []
        },
        {
          "name": {
            "en": "Jewelry Tools & Equipment"
          },
          "description": {},
          "slug": "jewelry-tools-and-equipment",
          "keywords": { "en": [], "ar": []},
          "children": []
        }
      ]
    },
    {
      "name": {
        "en": "Watch Accessories & Parts"
      },
      "description": {},
      "slug": "watch-accessories-and-parts",
      "keywords": { "en": [], "ar": []},
      "children": [
        {
          "name": {
            "en": "Other Watch Accessories"
          },
          "description": {},
          "slug": "other-watch-accessories",
          "keywords": { "en": [], "ar": []},
          "children": []
        },
        {
          "name": {
            "en": "Pocket Watch Chain"
          },
          "description": {},
          "slug": "pocket-watch-chain",
          "keywords": { "en": [], "ar": []},
          "children": []
        },
        {
          "name": {
            "en": "Watch Bands"
          },
          "description": {},
          "slug": "watch-bands",
          "keywords": { "en": [], "ar": []},
          "children": []
        },
        {
          "name": {
            "en": "Watch Boxes & Cases"
          },
          "description": {},
          "slug": "watch-boxes-and-cases",
          "keywords": { "en": [], "ar": []},
          "children": []
        },
        {
          "name": {
            "en": "Watch Parts"
          },
          "description": {},
          "slug": "watch-parts",
          "keywords": { "en": [], "ar": []},
          "children": []
        },
        {
          "name": {
            "en": "Wristwatch Tools & Parts"
          },
          "description": {},
          "slug": "wristwatch-tools-and-parts",
          "keywords": { "en": [], "ar": []},
          "children": []
        }
      ]
    },
    {
      "name": {
        "en": "Watches"
      },
      "description": {},
      "slug": "watches",
      "keywords": { "en": [], "ar": []},
      "children": [
        {
          "name": {
            "en": "Digital Watches"
          },
          "description": {},
          "slug": "digital-watches",
          "keywords": { "en": [], "ar": []},
          "children": []
        },
        {
          "name": {
            "en": "Mechanical Watches"
          },
          "description": {},
          "slug": "mechanical-watches",
          "keywords": { "en": [], "ar": []},
          "children": []
        },
        {
          "name": {
            "en": "Nurse Watch"
          },
          "description": {},
          "slug": "nurse-watch",
          "keywords": { "en": [], "ar": []},
          "children": []
        },
        {
          "name": {
            "en": "Other Watches"
          },
          "description": {},
          "slug": "other-watches",
          "keywords": { "en": [], "ar": []},
          "children": []
        },
        {
          "name": {
            "en": "Pocket Watches"
          },
          "description": {},
          "slug": "pocket-watches",
          "keywords": { "en": [], "ar": []},
          "children": []
        },
        {
          "name": {
            "en": "Quartz Watches"
          },
          "description": {},
          "slug": "quartz-watches",
          "keywords": { "en": [], "ar": []},
          "children": []
        },
        {
          "name": {
            "en": "Smart Watch"
          },
          "description": {},
          "slug": "smart-watch",
          "keywords": { "en": [], "ar": []},
          "children": []
        },
        {
          "name": {
            "en": "Wristwatches"
          },
          "description": {},
          "slug": "wristwatches",
          "keywords": { "en": [], "ar": []},
          "children": []
        }
      ]
    }
  ]
}
