{
  "name": {
    "en": "Toys & Hobbies"
  },
  "description": {},
  "slug": "toys-and-hobbies",
  "keywords": { "en": [], "ar": []},
  "children": [
    {
      "name": {
        "en": "Action Figure"
      },
      "description": {},
      "slug": "action-figure",
      "keywords": { "en": [], "ar": []},
      "children": []
    },
    {
      "name": {
        "en": "Baby Toys"
      },
      "description": {},
      "slug": "baby-toys",
      "keywords": { "en": [], "ar": []},
      "children": [
        {
          "name": {
            "en": "Baby Mobiles"
          },
          "description": {},
          "slug": "baby-mobiles",
          "keywords": { "en": [], "ar": []},
          "children": []
        },
        {
          "name": {
            "en": "Baby Rattles"
          },
          "description": {},
          "slug": "baby-rattles",
          "keywords": { "en": [], "ar": []},
          "children": []
        },
        {
          "name": {
            "en": "Baby Teethers"
          },
          "description": {},
          "slug": "baby-teethers",
          "keywords": { "en": [], "ar": []},
          "children": []
        },
        {
          "name": {
            "en": "Other Baby Toys"
          },
          "description": {},
          "slug": "other-baby-toys",
          "keywords": { "en": [], "ar": []},
          "children": []
        },
        {
          "name": {
            "en": "Play Mats"
          },
          "description": {},
          "slug": "play-mats",
          "keywords": { "en": [], "ar": []},
          "children": []
        }
      ]
    },
    {
      "name": {
        "en": "Balloons"
      },
      "description": {},
      "slug": "balloons",
      "keywords": { "en": [], "ar": []},
      "children": []
    },
    {
      "name": {
        "en": "Blocks"
      },
      "description": {},
      "slug": "blocks",
      "keywords": { "en": [], "ar": []},
      "children": []
    },
    {
      "name": {
        "en": "Candy Toys"
      },
      "description": {},
      "slug": "candy-toys",
      "keywords": { "en": [], "ar": []},
      "children": []
    },
    {
      "name": {
        "en": "Classic Toys"
      },
      "description": {},
      "slug": "classic-toys",
      "keywords": { "en": [], "ar": []},
      "children": [
        {
          "name": {
            "en": "Kaleidoscope"
          },
          "description": {},
          "slug": "kaleidoscope",
          "keywords": { "en": [], "ar": []},
          "children": []
        },
        {
          "name": {
            "en": "Magic Tricks"
          },
          "description": {},
          "slug": "magic-tricks",
          "keywords": { "en": [], "ar": []},
          "children": []
        },
        {
          "name": {
            "en": "Other Classic Toys"
          },
          "description": {},
          "slug": "other-classic-toys",
          "keywords": { "en": [], "ar": []},
          "children": []
        },
        {
          "name": {
            "en": "Spinning Top"
          },
          "description": {},
          "slug": "spinning-top",
          "keywords": { "en": [], "ar": []},
          "children": []
        },
        {
          "name": {
            "en": "Windmill"
          },
          "description": {},
          "slug": "windmill",
          "keywords": { "en": [], "ar": []},
          "children": []
        },
        {
          "name": {
            "en": "Yoyo"
          },
          "description": {},
          "slug": "yoyo",
          "keywords": { "en": [], "ar": []},
          "children": []
        }
      ]
    },
    {
      "name": {
        "en": "Dolls"
      },
      "description": {},
      "slug": "dolls",
      "keywords": { "en": [], "ar": []},
      "children": []
    },
    {
      "name": {
        "en": "Educational Toys"
      },
      "description": {},
      "slug": "educational-toys",
      "keywords": { "en": [], "ar": []},
      "children": [
        {
          "name": {
            "en": "Drawing Toys"
          },
          "description": {},
          "slug": "drawing-toys",
          "keywords": { "en": [], "ar": []},
          "children": []
        },
        {
          "name": {
            "en": "Learning Machine"
          },
          "description": {},
          "slug": "learning-machine",
          "keywords": { "en": [], "ar": []},
          "children": []
        },
        {
          "name": {
            "en": "Math Toys"
          },
          "description": {},
          "slug": "math-toys",
          "keywords": { "en": [], "ar": []},
          "children": []
        },
        {
          "name": {
            "en": "Other Educational Toys"
          },
          "description": {},
          "slug": "other-educational-toys",
          "keywords": { "en": [], "ar": []},
          "children": []
        },
        {
          "name": {
            "en": "Playdough"
          },
          "description": {},
          "slug": "playdough",
          "keywords": { "en": [], "ar": []},
          "children": []
        },
        {
          "name": {
            "en": "Toy Musical Instrument"
          },
          "description": {},
          "slug": "toy-musical-instrument",
          "keywords": { "en": [], "ar": []},
          "children": []
        }
      ]
    },
    {
      "name": {
        "en": "Electronic Pets"
      },
      "description": {},
      "slug": "electronic-pets",
      "keywords": { "en": [], "ar": []},
      "children": []
    },
    {
      "name": {
        "en": "Fishing Toys"
      },
      "description": {},
      "slug": "fishing-toys",
      "keywords": { "en": [], "ar": []},
      "children": []
    },
    {
      "name": {
        "en": "Glass Marbles"
      },
      "description": {},
      "slug": "glass-marbles",
      "keywords": { "en": [], "ar": []},
      "children": []
    },
    {
      "name": {
        "en": "Light-Up Toys"
      },
      "description": {},
      "slug": "light-up-toys",
      "keywords": { "en": [], "ar": []},
      "children": []
    },
    {
      "name": {
        "en": "Noise Maker"
      },
      "description": {},
      "slug": "noise-maker",
      "keywords": { "en": [], "ar": []},
      "children": []
    },
    {
      "name": {
        "en": "Other Toys & Hobbies"
      },
      "description": {},
      "slug": "other-toys-and-hobbies",
      "keywords": { "en": [], "ar": []},
      "children": []
    },
    {
      "name": {
        "en": "Outdoor Toys & Structures"
      },
      "description": {},
      "slug": "outdoor-toys-and-structures",
      "keywords": { "en": [], "ar": []},
      "children": [
        {
          "name": {
            "en": "Bubble Toys"
          },
          "description": {},
          "slug": "bubble-toys",
          "keywords": { "en": [], "ar": []},
          "children": []
        },
        {
          "name": {
            "en": "Flying Disc"
          },
          "description": {},
          "slug": "flying-disc",
          "keywords": { "en": [], "ar": []},
          "children": []
        },
        {
          "name": {
            "en": "Inflatable Bouncer"
          },
          "description": {},
          "slug": "inflatable-bouncer",
          "keywords": { "en": [], "ar": []},
          "children": []
        },
        {
          "name": {
            "en": "Kites"
          },
          "description": {},
          "slug": "kites",
          "keywords": { "en": [], "ar": []},
          "children": []
        },
        {
          "name": {
            "en": "Other Outdoor Toys & Structures"
          },
          "description": {},
          "slug": "other-outdoor-toys-and-structures",
          "keywords": { "en": [], "ar": []},
          "children": []
        },
        {
          "name": {
            "en": "Toy Balls"
          },
          "description": {},
          "slug": "toy-balls",
          "keywords": { "en": [], "ar": []},
          "children": []
        },
        {
          "name": {
            "en": "Toy Swings"
          },
          "description": {},
          "slug": "toy-swings",
          "keywords": { "en": [], "ar": []},
          "children": []
        },
        {
          "name": {
            "en": "Toy Swords"
          },
          "description": {},
          "slug": "toy-swords",
          "keywords": { "en": [], "ar": []},
          "children": []
        },
        {
          "name": {
            "en": "Toy Tents"
          },
          "description": {},
          "slug": "toy-tents",
          "keywords": { "en": [], "ar": []},
          "children": []
        }
      ]
    },
    {
      "name": {
        "en": "Pretend Play & Preschool"
      },
      "description": {},
      "slug": "pretend-play-and-preschool",
      "keywords": { "en": [], "ar": []},
      "children": [
        {
          "name": {
            "en": "Doctor Toys"
          },
          "description": {},
          "slug": "doctor-toys",
          "keywords": { "en": [], "ar": []},
          "children": []
        },
        {
          "name": {
            "en": "Furniture Toys"
          },
          "description": {},
          "slug": "furniture-toys",
          "keywords": { "en": [], "ar": []},
          "children": []
        },
        {
          "name": {
            "en": "Kitchen Toys"
          },
          "description": {},
          "slug": "kitchen-toys",
          "keywords": { "en": [], "ar": []},
          "children": []
        },
        {
          "name": {
            "en": "Other Pretend Play & Preschool"
          },
          "description": {},
          "slug": "other-pretend-play-and-preschool",
          "keywords": { "en": [], "ar": []},
          "children": []
        },
        {
          "name": {
            "en": "Puppet"
          },
          "description": {},
          "slug": "puppet",
          "keywords": { "en": [], "ar": []},
          "children": []
        },
        {
          "name": {
            "en": "Tool Toys"
          },
          "description": {},
          "slug": "tool-toys",
          "keywords": { "en": [], "ar": []},
          "children": []
        }
      ]
    },
    {
      "name": {
        "en": "Puzzle"
      },
      "description": {},
      "slug": "puzzle",
      "keywords": { "en": [], "ar": []},
      "children": []
    },
    {
      "name": {
        "en": "Solar Toys"
      },
      "description": {},
      "slug": "solar-toys",
      "keywords": { "en": [], "ar": []},
      "children": []
    },
    {
      "name": {
        "en": "Toy Accessories"
      },
      "description": {},
      "slug": "toy-accessories",
      "keywords": { "en": [], "ar": []},
      "children": []
    },
    {
      "name": {
        "en": "Toy Animal"
      },
      "description": {},
      "slug": "toy-animal",
      "keywords": { "en": [], "ar": []},
      "children": [
        {
          "name": {
            "en": "Bath Toy Animal"
          },
          "description": {},
          "slug": "bath-toy-animal",
          "keywords": { "en": [], "ar": []},
          "children": []
        },
        {
          "name": {
            "en": "Inflatable Animal Toy"
          },
          "description": {},
          "slug": "inflatable-animal-toy",
          "keywords": { "en": [], "ar": []},
          "children": []
        },
        {
          "name": {
            "en": "Other Toy Animal"
          },
          "description": {},
          "slug": "other-toy-animal",
          "keywords": { "en": [], "ar": []},
          "children": []
        },
        {
          "name": {
            "en": "Ride On Animal Toy"
          },
          "description": {},
          "slug": "ride-on-animal-toy",
          "keywords": { "en": [], "ar": []},
          "children": []
        },
        {
          "name": {
            "en": "Stuffed & Plush Toy Animal"
          },
          "description": {},
          "slug": "stuffed-and-plush-toy-animal",
          "keywords": { "en": [], "ar": []},
          "children": []
        }
      ]
    },
    {
      "name": {
        "en": "Toy Guns"
      },
      "description": {},
      "slug": "toy-guns",
      "keywords": { "en": [], "ar": []},
      "children": []
    },
    {
      "name": {
        "en": "Toy Parts"
      },
      "description": {},
      "slug": "toy-parts",
      "keywords": { "en": [], "ar": []},
      "children": []
    },
    {
      "name": {
        "en": "Toy Robots"
      },
      "description": {},
      "slug": "toy-robots",
      "keywords": { "en": [], "ar": []},
      "children": []
    },
    {
      "name": {
        "en": "Toy Vehicle"
      },
      "description": {},
      "slug": "toy-vehicle",
      "keywords": { "en": [], "ar": []},
      "children": [
        {
          "name": {
            "en": "Diecast Toys"
          },
          "description": {},
          "slug": "diecast-toys",
          "keywords": { "en": [], "ar": []},
          "children": []
        },
        {
          "name": {
            "en": "Friction Toy Vehicle"
          },
          "description": {},
          "slug": "friction-toy-vehicle",
          "keywords": { "en": [], "ar": []},
          "children": []
        },
        {
          "name": {
            "en": "Other Toy Vehicle (new)"
          },
          "description": {},
          "slug": "other-toy-vehicle-new",
          "keywords": { "en": [], "ar": []},
          "children": []
        },
        {
          "name": {
            "en": "Radio Control Toys (new)"
          },
          "description": {},
          "slug": "radio-control-toys-new",
          "keywords": { "en": [], "ar": []},
          "children": []
        },
        {
          "name": {
            "en": "Ride On Car"
          },
          "description": {},
          "slug": "ride-on-car",
          "keywords": { "en": [], "ar": []},
          "children": []
        },
        {
          "name": {
            "en": "Slot Toys"
          },
          "description": {},
          "slug": "slot-toys",
          "keywords": { "en": [], "ar": []},
          "children": []
        }
      ]
    },
    {
      "name": {
        "en": "Wind Up Toys"
      },
      "description": {},
      "slug": "wind-up-toys",
      "keywords": { "en": [], "ar": []},
      "children": []
    }
  ]
}
